event_id,session_id,user_id,event_ts,event_name,page_url,product_id
E0006072,S001540,U0215,2025-03-16T10:52:43Z,page_view,/category/electronics,
E0006073,S001540,U0215,2025-03-16T11:20:14Z,page_view,/help,
E0008195,S002082,U0058,2025-03-27T16:01:23Z,page_view,/category/shoes,
E0008196,S002082,U0058,2025-03-27T16:01:42Z,page_view,/category/shoes,
E0008197,S002082,U0058,2025-03-27T16:02:45Z,page_view,/search,
E0008198,S002082,U0058,2025-03-27T16:05:02Z,view_item,/product/p0476,P0476
E0008199,S002082,U0058,2025-03-27T16:05:20Z,add_to_cart,/product/p0476,P0476
E0008200,S002082,U0058,2025-03-27T16:07:43Z,begin_checkout,/checkout,P0476
E0008201,S002082,U0058,2025-03-27T16:09:20Z,purchase,/thank-you,P0476
E0000065,S000017,U0024,2025-03-28T13:11:21Z,page_view,/category/home,
E0000066,S000017,U0024,2025-03-28T13:13:24Z,view_item,/product/p0364,P0364
E0000069,S000017,U0024,2025-03-28T13:14:29Z,page_view,/search,
E0000068,S000017,U0024,2025-03-28T13:27:54Z,page_view,/category/shoes,
E0000067,S000017,U0024,2025-03-28T13:28:42Z,page_view,/cart,
E0007584,S001928,U0024,2025-04-03T18:41:29Z,page_view,/search,
E0007585,S001928,U0024,2025-04-03T18:41:43Z,page_view,/search,
E0007586,S001928,U0024,2025-04-03T18:42:47Z,view_item,/product/p0335,P0335
E0007587,S001928,U0024,2025-04-03T18:44:33Z,add_to_cart,/product/p0335,P0335
E0007588,S001928,U0024,2025-04-03T18:45:33Z,begin_checkout,/checkout,P0335
E0007589,S001928,U0024,2025-04-03T18:46:41Z,purchase,/thank-you,P0335
E0007590,S001928,U0024,2025-04-03T19:02:52Z,page_view,/category/shoes,
E0002191,S000566,U0173,2025-04-08T22:09:00Z,page_view,/,
E0002192,S000566,U0173,2025-04-08T22:11:40Z,view_item,/product/p0288,P0288
E0002194,S000566,U0173,2025-04-08T22:18:22Z,page_view,/category/shoes,
E0002193,S000566,U0173,2025-04-08T22:33:25Z,page_view,/help,
E0009610,S002442,U0074,2025-04-11T15:07:39Z,page_view,/,
E0009611,S002442,U0074,2025-04-11T15:07:50Z,page_view,/,
E0009612,S002442,U0074,2025-04-11T15:08:40Z,page_view,/search,
E0009613,S002442,U0074,2025-04-11T15:09:55Z,view_item,/product/p0071,P0071
E0009617,S002442,U0074,2025-04-11T15:11:05Z,page_view,/,
E0009615,S002442,U0074,2025-04-11T15:11:32Z,page_view,/help,
E0009614,S002442,U0074,2025-04-11T15:12:01Z,add_to_cart,/product/p0071,P0071
E0009616,S002442,U0074,2025-04-11T15:36:31Z,page_view,/category/electronics,
E0004405,S001124,U0075,2025-04-15T04:19:35Z,page_view,/category/electronics,
E0004406,S001124,U0075,2025-04-15T04:19:55Z,page_view,/category/electronics,
E0001338,S000348,U0215,2025-04-15T13:10:14Z,page_view,/category/electronics,
E0001339,S000348,U0215,2025-04-15T13:17:55Z,page_view,/category/shoes,
E0001340,S000348,U0215,2025-04-15T13:29:58Z,page_view,/help,
E0002288,S000593,U0222,2025-04-18T15:44:52Z,page_view,/category/shoes,
E0002289,S000593,U0222,2025-04-18T15:45:24Z,page_view,/search,
E0002290,S000593,U0222,2025-04-18T15:45:36Z,view_item,/product/p0485,P0485
E0005327,S001352,U0165,2025-04-18T15:46:23Z,page_view,/category/home,
E0005328,S001352,U0165,2025-04-18T15:49:11Z,view_item,/product/p0301,P0301
E0005329,S001352,U0165,2025-04-18T15:51:30Z,page_view,/category/electronics,
E0002291,S000593,U0222,2025-04-18T15:55:01Z,page_view,/category/beauty,
E0001107,S000286,U0037,2025-04-20T19:53:09Z,page_view,/category/home,
E0001108,S000286,U0037,2025-04-20T19:53:34Z,page_view,/category/home,
E0001109,S000286,U0037,2025-04-20T19:54:58Z,page_view,/search,
E0001110,S000286,U0037,2025-04-20T19:56:07Z,view_item,/product/p0458,P0458
E0008641,S002190,U0222,2025-04-23T06:19:19Z,page_view,/,
E0008642,S002190,U0222,2025-04-23T06:21:09Z,view_item,/product/p0001,P0001
E0008644,S002190,U0222,2025-04-23T06:23:29Z,page_view,/category/home,
E0008645,S002190,U0222,2025-04-23T06:30:11Z,page_view,/category/home,
E0008643,S002190,U0222,2025-04-23T06:35:33Z,page_view,/help,
E0000859,S000222,U0189,2025-04-24T03:08:09Z,page_view,/category/home,
E0009648,S002453,U0156,2025-04-27T23:01:36Z,page_view,/category/shoes,
E0009649,S002453,U0156,2025-04-27T23:01:58Z,page_view,/category/shoes,
E0009651,S002453,U0156,2025-04-27T23:04:29Z,page_view,/help,
E0009650,S002453,U0156,2025-04-27T23:18:00Z,page_view,/category/electronics,
E0004632,S001175,U0215,2025-04-29T06:17:09Z,page_view,/category/home,
E0004633,S001175,U0215,2025-04-29T06:17:14Z,page_view,/category/home,
E0004634,S001175,U0215,2025-04-29T06:18:30Z,page_view,/search,
E0004635,S001175,U0215,2025-04-29T06:20:25Z,view_item,/product/p0219,P0219
E0004637,S001175,U0215,2025-04-29T06:21:43Z,page_view,/pricing,
E0004636,S001175,U0215,2025-04-29T06:34:51Z,page_view,/pricing,
E0004435,S001132,U0017,2025-05-01T20:06:55Z,page_view,/,
E0004438,S001132,U0017,2025-05-01T20:09:17Z,page_view,/category/beauty,
E0004436,S001132,U0017,2025-05-01T20:09:51Z,view_item,/product/p0363,P0363
E0004439,S001132,U0017,2025-05-01T20:10:21Z,page_view,/pricing,
E0004437,S001132,U0017,2025-05-01T20:11:39Z,page_view,/category/home,
E0003339,S000853,U0173,2025-05-08T02:49:36Z,page_view,/category/shoes,
E0003340,S000853,U0173,2025-05-08T02:52:14Z,view_item,/product/p0279,P0279
E0003341,S000853,U0173,2025-05-08T02:53:06Z,add_to_cart,/product/p0279,P0279
E0009568,S002430,U0049,2025-05-08T19:01:49Z,page_view,/category/home,
E0009569,S002430,U0049,2025-05-08T19:02:02Z,page_view,/category/home,
E0009570,S002430,U0049,2025-05-08T19:17:28Z,page_view,/category/shoes,
E0000352,S000088,U0225,2025-05-12T16:02:07Z,page_view,/,
E0000353,S000088,U0225,2025-05-12T16:02:14Z,page_view,/,
E0000354,S000088,U0225,2025-05-12T16:03:37Z,page_view,/search,
E0000355,S000088,U0225,2025-05-12T16:04:31Z,view_item,/product/p0273,P0273
E0000356,S000088,U0225,2025-05-12T16:07:24Z,add_to_cart,/product/p0273,P0273
E0000357,S000088,U0225,2025-05-12T16:09:04Z,begin_checkout,/checkout,P0273
E0000358,S000088,U0225,2025-05-12T16:10:44Z,page_view,/category/beauty,
E0007320,S001860,U0125,2025-05-12T20:32:45Z,page_view,/category/home,
E0007321,S001860,U0125,2025-05-12T20:35:21Z,page_view,/category/electronics,
E0007376,S001873,U0215,2025-05-13T00:52:58Z,page_view,/category/home,
E0007377,S001873,U0215,2025-05-13T00:53:16Z,page_view,/category/home,
E0007378,S001873,U0215,2025-05-13T00:53:49Z,page_view,/search,
E0007379,S001873,U0215,2025-05-13T00:55:58Z,view_item,/product/p0050,P0050
E0007382,S001873,U0215,2025-05-13T00:56:49Z,page_view,/category/shoes,
E0007381,S001873,U0215,2025-05-13T00:58:24Z,page_view,/category/shoes,
E0007380,S001873,U0215,2025-05-13T01:05:17Z,page_view,/category/beauty,
E0000314,S000077,U0058,2025-05-14T19:43:52Z,page_view,/,
E0000315,S000077,U0058,2025-05-14T19:44:02Z,page_view,/,
E0000316,S000077,U0058,2025-05-14T19:45:23Z,page_view,/search,
E0000317,S000077,U0058,2025-05-14T19:46:49Z,view_item,/product/p0359,P0359
E0000318,S000077,U0058,2025-05-14T19:46:55Z,page_view,/category/home,
E0000319,S000077,U0058,2025-05-14T20:02:27Z,page_view,/search,
E0000320,S000077,U0058,2025-05-14T20:04:42Z,page_view,/category/home,
E0000448,S000112,U0158,2025-05-15T14:08:24Z,page_view,/category/shoes,
E0000449,S000112,U0158,2025-05-15T14:09:18Z,page_view,/search,
E0000450,S000112,U0158,2025-05-15T14:10:37Z,view_item,/product/p0027,P0027
E0000451,S000112,U0158,2025-05-15T14:12:16Z,add_to_cart,/product/p0027,P0027
E0000452,S000112,U0158,2025-05-15T14:20:01Z,page_view,/,
E0005181,S001321,U0014,2025-05-19T12:57:47Z,page_view,/category/electronics,
E0005182,S001321,U0014,2025-05-19T13:17:20Z,page_view,/search,
E0005003,S001271,U0151,2025-05-20T01:30:50Z,page_view,/category/shoes,
E0005004,S001271,U0151,2025-05-20T01:35:10Z,page_view,/pricing,
E0006758,S001715,U0187,2025-05-21T17:45:02Z,page_view,/category/home,
E0006759,S001715,U0187,2025-05-21T17:47:29Z,page_view,/search,
E0006760,S001715,U0187,2025-05-21T17:48:33Z,page_view,/category/electronics,
E0002993,S000761,U0017,2025-05-22T23:34:31Z,page_view,/search,
E0002994,S000761,U0017,2025-05-22T23:34:47Z,page_view,/search,
E0002995,S000761,U0017,2025-05-22T23:35:57Z,page_view,/search,
E0002996,S000761,U0017,2025-05-22T23:38:05Z,view_item,/product/p0211,P0211
E0002997,S000761,U0017,2025-05-22T23:41:04Z,add_to_cart,/product/p0211,P0211
E0003000,S000761,U0017,2025-05-22T23:43:43Z,page_view,/search,
E0002998,S000761,U0017,2025-05-22T23:44:01Z,begin_checkout,/checkout,P0211
E0002999,S000761,U0017,2025-05-22T23:44:56Z,purchase,/thank-you,P0211
E0008219,S002086,U0003,2025-05-23T04:03:57Z,page_view,/category/beauty,
E0003522,S000897,U0017,2025-05-25T13:15:35Z,page_view,/search,
E0003523,S000897,U0017,2025-05-25T13:17:14Z,page_view,/search,
E0003524,S000897,U0017,2025-05-25T13:19:18Z,view_item,/product/p0197,P0197
E0003525,S000897,U0017,2025-05-25T13:23:55Z,page_view,/,
E0003526,S000897,U0017,2025-05-25T13:30:47Z,page_view,/category/electronics,
E0003527,S000897,U0017,2025-05-25T13:31:40Z,page_view,/search,
E0007723,S001962,U0222,2025-05-27T02:44:40Z,page_view,/category/beauty,
E0007725,S001962,U0222,2025-05-27T02:46:59Z,page_view,/category/electronics,
E0007724,S001962,U0222,2025-05-27T02:48:43Z,page_view,/category/home,
E0009386,S002386,U0089,2025-05-29T16:57:16Z,page_view,/search,
E0009387,S002386,U0089,2025-05-29T16:57:37Z,page_view,/search,
E0009388,S002386,U0089,2025-05-29T16:58:59Z,page_view,/search,
E0009389,S002386,U0089,2025-05-29T16:59:16Z,view_item,/product/p0389,P0389
E0009390,S002386,U0089,2025-05-29T16:59:43Z,add_to_cart,/product/p0389,P0389
E0009391,S002386,U0089,2025-05-29T17:02:59Z,begin_checkout,/checkout,P0389
E0009392,S002386,U0089,2025-05-29T17:04:54Z,purchase,/thank-you,P0389
E0009393,S002386,U0089,2025-05-29T17:07:54Z,page_view,/category/home,
E0009395,S002386,U0089,2025-05-29T17:07:55Z,page_view,/category/shoes,
E0009394,S002386,U0089,2025-05-29T17:22:05Z,page_view,/category/shoes,
E0001380,S000360,U0230,2025-05-30T21:46:51Z,page_view,/category/home,
E0006301,S001597,U0003,2025-05-31T22:05:27Z,page_view,/,
E0006302,S001597,U0003,2025-05-31T22:05:33Z,page_view,/,
E0006303,S001597,U0003,2025-05-31T22:07:18Z,page_view,/search,
E0006304,S001597,U0003,2025-05-31T22:08:44Z,view_item,/product/p0222,P0222
E0006305,S001597,U0003,2025-05-31T22:09:31Z,add_to_cart,/product/p0222,P0222
E0001833,S000472,U0117,2025-06-02T06:59:44Z,page_view,/category/home,
E0001834,S000472,U0117,2025-06-02T06:59:50Z,page_view,/category/home,
E0001841,S000472,U0117,2025-06-02T07:00:50Z,page_view,/pricing,
E0001840,S000472,U0117,2025-06-02T07:02:08Z,page_view,/help,
E0001839,S000472,U0117,2025-06-02T07:02:33Z,page_view,/category/home,
E0001835,S000472,U0117,2025-06-02T07:02:38Z,view_item,/product/p0391,P0391
E0001838,S000472,U0117,2025-06-02T07:02:57Z,purchase,/thank-you,P0391
E0001836,S000472,U0117,2025-06-02T07:03:13Z,add_to_cart,/product/p0391,P0391
E0001837,S000472,U0117,2025-06-02T07:04:25Z,begin_checkout,/checkout,P0391
E0007383,S001874,U0026,2025-06-02T22:12:25Z,page_view,/category/electronics,
E0007384,S001874,U0026,2025-06-02T22:13:45Z,view_item,/product/p0052,P0052
E0007385,S001874,U0026,2025-06-02T22:14:20Z,add_to_cart,/product/p0052,P0052
E0007386,S001874,U0026,2025-06-02T22:17:23Z,begin_checkout,/checkout,P0052
E0007387,S001874,U0026,2025-06-02T22:18:27Z,purchase,/thank-you,P0052
E0007474,S001897,U0203,2025-06-03T09:23:58Z,page_view,/category/electronics,
E0007475,S001897,U0203,2025-06-03T09:26:24Z,view_item,/product/p0210,P0210
E0008145,S002073,U0062,2025-06-05T12:59:54Z,page_view,/category/electronics,
E0008148,S002073,U0062,2025-06-05T13:02:44Z,page_view,/category/home,
E0008146,S002073,U0062,2025-06-05T13:03:25Z,view_item,/product/p0116,P0116
E0008150,S002073,U0062,2025-06-05T13:04:12Z,page_view,/help,
E0008147,S002073,U0062,2025-06-05T13:04:51Z,add_to_cart,/product/p0116,P0116
E0008149,S002073,U0062,2025-06-05T13:05:47Z,page_view,/category/electronics,
E0005001,S001269,U0007,2025-06-06T01:30:45Z,page_view,/category/shoes,
E0007388,S001875,U0226,2025-06-06T04:12:22Z,page_view,/category/beauty,
E0007390,S001875,U0226,2025-06-06T04:21:11Z,page_view,/pricing,
E0007391,S001875,U0226,2025-06-06T04:40:57Z,page_view,/category/shoes,
E0007389,S001875,U0226,2025-06-06T04:48:36Z,page_view,/cart,
E0004895,S001245,U0239,2025-06-07T12:43:12Z,page_view,/search,
E0004896,S001245,U0239,2025-06-07T12:43:59Z,page_view,/search,
E0004897,S001245,U0239,2025-06-07T12:46:34Z,view_item,/product/p0005,P0005
E0004898,S001245,U0239,2025-06-07T12:58:43Z,page_view,/category/shoes,
E0004899,S001245,U0239,2025-06-07T13:10:47Z,page_view,/category/home,
E0002480,S000637,U0074,2025-06-08T16:12:11Z,page_view,/category/shoes,
E0002482,S000637,U0074,2025-06-08T16:13:57Z,page_view,/help,
E0002481,S000637,U0074,2025-06-08T16:15:11Z,page_view,/help,
E0002483,S000637,U0074,2025-06-08T16:24:35Z,page_view,/cart,
E0001936,S000499,U0157,2025-06-10T06:13:03Z,page_view,/category/shoes,
E0010024,S002555,U0021,2025-06-10T15:52:03Z,page_view,/category/shoes,
E0010025,S002555,U0021,2025-06-10T15:53:38Z,view_item,/product/p0351,P0351
E0010028,S002555,U0021,2025-06-10T15:54:42Z,page_view,/category/beauty,
E0010027,S002555,U0021,2025-06-10T15:56:11Z,page_view,/,
E0010026,S002555,U0021,2025-06-10T15:59:05Z,page_view,/pricing,
E0002846,S000726,U0014,2025-06-11T21:23:52Z,page_view,/category/electronics,
E0002847,S000726,U0014,2025-06-11T21:24:08Z,page_view,/category/electronics,
E0002848,S000726,U0014,2025-06-11T21:25:16Z,page_view,/search,
E0002849,S000726,U0014,2025-06-11T21:25:23Z,view_item,/product/p0054,P0054
E0002850,S000726,U0014,2025-06-11T21:26:58Z,add_to_cart,/product/p0054,P0054
E0002852,S000726,U0014,2025-06-11T21:51:16Z,page_view,/search,
E0002851,S000726,U0014,2025-06-11T22:00:50Z,page_view,/category/beauty,
E0003258,S000830,U0223,2025-06-12T03:03:17Z,page_view,/category/electronics,
E0006460,S001635,U0077,2025-06-12T14:43:43Z,page_view,/,
E0006461,S001635,U0077,2025-06-12T14:44:03Z,page_view,/,
E0006462,S001635,U0077,2025-06-12T14:45:18Z,page_view,/search,
E0006463,S001635,U0077,2025-06-12T14:45:28Z,view_item,/product/p0456,P0456
E0006464,S001635,U0077,2025-06-12T14:56:03Z,page_view,/search,
E0006673,S001694,U0101,2025-06-13T01:49:58Z,page_view,/category/home,
E0006674,S001694,U0101,2025-06-13T01:50:22Z,page_view,/category/home,
E0006675,S001694,U0101,2025-06-13T02:00:33Z,page_view,/category/beauty,
E0002251,S000584,U0003,2025-06-14T09:32:54Z,page_view,/category/beauty,
E0002252,S000584,U0003,2025-06-14T09:33:03Z,page_view,/category/beauty,
E0002253,S000584,U0003,2025-06-14T09:39:42Z,page_view,/pricing,
E0004013,S001024,U0136,2025-06-14T21:02:31Z,page_view,/category/electronics,
E0004014,S001024,U0136,2025-06-14T21:02:45Z,page_view,/category/electronics,
E0004015,S001024,U0136,2025-06-14T21:03:36Z,view_item,/product/p0229,P0229
E0004017,S001024,U0136,2025-06-14T21:07:04Z,page_view,/category/home,
E0004016,S001024,U0136,2025-06-14T21:08:20Z,page_view,/search,
E0005222,S001331,U0235,2025-06-14T23:30:14Z,page_view,/search,
E0005223,S001331,U0235,2025-06-14T23:31:07Z,page_view,/search,
E0005224,S001331,U0235,2025-06-14T23:33:44Z,view_item,/product/p0010,P0010
E0005229,S001331,U0235,2025-06-14T23:35:01Z,page_view,/help,
E0005225,S001331,U0235,2025-06-14T23:35:26Z,add_to_cart,/product/p0010,P0010
E0005230,S001331,U0235,2025-06-14T23:35:35Z,page_view,/category/shoes,
E0005226,S001331,U0235,2025-06-14T23:38:56Z,begin_checkout,/checkout,P0010
E0005227,S001331,U0235,2025-06-14T23:40:30Z,purchase,/thank-you,P0010
E0005228,S001331,U0235,2025-06-14T23:40:33Z,page_view,/category/electronics,
E0008709,S002206,U0125,2025-06-15T08:42:16Z,page_view,/category/electronics,
E0008710,S002206,U0125,2025-06-15T08:42:33Z,page_view,/category/electronics,
E0008713,S002206,U0125,2025-06-15T08:50:04Z,page_view,/cart,
E0008712,S002206,U0125,2025-06-15T08:59:03Z,page_view,/search,
E0008711,S002206,U0125,2025-06-15T09:14:08Z,page_view,/category/shoes,
E0009897,S002520,U0089,2025-06-15T22:57:20Z,page_view,/search,
E0009898,S002520,U0089,2025-06-15T22:57:32Z,page_view,/search,
E0009899,S002520,U0089,2025-06-15T22:59:34Z,page_view,/help,
E0001039,S000266,U0249,2025-06-15T23:16:28Z,page_view,/search,
E0001040,S000266,U0249,2025-06-15T23:16:45Z,page_view,/search,
E0001043,S000266,U0249,2025-06-15T23:18:23Z,page_view,/,
E0001042,S000266,U0249,2025-06-15T23:18:25Z,page_view,/pricing,
E0001041,S000266,U0249,2025-06-15T23:33:04Z,page_view,/category/beauty,
E0009874,S002513,U0158,2025-06-16T04:57:27Z,page_view,/category/home,
E0009875,S002513,U0158,2025-06-16T04:58:17Z,page_view,/category/electronics,
E0005451,S001382,U0046,2025-06-16T05:05:57Z,page_view,/category/beauty,
E0009876,S002513,U0158,2025-06-16T05:06:22Z,page_view,/category/electronics,
E0005452,S001382,U0046,2025-06-16T05:14:40Z,page_view,/cart,
E0003113,S000791,U0101,2025-06-17T02:14:53Z,page_view,/,
E0009652,S002454,U0117,2025-06-17T10:24:20Z,page_view,/category/electronics,
E0009653,S002454,U0117,2025-06-17T10:25:00Z,view_item,/product/p0056,P0056
E0009654,S002454,U0117,2025-06-17T10:48:24Z,page_view,/category/home,
E0006839,S001737,U0045,2025-06-18T07:04:58Z,page_view,/category/shoes,
E0006841,S001737,U0045,2025-06-18T07:09:04Z,page_view,/help,
E0006840,S001737,U0045,2025-06-18T07:11:04Z,page_view,/category/home,
E0006842,S001737,U0045,2025-06-18T07:22:15Z,page_view,/help,
E0005416,S001374,U0138,2025-06-18T23:26:46Z,page_view,/category/electronics,
E0005417,S001374,U0138,2025-06-18T23:26:55Z,page_view,/category/electronics,
E0005421,S001374,U0138,2025-06-18T23:27:49Z,page_view,/search,
E0005422,S001374,U0138,2025-06-18T23:27:56Z,page_view,/,
E0005418,S001374,U0138,2025-06-18T23:28:06Z,page_view,/search,
E0005420,S001374,U0138,2025-06-18T23:28:15Z,page_view,/pricing,
E0005419,S001374,U0138,2025-06-18T23:30:30Z,view_item,/product/p0467,P0467
E0007491,S001904,U0092,2025-06-19T09:12:57Z,page_view,/,
E0007492,S001904,U0092,2025-06-19T09:13:04Z,page_view,/,
E0007493,S001904,U0092,2025-06-19T09:14:44Z,page_view,/search,
E0007498,S001904,U0092,2025-06-19T09:14:50Z,page_view,/help,
E0007494,S001904,U0092,2025-06-19T09:16:35Z,view_item,/product/p0253,P0253
E0007495,S001904,U0092,2025-06-19T09:18:24Z,add_to_cart,/product/p0253,P0253
E0007496,S001904,U0092,2025-06-19T09:21:35Z,begin_checkout,/checkout,P0253
E0007497,S001904,U0092,2025-06-19T09:25:29Z,purchase,/thank-you,P0253
E0004557,S001158,U0081,2025-06-19T13:18:43Z,page_view,/category/beauty,
E0004558,S001158,U0081,2025-06-19T13:21:31Z,view_item,/product/p0025,P0025
E0004559,S001158,U0081,2025-06-19T13:34:12Z,page_view,/category/beauty,
E0004561,S001158,U0081,2025-06-19T13:55:40Z,page_view,/category/electronics,
E0004560,S001158,U0081,2025-06-19T13:58:34Z,page_view,/search,
E0006482,S001642,U0072,2025-06-20T15:08:32Z,page_view,/,
E0006483,S001642,U0072,2025-06-20T15:24:30Z,page_view,/category/shoes,
E0006484,S001642,U0072,2025-06-20T15:38:10Z,page_view,/category/beauty,
E0006485,S001642,U0072,2025-06-20T15:42:45Z,page_view,/,
E0006418,S001622,U0037,2025-06-20T17:12:31Z,page_view,/,
E0005655,S001433,U0040,2025-06-21T01:19:20Z,page_view,/category/beauty,
E0005656,S001433,U0040,2025-06-21T01:19:35Z,page_view,/category/beauty,
E0005756,S001457,U0187,2025-06-21T05:54:54Z,page_view,/category/beauty,
E0005757,S001457,U0187,2025-06-21T05:55:11Z,page_view,/category/beauty,
E0005758,S001457,U0187,2025-06-21T06:05:02Z,page_view,/,
E0005760,S001457,U0187,2025-06-21T06:09:24Z,page_view,/category/shoes,
E0005759,S001457,U0187,2025-06-21T06:11:22Z,page_view,/,
E0001850,S000475,U0092,2025-06-22T03:51:06Z,page_view,/,
E0001851,S000475,U0092,2025-06-22T03:51:18Z,page_view,/,
E0001852,S000475,U0092,2025-06-22T03:53:03Z,view_item,/product/p0095,P0095
E0001855,S000475,U0092,2025-06-22T04:09:36Z,page_view,/category/shoes,
E0001854,S000475,U0092,2025-06-22T04:12:01Z,page_view,/search,
E0001853,S000475,U0092,2025-06-22T04:14:40Z,page_view,/category/home,
E0007301,S001856,U0204,2025-06-24T21:59:05Z,page_view,/category/electronics,
E0007302,S001856,U0204,2025-06-24T21:59:23Z,page_view,/category/electronics,
E0007306,S001856,U0204,2025-06-24T22:00:20Z,page_view,/,
E0007303,S001856,U0204,2025-06-24T22:01:55Z,view_item,/product/p0132,P0132
E0007305,S001856,U0204,2025-06-24T22:05:19Z,page_view,/search,
E0007304,S001856,U0204,2025-06-24T22:13:15Z,page_view,/,
E0008755,S002219,U0249,2025-06-26T06:39:14Z,page_view,/category/home,
E0008756,S002219,U0249,2025-06-26T06:39:20Z,page_view,/category/home,
E0008757,S002219,U0249,2025-06-26T06:43:24Z,page_view,/category/beauty,
E0000528,S000135,U0239,2025-06-28T02:52:28Z,page_view,/search,
E0000529,S000135,U0239,2025-06-28T02:52:35Z,page_view,/search,
E0000530,S000135,U0239,2025-06-28T02:55:01Z,view_item,/product/p0246,P0246
E0000531,S000135,U0239,2025-06-28T02:55:55Z,page_view,/,
E0000532,S000135,U0239,2025-06-28T02:57:11Z,page_view,/help,
E0006929,S001757,U0092,2025-06-28T22:32:08Z,page_view,/category/electronics,
E0006930,S001757,U0092,2025-06-28T22:41:34Z,page_view,/category/beauty,
E0006932,S001757,U0092,2025-06-28T22:47:45Z,page_view,/category/home,
E0006931,S001757,U0092,2025-06-28T22:50:45Z,page_view,/category/home,
E0002492,S000639,U0084,2025-06-29T19:14:46Z,page_view,/search,
E0002493,S000639,U0084,2025-06-29T19:27:12Z,page_view,/search,
E0002494,S000639,U0084,2025-06-29T19:28:44Z,page_view,/,
E0002815,S000720,U0180,2025-06-29T20:15:44Z,page_view,/,
E0002816,S000720,U0180,2025-06-29T20:16:02Z,page_view,/,
E0002817,S000720,U0180,2025-06-29T20:26:52Z,page_view,/category/shoes,
E0001971,S000510,U0010,2025-06-29T21:25:45Z,page_view,/,
E0001972,S000510,U0010,2025-06-29T21:26:07Z,page_view,/search,
E0001973,S000510,U0010,2025-06-29T21:29:01Z,view_item,/product/p0152,P0152
E0001974,S000510,U0010,2025-06-29T21:33:30Z,page_view,/search,
E0001976,S000510,U0010,2025-06-29T21:35:50Z,page_view,/,
E0001975,S000510,U0010,2025-06-29T21:35:55Z,page_view,/pricing,
E0005113,S001303,U0244,2025-06-30T01:54:07Z,page_view,/,
E0005114,S001303,U0244,2025-06-30T01:55:34Z,page_view,/search,
E0005115,S001303,U0244,2025-06-30T01:56:37Z,view_item,/product/p0099,P0099
E0005119,S001303,U0244,2025-06-30T01:56:53Z,page_view,/category/beauty,
E0005116,S001303,U0244,2025-06-30T01:58:24Z,add_to_cart,/product/p0099,P0099
E0005117,S001303,U0244,2025-06-30T02:00:40Z,begin_checkout,/checkout,P0099
E0005118,S001303,U0244,2025-06-30T02:03:57Z,purchase,/thank-you,P0099
E0005065,S001290,U0215,2025-06-30T10:32:35Z,page_view,/,
E0005067,S001290,U0215,2025-06-30T11:04:25Z,page_view,/pricing,
E0005066,S001290,U0215,2025-06-30T11:08:10Z,page_view,/help,
E0000262,S000066,U0215,2025-06-30T11:57:44Z,page_view,/search,
E0000263,S000066,U0215,2025-06-30T12:01:23Z,view_item,/product/p0383,P0383
E0000264,S000066,U0215,2025-06-30T12:02:54Z,add_to_cart,/product/p0383,P0383
E0000265,S000066,U0215,2025-06-30T12:06:05Z,begin_checkout,/checkout,P0383
E0000266,S000066,U0215,2025-06-30T12:08:27Z,purchase,/thank-you,P0383
E0000267,S000066,U0215,2025-06-30T12:15:11Z,page_view,/search,
E0006242,S001586,U0239,2025-06-30T16:56:09Z,page_view,/category/home,
E0006243,S001586,U0239,2025-06-30T16:56:18Z,page_view,/category/home,
E0006245,S001586,U0239,2025-06-30T16:57:04Z,view_item,/product/p0412,P0412
E0006246,S001586,U0239,2025-06-30T16:57:11Z,page_view,/pricing,
E0006244,S001586,U0239,2025-06-30T16:57:38Z,page_view,/search,
E0002115,S000546,U0197,2025-07-01T06:34:33Z,page_view,/,
E0002116,S000546,U0197,2025-07-01T06:34:46Z,page_view,/,
E0002118,S000546,U0197,2025-07-01T06:49:09Z,page_view,/pricing,
E0002117,S000546,U0197,2025-07-01T07:07:00Z,page_view,/cart,
E0007836,S001991,U0064,2025-07-02T01:57:53Z,page_view,/search,
E0007837,S001991,U0064,2025-07-02T02:01:00Z,page_view,/category/beauty,
E0000041,S000011,U0223,2025-07-03T21:06:15Z,page_view,/category/shoes,
E0000042,S000011,U0223,2025-07-03T21:06:34Z,page_view,/category/shoes,
E0008636,S002189,U0240,2025-07-04T08:23:41Z,page_view,/,
E0008637,S002189,U0240,2025-07-04T08:23:56Z,page_view,/,
E0008640,S002189,U0240,2025-07-04T08:24:15Z,page_view,/category/beauty,
E0008638,S002189,U0240,2025-07-04T08:29:14Z,page_view,/,
E0008639,S002189,U0240,2025-07-04T08:29:56Z,page_view,/,
E0002600,S000670,U0195,2025-07-04T09:06:27Z,page_view,/category/shoes,
E0002601,S000670,U0195,2025-07-04T09:07:33Z,page_view,/search,
E0002602,S000670,U0195,2025-07-04T09:11:52Z,page_view,/category/electronics,
E0002603,S000670,U0195,2025-07-04T09:20:13Z,page_view,/,
E0008340,S002113,U0032,2025-07-04T23:26:04Z,page_view,/,
E0008341,S002113,U0032,2025-07-04T23:26:10Z,page_view,/,
E0008343,S002113,U0032,2025-07-04T23:27:43Z,page_view,/category/home,
E0008342,S002113,U0032,2025-07-04T23:27:58Z,view_item,/product/p0466,P0466
E0004651,S001179,U0211,2025-07-06T18:29:48Z,page_view,/category/shoes,
E0004652,S001179,U0211,2025-07-06T18:30:08Z,page_view,/category/shoes,
E0004655,S001179,U0211,2025-07-06T18:39:13Z,page_view,/help,
E0004653,S001179,U0211,2025-07-06T18:41:17Z,page_view,/category/beauty,
E0004654,S001179,U0211,2025-07-06T18:58:29Z,page_view,/pricing,
E0006497,S001647,U0117,2025-07-07T16:45:04Z,page_view,/search,
E0006498,S001647,U0117,2025-07-07T16:45:29Z,page_view,/search,
E0006499,S001647,U0117,2025-07-07T16:47:15Z,view_item,/product/p0314,P0314
E0006500,S001647,U0117,2025-07-07T16:58:09Z,page_view,/help,
E0004020,S001026,U0157,2025-07-07T18:37:09Z,page_view,/category/electronics,
E0004021,S001026,U0157,2025-07-07T18:40:13Z,view_item,/product/p0274,P0274
E0004022,S001026,U0157,2025-07-07T18:51:02Z,page_view,/category/home,
E0006771,S001718,U0124,2025-07-07T20:40:31Z,page_view,/,
E0006772,S001718,U0124,2025-07-07T20:41:27Z,page_view,/search,
E0006773,S001718,U0124,2025-07-07T20:44:13Z,view_item,/product/p0154,P0154
E0006774,S001718,U0124,2025-07-07T20:46:17Z,page_view,/category/home,
E0006775,S001719,U0207,2025-07-09T13:32:28Z,page_view,/category/shoes,
E0001559,S000402,U0173,2025-07-09T22:06:58Z,page_view,/category/home,
E0001560,S000402,U0173,2025-07-09T22:07:23Z,page_view,/category/home,
E0001994,S000515,U0005,2025-07-10T05:20:08Z,page_view,/,
E0001996,S000515,U0005,2025-07-10T05:23:34Z,page_view,/search,
E0001995,S000515,U0005,2025-07-10T05:29:11Z,page_view,/category/electronics,
E0005336,S001355,U0122,2025-07-10T20:13:47Z,page_view,/category/electronics,
E0005339,S001355,U0122,2025-07-10T20:14:36Z,page_view,/category/electronics,
E0005338,S001355,U0122,2025-07-10T20:14:40Z,view_item,/product/p0016,P0016
E0005337,S001355,U0122,2025-07-10T20:14:58Z,page_view,/search,
E0005340,S001355,U0122,2025-07-10T20:30:40Z,page_view,/category/shoes,
E0005341,S001355,U0122,2025-07-10T20:48:13Z,page_view,/category/shoes,
E0000619,S000157,U0154,2025-07-11T00:19:43Z,page_view,/category/home,
E0000620,S000157,U0154,2025-07-11T00:19:56Z,page_view,/category/home,
E0000622,S000157,U0154,2025-07-11T00:21:04Z,page_view,/search,
E0000623,S000157,U0154,2025-07-11T00:21:07Z,page_view,/category/electronics,
E0000621,S000157,U0154,2025-07-11T00:22:47Z,view_item,/product/p0292,P0292
E0000624,S000157,U0154,2025-07-11T00:25:40Z,page_view,/search,
E0002552,S000655,U0151,2025-07-11T02:28:47Z,page_view,/,
E0002553,S000655,U0151,2025-07-11T02:35:43Z,page_view,/help,
E0001746,S000451,U0014,2025-07-12T07:57:35Z,page_view,/category/beauty,
E0001747,S000451,U0014,2025-07-12T07:58:30Z,view_item,/product/p0311,P0311
E0001750,S000451,U0014,2025-07-12T08:00:57Z,purchase,/thank-you,P0311
E0001748,S000451,U0014,2025-07-12T08:01:23Z,add_to_cart,/product/p0311,P0311
E0001749,S000451,U0014,2025-07-12T08:03:55Z,begin_checkout,/checkout,P0311
E0004038,S001030,U0173,2025-07-12T13:43:45Z,page_view,/category/electronics,
E0004039,S001030,U0173,2025-07-12T13:43:50Z,page_view,/category/electronics,
E0004041,S001030,U0173,2025-07-12T13:44:39Z,page_view,/search,
E0004040,S001030,U0173,2025-07-12T13:45:30Z,page_view,/,
E0008315,S002109,U0221,2025-07-13T00:20:51Z,page_view,/category/electronics,
E0008317,S002109,U0221,2025-07-13T00:21:58Z,page_view,/pricing,
E0008316,S002109,U0221,2025-07-13T00:22:50Z,view_item,/product/p0342,P0342
E0008319,S002109,U0221,2025-07-13T00:28:19Z,page_view,/category/shoes,
E0008318,S002109,U0221,2025-07-13T00:29:41Z,page_view,/,
E0000504,S000128,U0137,2025-07-13T01:40:05Z,page_view,/category/shoes,
E0000505,S000128,U0137,2025-07-13T01:40:15Z,page_view,/category/shoes,
E0000506,S000128,U0137,2025-07-13T01:44:04Z,view_item,/product/p0009,P0009
E0002916,S000740,U0003,2025-07-13T11:10:48Z,page_view,/search,
E0004783,S001213,U0032,2025-07-15T02:21:06Z,page_view,/,
E0000681,S000172,U0244,2025-07-15T14:53:52Z,page_view,/category/shoes,
E0000683,S000172,U0244,2025-07-15T14:55:26Z,view_item,/product/p0486,P0486
E0000682,S000172,U0244,2025-07-15T14:55:33Z,page_view,/search,
E0004656,S001180,U0062,2025-07-16T05:01:34Z,page_view,/category/home,
E0004657,S001180,U0062,2025-07-16T05:11:26Z,page_view,/pricing,
E0007525,S001912,U0006,2025-07-16T10:45:46Z,page_view,/,
E0009712,S002471,U0046,2025-07-16T17:38:15Z,page_view,/category/shoes,
E0009713,S002471,U0046,2025-07-16T17:40:10Z,page_view,/search,
E0009714,S002471,U0046,2025-07-16T17:40:49Z,view_item,/product/p0459,P0459
E0009715,S002471,U0046,2025-07-16T17:41:49Z,add_to_cart,/product/p0459,P0459
E0009716,S002471,U0046,2025-07-16T17:45:18Z,begin_checkout,/checkout,P0459
E0009717,S002471,U0046,2025-07-16T17:47:55Z,purchase,/thank-you,P0459
E0009718,S002471,U0046,2025-07-16T18:15:25Z,page_view,/category/shoes,
E0005273,S001341,U0075,2025-07-18T05:23:27Z,page_view,/,
E0005274,S001341,U0075,2025-07-18T05:23:40Z,page_view,/,
E0005275,S001341,U0075,2025-07-18T05:24:26Z,page_view,/search,
E0005276,S001341,U0075,2025-07-18T05:26:54Z,view_item,/product/p0372,P0372
E0005277,S001341,U0075,2025-07-18T05:27:40Z,add_to_cart,/product/p0372,P0372
E0005278,S001341,U0075,2025-07-18T05:31:37Z,page_view,/category/beauty,
E0005280,S001341,U0075,2025-07-18T05:34:23Z,page_view,/cart,
E0005279,S001341,U0075,2025-07-18T05:45:47Z,page_view,/,
E0000230,S000058,U0204,2025-07-18T08:13:15Z,page_view,/category/beauty,
E0000231,S000058,U0204,2025-07-18T08:13:21Z,page_view,/category/beauty,
E0000232,S000058,U0204,2025-07-18T08:15:01Z,page_view,/search,
E0000233,S000058,U0204,2025-07-18T08:16:15Z,view_item,/product/p0408,P0408
E0000236,S000058,U0204,2025-07-18T08:21:38Z,page_view,/category/beauty,
E0000234,S000058,U0204,2025-07-18T08:25:13Z,page_view,/,
E0000235,S000058,U0204,2025-07-18T08:44:12Z,page_view,/category/home,
E0003208,S000816,U0062,2025-07-18T15:37:15Z,page_view,/search,
E0003209,S000816,U0062,2025-07-18T15:40:27Z,view_item,/product/p0146,P0146
E0003210,S000816,U0062,2025-07-18T15:42:23Z,add_to_cart,/product/p0146,P0146
E0003211,S000816,U0062,2025-07-18T15:51:17Z,page_view,/category/beauty,
E0002126,S000550,U0003,2025-07-19T16:09:54Z,page_view,/category/home,
E0002128,S000550,U0003,2025-07-19T16:11:17Z,view_item,/product/p0274,P0274
E0002127,S000550,U0003,2025-07-19T16:11:46Z,page_view,/search,
E0002130,S000550,U0003,2025-07-19T16:12:06Z,page_view,/category/shoes,
E0002129,S000550,U0003,2025-07-19T16:23:26Z,page_view,/search,
E0007151,S001815,U0240,2025-07-21T20:54:16Z,page_view,/category/home,
E0007153,S001815,U0240,2025-07-21T21:01:25Z,page_view,/category/shoes,
E0007152,S001815,U0240,2025-07-21T21:04:29Z,page_view,/search,
E0003259,S000831,U0006,2025-07-21T22:02:16Z,page_view,/category/home,
E0003261,S000831,U0006,2025-07-21T22:08:41Z,page_view,/category/shoes,
E0003260,S000831,U0006,2025-07-21T22:11:44Z,page_view,/category/electronics,
E0003262,S000831,U0006,2025-07-21T22:16:47Z,page_view,/pricing,
E0003556,S000905,U0094,2025-07-21T22:58:34Z,page_view,/category/home,
E0003557,S000905,U0094,2025-07-21T22:59:44Z,view_item,/product/p0094,P0094
E0003558,S000905,U0094,2025-07-21T23:00:10Z,page_view,/category/shoes,
E0009802,S002495,U0019,2025-07-22T14:30:06Z,page_view,/search,
E0009803,S002495,U0019,2025-07-22T14:31:18Z,page_view,/category/shoes,
E0009804,S002495,U0019,2025-07-22T14:31:19Z,page_view,/,
E0000712,S000183,U0222,2025-07-24T00:20:17Z,page_view,/category/electronics,
E0000713,S000183,U0222,2025-07-24T00:21:40Z,page_view,/search,
E0000714,S000183,U0222,2025-07-24T00:23:43Z,view_item,/product/p0445,P0445
E0000716,S000183,U0222,2025-07-24T00:33:01Z,page_view,/pricing,
E0000717,S000183,U0222,2025-07-24T00:33:02Z,page_view,/category/electronics,
E0000715,S000183,U0222,2025-07-24T00:35:01Z,page_view,/search,
E0010061,S002564,U0122,2025-07-24T05:35:32Z,page_view,/category/home,
E0004801,S001220,U0225,2025-07-24T17:28:28Z,page_view,/category/shoes,
E0004802,S001220,U0225,2025-07-24T17:28:49Z,page_view,/category/shoes,
E0004803,S001220,U0225,2025-07-24T17:32:16Z,view_item,/product/p0363,P0363
E0005761,S001458,U0049,2025-07-25T22:58:35Z,page_view,/,
E0005762,S001458,U0049,2025-07-25T23:01:50Z,view_item,/product/p0419,P0419
E0009765,S002483,U0117,2025-07-27T13:56:45Z,page_view,/,
E0009766,S002483,U0117,2025-07-27T13:57:31Z,page_view,/search,
E0009767,S002483,U0117,2025-07-27T13:59:51Z,view_item,/product/p0347,P0347
E0009768,S002483,U0117,2025-07-27T14:05:15Z,page_view,/pricing,
E0009769,S002483,U0117,2025-07-27T14:17:50Z,page_view,/search,
E0009770,S002483,U0117,2025-07-27T14:18:05Z,page_view,/help,
E0001048,S000268,U0138,2025-07-27T20:28:36Z,page_view,/category/beauty,
E0001049,S000268,U0138,2025-07-27T20:28:58Z,page_view,/category/beauty,
E0001050,S000268,U0138,2025-07-27T20:30:22Z,page_view,/search,
E0001051,S000268,U0138,2025-07-27T20:30:29Z,view_item,/product/p0130,P0130
E0001052,S000268,U0138,2025-07-27T20:31:20Z,add_to_cart,/product/p0130,P0130
E0001054,S000268,U0138,2025-07-27T20:32:23Z,page_view,/category/shoes,
E0001053,S000268,U0138,2025-07-27T20:33:50Z,begin_checkout,/checkout,P0130
E0010164,S002588,U0225,2025-07-27T21:08:36Z,page_view,/category/electronics,
E0010165,S002588,U0225,2025-07-27T21:09:19Z,page_view,/help,
E0010167,S002588,U0225,2025-07-27T21:29:10Z,page_view,/,
E0010166,S002588,U0225,2025-07-27T21:37:03Z,page_view,/cart,
E0004225,S001080,U0122,2025-07-28T07:02:56Z,page_view,/search,
E0004226,S001080,U0122,2025-07-28T07:28:09Z,page_view,/,
E0000156,S000037,U0221,2025-07-28T10:52:39Z,page_view,/category/home,
E0000157,S000037,U0221,2025-07-28T10:52:44Z,page_view,/category/home,
E0000159,S000037,U0221,2025-07-28T11:00:24Z,page_view,/category/electronics,
E0000158,S000037,U0221,2025-07-28T11:01:53Z,page_view,/category/electronics,
E0002567,S000660,U0118,2025-07-29T10:28:47Z,page_view,/search,
E0002568,S000660,U0118,2025-07-29T10:45:45Z,page_view,/category/beauty,
E0006382,S001614,U0143,2025-07-29T19:06:35Z,page_view,/,
E0006383,S001614,U0143,2025-07-29T19:06:52Z,page_view,/,
E0006388,S001614,U0143,2025-07-29T19:07:59Z,page_view,/cart,
E0006387,S001614,U0143,2025-07-29T19:08:48Z,purchase,/thank-you,P0390
E0006384,S001614,U0143,2025-07-29T19:09:47Z,view_item,/product/p0390,P0390
E0006385,S001614,U0143,2025-07-29T19:10:27Z,add_to_cart,/product/p0390,P0390
E0009754,S002481,U0080,2025-07-29T19:11:06Z,page_view,/category/electronics,
E0009755,S002481,U0080,2025-07-29T19:12:04Z,page_view,/search,
E0006386,S001614,U0143,2025-07-29T19:13:12Z,begin_checkout,/checkout,P0390
E0009756,S002481,U0080,2025-07-29T19:14:11Z,view_item,/product/p0242,P0242
E0009758,S002481,U0080,2025-07-29T19:16:32Z,page_view,/category/beauty,
E0009757,S002481,U0080,2025-07-29T19:20:06Z,page_view,/search,
E0009759,S002481,U0080,2025-07-29T19:30:46Z,page_view,/,
E0001751,S000452,U0143,2025-07-30T10:43:16Z,page_view,/,
E0001752,S000452,U0143,2025-07-30T10:43:25Z,page_view,/,
E0001753,S000452,U0143,2025-07-30T11:02:57Z,page_view,/pricing,
E0008536,S002162,U0117,2025-07-31T03:28:56Z,page_view,/category/shoes,
E0008537,S002162,U0117,2025-07-31T03:33:03Z,page_view,/cart,
E0008538,S002162,U0117,2025-07-31T03:51:25Z,page_view,/category/shoes,
E0009986,S002546,U0120,2025-07-31T11:36:31Z,page_view,/category/shoes,
E0009987,S002546,U0120,2025-07-31T11:36:51Z,page_view,/category/shoes,
E0009988,S002546,U0120,2025-07-31T11:38:01Z,view_item,/product/p0136,P0136
E0009990,S002546,U0120,2025-07-31T11:42:35Z,page_view,/pricing,
E0009991,S002546,U0120,2025-07-31T11:47:48Z,page_view,/category/home,
E0009989,S002546,U0120,2025-07-31T11:53:52Z,page_view,/category/shoes,
E0001157,S000299,U0084,2025-07-31T16:00:19Z,page_view,/category/shoes,
E0001158,S000299,U0084,2025-07-31T16:04:04Z,page_view,/,
E0001159,S000299,U0084,2025-07-31T16:38:59Z,page_view,/,
E0006747,S001713,U0005,2025-08-01T02:10:55Z,page_view,/,
E0006748,S001713,U0005,2025-08-01T02:11:04Z,page_view,/,
E0006749,S001713,U0005,2025-08-01T02:11:37Z,page_view,/search,
E0006755,S001713,U0005,2025-08-01T02:11:39Z,page_view,/pricing,
E0006754,S001713,U0005,2025-08-01T02:11:55Z,page_view,/category/electronics,
E0006750,S001713,U0005,2025-08-01T02:13:57Z,view_item,/product/p0283,P0283
E0006751,S001713,U0005,2025-08-01T02:14:10Z,add_to_cart,/product/p0283,P0283
E0006752,S001713,U0005,2025-08-01T02:16:25Z,begin_checkout,/checkout,P0283
E0006753,S001713,U0005,2025-08-01T02:18:16Z,purchase,/thank-you,P0283
E0010037,S002559,U0026,2025-08-01T06:58:41Z,page_view,/category/home,
E0010038,S002559,U0026,2025-08-01T06:59:00Z,page_view,/category/home,
E0010039,S002559,U0026,2025-08-01T06:59:09Z,page_view,/search,
E0010040,S002559,U0026,2025-08-01T07:01:53Z,view_item,/product/p0477,P0477
E0010041,S002559,U0026,2025-08-01T07:06:00Z,page_view,/search,
E0010042,S002559,U0026,2025-08-01T07:07:45Z,page_view,/search,
E0010043,S002559,U0026,2025-08-01T07:24:08Z,page_view,/category/beauty,
E0004243,S001086,U0040,2025-08-02T06:25:56Z,page_view,/category/home,
E0004244,S001086,U0040,2025-08-02T06:26:07Z,page_view,/category/home,
E0004245,S001086,U0040,2025-08-02T06:27:15Z,view_item,/product/p0193,P0193
E0004246,S001086,U0040,2025-08-02T06:38:13Z,page_view,/category/electronics,
E0004248,S001086,U0040,2025-08-02T06:45:17Z,page_view,/cart,
E0004247,S001086,U0040,2025-08-02T07:01:12Z,page_view,/cart,
E0000311,S000076,U0058,2025-08-02T16:03:38Z,page_view,/category/beauty,
E0000313,S000076,U0058,2025-08-02T16:11:15Z,page_view,/,
E0000312,S000076,U0058,2025-08-02T16:13:00Z,page_view,/category/home,
E0008737,S002213,U0130,2025-08-02T21:57:09Z,page_view,/,
E0008738,S002213,U0130,2025-08-02T21:58:07Z,page_view,/,
E0008739,S002213,U0130,2025-08-02T21:59:36Z,page_view,/category/electronics,
E0008740,S002213,U0130,2025-08-02T22:13:53Z,page_view,/search,
E0004329,S001107,U0143,2025-08-03T07:08:15Z,page_view,/category/shoes,
E0004330,S001107,U0143,2025-08-03T07:08:35Z,page_view,/category/shoes,
E0004331,S001107,U0143,2025-08-03T07:10:03Z,view_item,/product/p0192,P0192
E0004332,S001107,U0143,2025-08-03T07:12:07Z,page_view,/category/electronics,
E0004334,S001107,U0143,2025-08-03T07:13:36Z,page_view,/category/home,
E0004333,S001107,U0143,2025-08-03T07:14:41Z,page_view,/category/beauty,
E0006017,S001526,U0014,2025-08-03T16:55:02Z,page_view,/category/electronics,
E0006019,S001526,U0014,2025-08-03T16:55:55Z,view_item,/product/p0436,P0436
E0006021,S001526,U0014,2025-08-03T16:56:01Z,page_view,/help,
E0006018,S001526,U0014,2025-08-03T16:56:26Z,page_view,/search,
E0006020,S001526,U0014,2025-08-03T16:57:55Z,page_view,/search,
E0006022,S001526,U0014,2025-08-03T16:58:00Z,page_view,/pricing,
E0000359,S000089,U0008,2025-08-03T22:50:22Z,page_view,/,
E0000360,S000089,U0008,2025-08-03T22:51:33Z,view_item,/product/p0054,P0054
E0000361,S000089,U0008,2025-08-03T22:53:01Z,add_to_cart,/product/p0054,P0054
E0000365,S000089,U0008,2025-08-03T22:54:39Z,page_view,/help,
E0000362,S000089,U0008,2025-08-03T22:56:42Z,begin_checkout,/checkout,P0054
E0000363,S000089,U0008,2025-08-03T22:59:28Z,purchase,/thank-you,P0054
E0000364,S000089,U0008,2025-08-03T23:00:32Z,page_view,/search,
E0009112,S002313,U0239,2025-08-03T23:15:06Z,page_view,/category/shoes,
E0005437,S001379,U0220,2025-08-04T20:42:09Z,page_view,/category/shoes,
E0005438,S001379,U0220,2025-08-04T20:43:02Z,page_view,/search,
E0005439,S001379,U0220,2025-08-04T20:43:28Z,view_item,/product/p0051,P0051
E0008011,S002036,U0154,2025-08-04T20:51:25Z,page_view,/category/electronics,
E0001055,S000269,U0101,2025-08-05T12:36:57Z,page_view,/category/beauty,
E0001056,S000269,U0101,2025-08-05T12:37:17Z,page_view,/search,
E0001057,S000269,U0101,2025-08-05T12:39:09Z,view_item,/product/p0415,P0415
E0004262,S001090,U0151,2025-08-05T15:06:27Z,page_view,/category/beauty,
E0004263,S001090,U0151,2025-08-05T15:06:36Z,page_view,/category/beauty,
E0004264,S001090,U0151,2025-08-05T15:08:17Z,view_item,/product/p0107,P0107
E0004265,S001090,U0151,2025-08-05T15:22:15Z,page_view,/help,
E0004469,S001141,U0199,2025-08-06T02:18:34Z,page_view,/,
E0004470,S001141,U0199,2025-08-06T02:19:03Z,page_view,/search,
E0004471,S001141,U0199,2025-08-06T02:21:38Z,view_item,/product/p0369,P0369
E0004472,S001141,U0199,2025-08-06T02:24:46Z,page_view,/category/home,
E0004473,S001141,U0199,2025-08-06T02:26:27Z,page_view,/,
E0003228,S000821,U0137,2025-08-06T14:39:43Z,page_view,/category/home,
E0003229,S000821,U0137,2025-08-06T14:40:34Z,view_item,/product/p0495,P0495
E0001661,S000431,U0173,2025-08-07T02:43:47Z,page_view,/search,
E0001662,S000431,U0173,2025-08-07T02:44:34Z,page_view,/search,
E0001663,S000431,U0173,2025-08-07T02:46:56Z,view_item,/product/p0117,P0117
E0006638,S001683,U0160,2025-08-07T05:50:11Z,page_view,/category/electronics,
E0006639,S001683,U0160,2025-08-07T05:57:33Z,page_view,/cart,
E0009493,S002414,U0054,2025-08-07T06:32:56Z,page_view,/category/beauty,
E0009495,S002414,U0054,2025-08-07T06:43:15Z,page_view,/category/home,
E0009494,S002414,U0054,2025-08-07T07:10:34Z,page_view,/category/home,
E0006653,S001688,U0125,2025-08-07T16:36:13Z,page_view,/,
E0006654,S001688,U0125,2025-08-07T16:36:23Z,page_view,/,
E0006655,S001688,U0125,2025-08-07T16:37:22Z,view_item,/product/p0396,P0396
E0006656,S001688,U0125,2025-08-07T16:39:30Z,page_view,/,
E0009113,S002314,U0171,2025-08-08T17:24:02Z,page_view,/category/beauty,
E0009114,S002314,U0171,2025-08-08T17:25:01Z,page_view,/search,
E0009115,S002314,U0171,2025-08-08T17:25:21Z,view_item,/product/p0472,P0472
E0000758,S000193,U0223,2025-08-08T18:37:20Z,page_view,/,
E0000759,S000193,U0223,2025-08-08T18:50:47Z,page_view,/category/shoes,
E0000760,S000193,U0223,2025-08-08T18:54:24Z,page_view,/category/electronics,
E0001118,S000289,U0183,2025-08-09T04:20:31Z,page_view,/category/beauty,
E0001119,S000289,U0183,2025-08-09T04:21:26Z,view_item,/product/p0424,P0424
E0001123,S000289,U0183,2025-08-09T04:22:55Z,page_view,/category/beauty,
E0001120,S000289,U0183,2025-08-09T04:24:12Z,add_to_cart,/product/p0424,P0424
E0001121,S000289,U0183,2025-08-09T04:24:31Z,begin_checkout,/checkout,P0424
E0001124,S000289,U0183,2025-08-09T04:29:04Z,page_view,/category/beauty,
E0001122,S000289,U0183,2025-08-09T04:36:34Z,page_view,/category/home,
E0000494,S000125,U0062,2025-08-10T20:32:34Z,page_view,/,
E0000495,S000125,U0062,2025-08-10T20:33:46Z,page_view,/,
E0000496,S000125,U0062,2025-08-10T20:34:21Z,page_view,/category/beauty,
E0003204,S000814,U0075,2025-08-11T19:24:59Z,page_view,/category/shoes,
E0001273,S000331,U0213,2025-08-12T01:58:07Z,page_view,/category/shoes,
E0001274,S000331,U0213,2025-08-12T02:00:02Z,view_item,/product/p0183,P0183
E0001275,S000331,U0213,2025-08-12T02:00:40Z,add_to_cart,/product/p0183,P0183
E0001276,S000331,U0213,2025-08-12T02:27:25Z,page_view,/search,
E0001277,S000331,U0213,2025-08-12T02:29:18Z,page_view,/help,
E0005099,S001300,U0053,2025-08-12T05:36:29Z,page_view,/,
E0009164,S002327,U0234,2025-08-12T12:41:59Z,page_view,/,
E0009165,S002327,U0234,2025-08-12T12:58:22Z,page_view,/help,
E0009166,S002327,U0234,2025-08-12T13:23:34Z,page_view,/category/electronics,
E0007686,S001951,U0192,2025-08-12T16:11:54Z,page_view,/,
E0007687,S001951,U0192,2025-08-12T16:12:08Z,page_view,/,
E0007688,S001951,U0192,2025-08-12T16:13:08Z,page_view,/search,
E0007689,S001951,U0192,2025-08-12T16:13:18Z,view_item,/product/p0183,P0183
E0007690,S001951,U0192,2025-08-12T16:25:56Z,page_view,/help,
E0008610,S002181,U0040,2025-08-12T19:17:10Z,page_view,/category/electronics,
E0008611,S002181,U0040,2025-08-12T19:22:22Z,page_view,/category/home,
E0002061,S000534,U0205,2025-08-12T23:07:46Z,page_view,/category/shoes,
E0002062,S000534,U0205,2025-08-12T23:09:21Z,page_view,/search,
E0002063,S000534,U0205,2025-08-12T23:11:37Z,view_item,/product/p0046,P0046
E0002064,S000534,U0205,2025-08-12T23:52:04Z,page_view,/cart,
E0003370,S000860,U0019,2025-08-13T09:57:49Z,page_view,/category/electronics,
E0003371,S000860,U0019,2025-08-13T09:58:08Z,page_view,/category/electronics,
E0003372,S000860,U0019,2025-08-13T09:59:28Z,view_item,/product/p0219,P0219
E0003373,S000860,U0019,2025-08-13T10:02:16Z,page_view,/pricing,
E0006919,S001755,U0080,2025-08-13T14:36:49Z,page_view,/category/home,
E0006920,S001755,U0080,2025-08-13T14:37:36Z,view_item,/product/p0141,P0141
E0006921,S001755,U0080,2025-08-13T14:40:15Z,page_view,/,
E0006922,S001755,U0080,2025-08-13T14:49:25Z,page_view,/category/home,
E0008127,S002070,U0092,2025-08-13T18:36:44Z,page_view,/category/beauty,
E0008129,S002070,U0092,2025-08-13T18:38:26Z,page_view,/search,
E0008128,S002070,U0092,2025-08-13T18:45:53Z,page_view,/category/home,
E0008130,S002070,U0092,2025-08-13T18:50:08Z,page_view,/category/home,
E0006761,S001716,U0226,2025-08-13T19:57:18Z,page_view,/category/home,
E0006762,S001716,U0226,2025-08-13T19:57:59Z,view_item,/product/p0068,P0068
E0006764,S001716,U0226,2025-08-13T20:02:09Z,page_view,/search,
E0006763,S001716,U0226,2025-08-13T20:08:01Z,page_view,/search,
E0006765,S001716,U0226,2025-08-13T20:19:58Z,page_view,/search,
E0006740,S001711,U0040,2025-08-14T00:24:02Z,page_view,/category/electronics,
E0006741,S001711,U0040,2025-08-14T00:24:10Z,page_view,/category/electronics,
E0007477,S001899,U0195,2025-08-14T03:38:24Z,page_view,/,
E0007479,S001899,U0195,2025-08-14T03:47:35Z,page_view,/cart,
E0007478,S001899,U0195,2025-08-14T03:53:09Z,page_view,/cart,
E0004936,S001253,U0120,2025-08-14T05:30:02Z,page_view,/category/electronics,
E0004942,S001253,U0120,2025-08-14T05:31:28Z,page_view,/category/home,
E0004938,S001253,U0120,2025-08-14T05:31:34Z,view_item,/product/p0134,P0134
E0004937,S001253,U0120,2025-08-14T05:31:39Z,page_view,/search,
E0004939,S001253,U0120,2025-08-14T05:32:43Z,add_to_cart,/product/p0134,P0134
E0004940,S001253,U0120,2025-08-14T05:35:14Z,begin_checkout,/checkout,P0134
E0004941,S001253,U0120,2025-08-14T05:36:29Z,purchase,/thank-you,P0134
E0004944,S001253,U0120,2025-08-14T05:37:29Z,page_view,/category/shoes,
E0004943,S001253,U0120,2025-08-14T05:38:13Z,page_view,/,
E0003184,S000809,U0070,2025-08-15T04:05:06Z,page_view,/category/electronics,
E0003185,S000809,U0070,2025-08-15T04:07:00Z,view_item,/product/p0352,P0352
E0003186,S000809,U0070,2025-08-15T04:08:05Z,add_to_cart,/product/p0352,P0352
E0003187,S000809,U0070,2025-08-15T04:11:35Z,begin_checkout,/checkout,P0352
E0003188,S000809,U0070,2025-08-15T04:41:34Z,page_view,/category/electronics,
E0009672,S002459,U0133,2025-08-15T08:08:51Z,page_view,/category/beauty,
E0009673,S002459,U0133,2025-08-15T08:10:49Z,page_view,/search,
E0009674,S002459,U0133,2025-08-15T08:12:04Z,view_item,/product/p0347,P0347
E0007162,S001820,U0074,2025-08-15T17:20:26Z,page_view,/category/home,
E0007163,S001820,U0074,2025-08-15T17:24:24Z,view_item,/product/p0374,P0374
E0007164,S001820,U0074,2025-08-15T17:28:58Z,page_view,/category/beauty,
E0006281,S001593,U0133,2025-08-15T19:21:34Z,page_view,/search,
E0006282,S001593,U0133,2025-08-15T19:23:08Z,page_view,/help,
E0000387,S000097,U0006,2025-08-15T21:42:45Z,page_view,/category/home,
E0000388,S000097,U0006,2025-08-15T21:43:52Z,page_view,/search,
E0000390,S000097,U0006,2025-08-15T21:49:53Z,page_view,/category/shoes,
E0000389,S000097,U0006,2025-08-15T22:04:26Z,page_view,/category/electronics,
E0008058,S002051,U0049,2025-08-16T04:04:11Z,page_view,/category/home,
E0008059,S002051,U0049,2025-08-16T04:04:33Z,page_view,/category/home,
E0008061,S002051,U0049,2025-08-16T04:18:30Z,page_view,/help,
E0008060,S002051,U0049,2025-08-16T04:19:59Z,page_view,/,
E0008062,S002051,U0049,2025-08-16T04:27:54Z,page_view,/cart,
E0000927,S000239,U0130,2025-08-16T23:22:14Z,page_view,/search,
E0000928,S000239,U0130,2025-08-16T23:45:16Z,page_view,/cart,
E0008678,S002198,U0037,2025-08-17T15:26:49Z,page_view,/category/shoes,
E0008679,S002198,U0037,2025-08-17T15:27:12Z,page_view,/category/shoes,
E0008681,S002198,U0037,2025-08-17T15:44:45Z,page_view,/search,
E0008680,S002198,U0037,2025-08-17T16:02:15Z,page_view,/category/electronics,
E0000970,S000250,U0090,2025-08-17T19:38:02Z,page_view,/category/electronics,
E0000971,S000250,U0090,2025-08-17T19:40:41Z,view_item,/product/p0351,P0351
E0000973,S000250,U0090,2025-08-17T19:42:23Z,page_view,/category/beauty,
E0000972,S000250,U0090,2025-08-17T19:42:28Z,page_view,/cart,
E0000974,S000250,U0090,2025-08-17T19:42:49Z,page_view,/cart,
E0003754,S000959,U0166,2025-08-18T16:06:56Z,page_view,/category/electronics,
E0003755,S000959,U0166,2025-08-18T16:07:18Z,page_view,/category/electronics,
E0003756,S000959,U0166,2025-08-18T16:08:01Z,page_view,/search,
E0003757,S000959,U0166,2025-08-18T16:09:49Z,view_item,/product/p0389,P0389
E0003758,S000959,U0166,2025-08-18T16:37:42Z,page_view,/search,
E0004372,S001117,U0154,2025-08-19T22:23:46Z,page_view,/,
E0004374,S001117,U0154,2025-08-19T22:29:38Z,page_view,/,
E0004373,S001117,U0154,2025-08-19T22:35:09Z,page_view,/category/beauty,
E0009492,S002413,U0088,2025-08-20T21:55:16Z,page_view,/category/shoes,
E0001930,S000496,U0205,2025-08-21T07:57:34Z,page_view,/,
E0001772,S000458,U0003,2025-08-21T15:28:21Z,page_view,/search,
E0001773,S000458,U0003,2025-08-21T15:54:53Z,page_view,/cart,
E0001436,S000377,U0240,2025-08-22T13:31:35Z,page_view,/category/electronics,
E0001437,S000377,U0240,2025-08-22T13:33:18Z,view_item,/product/p0042,P0042
E0001438,S000377,U0240,2025-08-22T13:34:20Z,page_view,/,
E0009640,S002449,U0072,2025-08-22T15:53:04Z,page_view,/category/shoes,
E0009642,S002449,U0072,2025-08-22T15:59:35Z,page_view,/search,
E0009641,S002449,U0072,2025-08-22T16:01:58Z,page_view,/pricing,
E0006814,S001729,U0176,2025-08-22T18:19:54Z,page_view,/category/beauty,
E0006815,S001729,U0176,2025-08-22T18:20:09Z,page_view,/category/beauty,
E0001568,S000405,U0220,2025-08-22T19:04:01Z,page_view,/category/electronics,
E0001569,S000405,U0220,2025-08-22T19:16:22Z,page_view,/help,
E0004364,S001114,U0180,2025-08-22T20:59:44Z,page_view,/category/electronics,
E0004365,S001114,U0180,2025-08-22T20:59:59Z,page_view,/category/electronics,
E0004366,S001114,U0180,2025-08-22T21:01:23Z,page_view,/category/electronics,
E0008472,S002145,U0024,2025-08-22T23:07:07Z,page_view,/category/home,
E0008473,S002145,U0024,2025-08-22T23:19:36Z,page_view,/help,
E0008474,S002145,U0024,2025-08-22T23:21:23Z,page_view,/pricing,
E0000549,S000140,U0048,2025-08-23T01:23:52Z,page_view,/,
E0000553,S000140,U0048,2025-08-23T01:24:46Z,page_view,/category/electronics,
E0000550,S000140,U0048,2025-08-23T01:25:15Z,page_view,/search,
E0000551,S000140,U0048,2025-08-23T01:27:21Z,view_item,/product/p0054,P0054
E0000552,S000140,U0048,2025-08-23T01:29:50Z,page_view,/category/electronics,
E0008466,S002144,U0189,2025-08-24T00:15:10Z,page_view,/category/home,
E0008467,S002144,U0189,2025-08-24T00:16:15Z,page_view,/search,
E0008471,S002144,U0189,2025-08-24T00:16:48Z,page_view,/help,
E0008469,S002144,U0189,2025-08-24T00:16:50Z,page_view,/search,
E0008468,S002144,U0189,2025-08-24T00:17:13Z,view_item,/product/p0046,P0046
E0008470,S002144,U0189,2025-08-24T00:20:28Z,page_view,/help,
E0005415,S001373,U0199,2025-08-24T01:19:00Z,page_view,/category/home,
E0007546,S001919,U0124,2025-08-24T11:46:53Z,page_view,/category/shoes,
E0007547,S001919,U0124,2025-08-24T11:47:05Z,page_view,/category/shoes,
E0007549,S001919,U0124,2025-08-24T11:47:36Z,view_item,/product/p0121,P0121
E0007548,S001919,U0124,2025-08-24T11:47:52Z,page_view,/search,
E0007553,S001919,U0124,2025-08-24T11:50:02Z,page_view,/cart,
E0007550,S001919,U0124,2025-08-24T11:50:05Z,add_to_cart,/product/p0121,P0121
E0007551,S001919,U0124,2025-08-24T11:53:42Z,begin_checkout,/checkout,P0121
E0007552,S001919,U0124,2025-08-24T11:57:16Z,purchase,/thank-you,P0121
E0007554,S001919,U0124,2025-08-24T11:58:48Z,page_view,/category/shoes,
E0006785,S001723,U0176,2025-08-24T17:36:22Z,page_view,/,
E0006786,S001723,U0176,2025-08-24T17:40:06Z,view_item,/product/p0470,P0470
E0001343,S000350,U0235,2025-08-25T02:25:14Z,page_view,/search,
E0001345,S000350,U0235,2025-08-25T02:26:25Z,view_item,/product/p0007,P0007
E0001344,S000350,U0235,2025-08-25T02:27:09Z,page_view,/search,
E0001346,S000350,U0235,2025-08-25T02:28:27Z,add_to_cart,/product/p0007,P0007
E0009257,S002351,U0114,2025-08-25T06:24:58Z,page_view,/category/shoes,
E0009258,S002351,U0114,2025-08-25T06:27:10Z,view_item,/product/p0472,P0472
E0009260,S002351,U0114,2025-08-25T06:34:47Z,page_view,/pricing,
E0009259,S002351,U0114,2025-08-25T06:35:03Z,page_view,/pricing,
E0009261,S002351,U0114,2025-08-25T06:42:09Z,page_view,/category/electronics,
E0007480,S001900,U0081,2025-08-25T11:42:00Z,page_view,/,
E0007481,S001900,U0081,2025-08-25T11:44:13Z,view_item,/product/p0237,P0237
E0007483,S001900,U0081,2025-08-25T11:44:13Z,page_view,/,
E0007484,S001900,U0081,2025-08-25T11:49:03Z,page_view,/category/home,
E0007482,S001900,U0081,2025-08-25T11:49:40Z,page_view,/category/shoes,
E0001688,S000438,U0118,2025-08-25T14:50:10Z,page_view,/,
E0001689,S000438,U0118,2025-08-25T14:52:52Z,view_item,/product/p0300,P0300
E0005391,S001368,U0098,2025-08-26T03:46:26Z,page_view,/search,
E0005393,S001368,U0098,2025-08-26T03:50:09Z,page_view,/category/shoes,
E0005392,S001368,U0098,2025-08-26T03:51:51Z,page_view,/category/home,
E0005394,S001368,U0098,2025-08-26T03:54:22Z,page_view,/cart,
E0006374,S001612,U0207,2025-08-26T13:13:31Z,page_view,/category/beauty,
E0006377,S001612,U0207,2025-08-26T13:15:38Z,page_view,/cart,
E0006375,S001612,U0207,2025-08-26T13:17:01Z,view_item,/product/p0480,P0480
E0006376,S001612,U0207,2025-08-26T13:26:43Z,page_view,/pricing,
E0005574,S001412,U0056,2025-08-26T18:40:39Z,page_view,/category/beauty,
E0005575,S001412,U0056,2025-08-26T18:40:54Z,page_view,/category/beauty,
E0005576,S001412,U0056,2025-08-26T18:41:27Z,view_item,/product/p0408,P0408
E0005577,S001412,U0056,2025-08-26T18:43:20Z,add_to_cart,/product/p0408,P0408
E0005578,S001412,U0056,2025-08-26T18:47:03Z,begin_checkout,/checkout,P0408
E0005579,S001412,U0056,2025-08-26T18:47:10Z,page_view,/category/beauty,
E0005580,S001412,U0056,2025-08-26T18:47:56Z,page_view,/category/shoes,
E0007126,S001809,U0098,2025-08-26T19:18:46Z,page_view,/category/electronics,
E0007127,S001809,U0098,2025-08-26T19:18:52Z,page_view,/category/electronics,
E0007128,S001809,U0098,2025-08-26T19:19:42Z,view_item,/product/p0305,P0305
E0005546,S001405,U0098,2025-08-27T02:45:02Z,page_view,/category/beauty,
E0005547,S001405,U0098,2025-08-27T02:46:15Z,page_view,/search,
E0005548,S001405,U0098,2025-08-27T02:47:37Z,view_item,/product/p0426,P0426
E0005549,S001405,U0098,2025-08-27T02:51:24Z,page_view,/category/beauty,
E0005550,S001405,U0098,2025-08-27T03:01:02Z,page_view,/category/beauty,
E0010067,S002566,U0125,2025-08-27T10:10:00Z,page_view,/category/shoes,
E0010068,S002566,U0125,2025-08-27T10:24:10Z,page_view,/search,
E0002526,S000647,U0126,2025-08-27T12:53:53Z,page_view,/category/electronics,
E0002527,S000647,U0126,2025-08-27T12:54:03Z,page_view,/category/electronics,
E0005917,S001504,U0079,2025-08-27T15:53:33Z,page_view,/,
E0005918,S001504,U0079,2025-08-27T15:53:59Z,page_view,/search,
E0005922,S001504,U0079,2025-08-27T15:55:32Z,page_view,/search,
E0005921,S001504,U0079,2025-08-27T15:56:54Z,page_view,/search,
E0005919,S001504,U0079,2025-08-27T15:57:00Z,view_item,/product/p0035,P0035
E0005920,S001504,U0079,2025-08-27T16:01:12Z,page_view,/category/beauty,
E0006908,S001752,U0006,2025-08-27T17:35:58Z,page_view,/,
E0006909,S001752,U0006,2025-08-27T17:36:10Z,page_view,/,
E0006469,S001638,U0199,2025-08-28T00:49:15Z,page_view,/category/shoes,
E0006470,S001638,U0199,2025-08-28T00:49:31Z,page_view,/category/shoes,
E0005667,S001436,U0217,2025-08-28T09:51:27Z,page_view,/,
E0006451,S001632,U0088,2025-08-28T15:13:52Z,page_view,/category/shoes,
E0006453,S001632,U0088,2025-08-28T15:22:19Z,page_view,/category/electronics,
E0006452,S001632,U0088,2025-08-28T15:32:45Z,page_view,/category/beauty,
E0006454,S001632,U0088,2025-08-28T15:43:28Z,page_view,/help,
E0004018,S001025,U0005,2025-08-29T01:26:48Z,page_view,/category/home,
E0004019,S001025,U0005,2025-08-29T01:29:17Z,page_view,/cart,
E0010168,S002589,U0183,2025-08-29T06:52:24Z,page_view,/,
E0010171,S002589,U0183,2025-08-29T06:54:14Z,page_view,/category/shoes,
E0010170,S002589,U0183,2025-08-29T06:55:11Z,page_view,/help,
E0010169,S002589,U0183,2025-08-29T07:18:47Z,page_view,/category/home,
E0002276,S000591,U0133,2025-08-29T18:23:40Z,page_view,/,
E0002278,S000591,U0133,2025-08-29T18:25:03Z,view_item,/product/p0382,P0382
E0002277,S000591,U0133,2025-08-29T18:25:15Z,page_view,/search,
E0002279,S000591,U0133,2025-08-29T18:26:43Z,add_to_cart,/product/p0382,P0382
E0002280,S000591,U0133,2025-08-29T18:30:43Z,begin_checkout,/checkout,P0382
E0002281,S000591,U0133,2025-08-29T18:32:46Z,purchase,/thank-you,P0382
E0002284,S000591,U0133,2025-08-29T18:40:15Z,page_view,/search,
E0002282,S000591,U0133,2025-08-29T18:54:03Z,page_view,/cart,
E0002283,S000591,U0133,2025-08-29T18:55:05Z,page_view,/cart,
E0008813,S002236,U0195,2025-08-30T11:30:09Z,page_view,/category/home,
E0008816,S002236,U0195,2025-08-30T11:31:45Z,page_view,/category/home,
E0008814,S002236,U0195,2025-08-30T11:44:28Z,page_view,/cart,
E0008815,S002236,U0195,2025-08-30T11:55:43Z,page_view,/cart,
E0004147,S001060,U0217,2025-08-30T12:38:42Z,page_view,/category/electronics,
E0004148,S001060,U0217,2025-08-30T12:38:49Z,page_view,/category/electronics,
E0004150,S001060,U0217,2025-08-30T12:40:08Z,view_item,/product/p0173,P0173
E0004152,S001060,U0217,2025-08-30T12:40:13Z,page_view,/pricing,
E0004151,S001060,U0217,2025-08-30T12:40:23Z,page_view,/category/electronics,
E0004149,S001060,U0217,2025-08-30T12:40:34Z,page_view,/search,
E0005662,S001435,U0129,2025-08-31T01:55:39Z,page_view,/category/beauty,
E0005663,S001435,U0129,2025-08-31T01:56:22Z,page_view,/search,
E0005664,S001435,U0129,2025-08-31T01:59:04Z,view_item,/product/p0390,P0390
E0005665,S001435,U0129,2025-08-31T01:59:57Z,add_to_cart,/product/p0390,P0390
E0005666,S001435,U0129,2025-08-31T02:05:40Z,page_view,/,
E0006664,S001690,U0089,2025-08-31T06:12:22Z,page_view,/category/shoes,
E0006666,S001690,U0089,2025-08-31T06:17:06Z,page_view,/pricing,
E0006665,S001690,U0089,2025-08-31T06:18:54Z,page_view,/category/home,
E0002451,S000630,U0081,2025-08-31T06:47:30Z,page_view,/,
E0002452,S000630,U0081,2025-08-31T06:51:26Z,view_item,/product/p0240,P0240
E0002453,S000630,U0081,2025-08-31T06:53:42Z,add_to_cart,/product/p0240,P0240
E0002456,S000630,U0081,2025-08-31T06:54:08Z,page_view,/search,
E0002454,S000630,U0081,2025-08-31T07:12:49Z,page_view,/help,
E0002455,S000630,U0081,2025-08-31T07:17:42Z,page_view,/pricing,
E0007642,S001941,U0053,2025-08-31T17:57:27Z,page_view,/,
E0007643,S001941,U0053,2025-08-31T18:09:07Z,page_view,/,
E0007644,S001941,U0053,2025-08-31T18:23:59Z,page_view,/,
E0003407,S000870,U0064,2025-09-01T08:07:06Z,page_view,/category/shoes,
E0003409,S000870,U0064,2025-09-01T08:32:58Z,page_view,/pricing,
E0003408,S000870,U0064,2025-09-01T08:36:44Z,page_view,/category/home,
E0003421,S000874,U0139,2025-09-01T13:12:42Z,page_view,/category/home,
E0003422,S000874,U0139,2025-09-01T13:13:06Z,page_view,/category/home,
E0003423,S000874,U0139,2025-09-01T13:16:01Z,view_item,/product/p0197,P0197
E0003426,S000874,U0139,2025-09-01T13:23:46Z,page_view,/help,
E0003425,S000874,U0139,2025-09-01T13:47:12Z,page_view,/,
E0003424,S000874,U0139,2025-09-01T13:47:47Z,page_view,/cart,
E0008806,S002234,U0139,2025-09-01T17:19:05Z,page_view,/category/electronics,
E0008807,S002234,U0139,2025-09-01T17:23:21Z,page_view,/category/beauty,
E0008808,S002234,U0139,2025-09-01T17:31:31Z,page_view,/category/shoes,
E0008809,S002234,U0139,2025-09-01T17:44:07Z,page_view,/pricing,
E0000477,S000119,U0058,2025-09-01T23:26:57Z,page_view,/category/electronics,
E0000478,S000119,U0058,2025-09-01T23:29:45Z,view_item,/product/p0215,P0215
E0000479,S000119,U0058,2025-09-02T00:08:24Z,page_view,/category/home,
E0003047,S000773,U0138,2025-09-02T05:27:28Z,page_view,/category/home,
E0003048,S000773,U0138,2025-09-02T05:27:47Z,page_view,/category/home,
E0003049,S000773,U0138,2025-09-02T05:34:19Z,page_view,/category/beauty,
E0003140,S000798,U0184,2025-09-02T08:52:58Z,page_view,/,
E0003141,S000798,U0184,2025-09-02T08:53:15Z,page_view,/,
E0003678,S000938,U0165,2025-09-02T11:16:07Z,page_view,/,
E0003679,S000938,U0165,2025-09-02T11:16:29Z,page_view,/,
E0003681,S000938,U0165,2025-09-02T11:17:10Z,view_item,/product/p0231,P0231
E0003683,S000938,U0165,2025-09-02T11:17:45Z,page_view,/category/electronics,
E0003680,S000938,U0165,2025-09-02T11:18:04Z,page_view,/search,
E0003682,S000938,U0165,2025-09-02T11:25:50Z,page_view,/category/shoes,
E0003684,S000938,U0165,2025-09-02T11:26:19Z,page_view,/category/electronics,
E0005784,S001467,U0062,2025-09-03T13:31:01Z,page_view,/category/beauty,
E0005785,S001467,U0062,2025-09-03T13:32:14Z,page_view,/search,
E0005786,S001467,U0062,2025-09-03T13:32:33Z,view_item,/product/p0385,P0385
E0005787,S001467,U0062,2025-09-03T13:49:09Z,page_view,/category/home,
E0003417,S000873,U0126,2025-09-03T23:59:03Z,page_view,/,
E0003418,S000873,U0126,2025-09-04T00:02:31Z,view_item,/product/p0277,P0277
E0003419,S000873,U0126,2025-09-04T00:05:18Z,add_to_cart,/product/p0277,P0277
E0003420,S000873,U0126,2025-09-04T00:07:10Z,begin_checkout,/checkout,P0277
E0001601,S000414,U0167,2025-09-04T04:04:31Z,page_view,/category/electronics,
E0001602,S000414,U0167,2025-09-04T04:06:29Z,page_view,/search,
E0001603,S000414,U0167,2025-09-04T04:06:43Z,view_item,/product/p0307,P0307
E0001604,S000414,U0167,2025-09-04T04:22:17Z,page_view,/category/shoes,
E0001605,S000414,U0167,2025-09-04T04:23:25Z,page_view,/search,
E0004761,S001208,U0008,2025-09-04T21:29:13Z,page_view,/,
E0004762,S001208,U0008,2025-09-04T21:29:22Z,page_view,/,
E0004763,S001208,U0008,2025-09-04T21:34:54Z,page_view,/category/electronics,
E0004765,S001208,U0008,2025-09-04T21:34:57Z,page_view,/pricing,
E0004764,S001208,U0008,2025-09-04T21:35:05Z,page_view,/category/home,
E0004167,S001065,U0171,2025-09-05T01:01:53Z,page_view,/,
E0004168,S001065,U0171,2025-09-05T01:01:58Z,page_view,/,
E0004169,S001065,U0171,2025-09-05T01:03:27Z,view_item,/product/p0065,P0065
E0004170,S001065,U0171,2025-09-05T01:03:31Z,page_view,/category/shoes,
E0004171,S001065,U0171,2025-09-05T01:03:39Z,page_view,/category/shoes,
E0000309,S000075,U0150,2025-09-05T04:29:56Z,page_view,/search,
E0000310,S000075,U0150,2025-09-05T04:30:09Z,page_view,/search,
E0000375,S000093,U0108,2025-09-05T21:33:58Z,page_view,/,
E0000376,S000093,U0108,2025-09-05T21:44:12Z,page_view,/pricing,
E0000377,S000093,U0108,2025-09-05T21:49:24Z,page_view,/category/electronics,
E0010209,S002599,U0149,2025-09-06T05:45:28Z,page_view,/category/beauty,
E0010210,S002599,U0149,2025-09-06T05:49:14Z,page_view,/help,
E0010211,S002599,U0149,2025-09-06T05:58:16Z,page_view,/cart,
E0009096,S002309,U0185,2025-09-06T06:19:12Z,page_view,/category/shoes,
E0009097,S002309,U0185,2025-09-06T06:22:14Z,page_view,/search,
E0009098,S002309,U0185,2025-09-06T06:23:34Z,page_view,/category/shoes,
E0002759,S000707,U0056,2025-09-06T10:48:54Z,page_view,/,
E0005474,S001388,U0051,2025-09-06T11:01:44Z,page_view,/category/shoes,
E0005475,S001388,U0051,2025-09-06T11:04:59Z,view_item,/product/p0259,P0259
E0005476,S001388,U0051,2025-09-06T11:05:16Z,add_to_cart,/product/p0259,P0259
E0005479,S001388,U0051,2025-09-06T11:06:30Z,page_view,/category/home,
E0002760,S000707,U0056,2025-09-06T11:10:49Z,page_view,/category/home,
E0002761,S000707,U0056,2025-09-06T11:14:36Z,page_view,/cart,
E0005478,S001388,U0051,2025-09-06T11:14:37Z,page_view,/category/home,
E0005477,S001388,U0051,2025-09-06T11:18:32Z,page_view,/category/beauty,
E0004528,S001153,U0156,2025-09-06T12:39:33Z,page_view,/category/shoes,
E0004529,S001153,U0156,2025-09-06T12:39:40Z,page_view,/category/shoes,
E0004530,S001153,U0156,2025-09-06T12:41:44Z,view_item,/product/p0326,P0326
E0004531,S001153,U0156,2025-09-06T12:43:31Z,add_to_cart,/product/p0326,P0326
E0004532,S001153,U0156,2025-09-06T12:44:38Z,begin_checkout,/checkout,P0326
E0004533,S001153,U0156,2025-09-06T12:48:02Z,purchase,/thank-you,P0326
E0007367,S001871,U0203,2025-09-06T14:03:31Z,page_view,/,
E0007368,S001871,U0203,2025-09-06T14:03:47Z,page_view,/,
E0007369,S001871,U0203,2025-09-06T14:14:11Z,page_view,/cart,
E0008625,S002186,U0026,2025-09-06T21:15:19Z,page_view,/category/electronics,
E0008626,S002186,U0026,2025-09-06T21:15:28Z,page_view,/category/electronics,
E0008627,S002186,U0026,2025-09-06T21:30:00Z,page_view,/category/home,
E0008629,S002186,U0026,2025-09-06T21:34:52Z,page_view,/category/shoes,
E0008628,S002186,U0026,2025-09-06T21:35:09Z,page_view,/category/shoes,
E0001473,S000384,U0217,2025-09-07T04:16:01Z,page_view,/,
E0001474,S000384,U0217,2025-09-07T04:17:40Z,view_item,/product/p0498,P0498
E0004520,S001152,U0154,2025-09-07T04:42:08Z,page_view,/category/home,
E0004522,S001152,U0154,2025-09-07T04:42:56Z,view_item,/product/p0018,P0018
E0004521,S001152,U0154,2025-09-07T04:43:10Z,page_view,/search,
E0004523,S001152,U0154,2025-09-07T04:44:08Z,add_to_cart,/product/p0018,P0018
E0004524,S001152,U0154,2025-09-07T04:47:21Z,begin_checkout,/checkout,P0018
E0004525,S001152,U0154,2025-09-07T04:52:14Z,page_view,/category/shoes,
E0004527,S001152,U0154,2025-09-07T04:57:30Z,page_view,/category/electronics,
E0004526,S001152,U0154,2025-09-07T05:02:14Z,page_view,/category/electronics,
E0004387,S001120,U0063,2025-09-08T12:15:09Z,page_view,/,
E0004389,S001120,U0063,2025-09-08T12:21:21Z,page_view,/category/home,
E0004390,S001120,U0063,2025-09-08T12:22:46Z,page_view,/help,
E0004388,S001120,U0063,2025-09-08T12:27:28Z,page_view,/category/home,
E0003858,S000985,U0192,2025-09-08T19:50:23Z,page_view,/category/electronics,
E0003859,S000985,U0192,2025-09-08T19:50:32Z,page_view,/category/electronics,
E0003860,S000985,U0192,2025-09-08T19:51:30Z,page_view,/search,
E0003865,S000985,U0192,2025-09-08T19:53:24Z,page_view,/category/beauty,
E0003861,S000985,U0192,2025-09-08T19:53:36Z,view_item,/product/p0297,P0297
E0003862,S000985,U0192,2025-09-08T19:55:50Z,add_to_cart,/product/p0297,P0297
E0003863,S000985,U0192,2025-09-08T19:56:11Z,begin_checkout,/checkout,P0297
E0003864,S000985,U0192,2025-09-08T20:04:51Z,page_view,/category/shoes,
E0003311,S000846,U0185,2025-09-08T21:15:53Z,page_view,/category/home,
E0003312,S000846,U0185,2025-09-08T21:16:39Z,view_item,/product/p0497,P0497
E0003313,S000846,U0185,2025-09-08T21:17:05Z,add_to_cart,/product/p0497,P0497
E0003315,S000846,U0185,2025-09-08T21:17:08Z,page_view,/category/beauty,
E0003314,S000846,U0185,2025-09-08T21:17:34Z,begin_checkout,/checkout,P0497
E0003316,S000846,U0185,2025-09-08T21:18:57Z,page_view,/,
E0000718,S000184,U0101,2025-09-08T22:34:58Z,page_view,/category/electronics,
E0000719,S000184,U0101,2025-09-08T22:36:05Z,page_view,/search,
E0000720,S000184,U0101,2025-09-08T22:36:23Z,view_item,/product/p0091,P0091
E0000721,S000184,U0101,2025-09-08T23:05:25Z,page_view,/search,
E0009055,S002299,U0020,2025-09-09T00:17:27Z,page_view,/search,
E0009056,S002299,U0020,2025-09-09T00:20:40Z,view_item,/product/p0099,P0099
E0009057,S002299,U0020,2025-09-09T00:22:35Z,add_to_cart,/product/p0099,P0099
E0009058,S002299,U0020,2025-09-09T00:25:03Z,begin_checkout,/checkout,P0099
E0009059,S002299,U0020,2025-09-09T00:27:05Z,purchase,/thank-you,P0099
E0009061,S002299,U0020,2025-09-09T00:29:31Z,page_view,/help,
E0009060,S002299,U0020,2025-09-09T00:30:33Z,page_view,/category/beauty,
E0009062,S002299,U0020,2025-09-09T00:32:14Z,page_view,/category/beauty,
E0005728,S001450,U0222,2025-09-09T03:39:21Z,page_view,/,
E0006397,S001617,U0088,2025-09-09T04:17:03Z,page_view,/,
E0006399,S001617,U0088,2025-09-09T04:21:14Z,page_view,/search,
E0006400,S001617,U0088,2025-09-09T04:23:36Z,page_view,/search,
E0006398,S001617,U0088,2025-09-09T04:25:50Z,page_view,/category/beauty,
E0003169,S000806,U0150,2025-09-09T12:19:40Z,page_view,/,
E0001896,S000487,U0192,2025-09-09T16:46:46Z,page_view,/category/shoes,
E0001897,S000487,U0192,2025-09-09T16:48:28Z,view_item,/product/p0083,P0083
E0001898,S000487,U0192,2025-09-09T16:50:02Z,page_view,/category/electronics,
E0002593,S000668,U0195,2025-09-09T22:00:44Z,page_view,/category/electronics,
E0002594,S000668,U0195,2025-09-09T22:24:24Z,page_view,/category/electronics,
E0001870,S000480,U0060,2025-09-10T03:58:50Z,page_view,/category/beauty,
E0001871,S000480,U0060,2025-09-10T03:59:12Z,page_view,/category/beauty,
E0001873,S000480,U0060,2025-09-10T04:00:39Z,page_view,/category/electronics,
E0001872,S000480,U0060,2025-09-10T04:00:57Z,view_item,/product/p0050,P0050
E0001874,S000480,U0060,2025-09-10T04:12:55Z,page_view,/category/beauty,
E0008936,S002265,U0049,2025-09-10T06:28:19Z,page_view,/category/home,
E0008938,S002265,U0049,2025-09-10T06:29:32Z,page_view,/category/shoes,
E0008937,S002265,U0049,2025-09-10T06:31:30Z,view_item,/product/p0097,P0097
E0004694,S001191,U0018,2025-09-10T12:35:41Z,page_view,/category/electronics,
E0004696,S001191,U0018,2025-09-10T12:36:51Z,page_view,/,
E0004695,S001191,U0018,2025-09-10T12:38:31Z,view_item,/product/p0431,P0431
E0004697,S001191,U0018,2025-09-10T12:45:41Z,page_view,/category/shoes,
E0007939,S002016,U0080,2025-09-11T08:42:53Z,page_view,/category/home,
E0007940,S002016,U0080,2025-09-11T08:43:54Z,view_item,/product/p0099,P0099
E0007942,S002016,U0080,2025-09-11T08:59:56Z,page_view,/help,
E0007941,S002016,U0080,2025-09-11T09:03:21Z,page_view,/category/shoes,
E0008460,S002143,U0186,2025-09-11T10:16:53Z,page_view,/category/home,
E0008461,S002143,U0186,2025-09-11T10:19:30Z,view_item,/product/p0098,P0098
E0008462,S002143,U0186,2025-09-11T10:20:41Z,add_to_cart,/product/p0098,P0098
E0008463,S002143,U0186,2025-09-11T10:21:07Z,begin_checkout,/checkout,P0098
E0008464,S002143,U0186,2025-09-11T10:21:59Z,purchase,/thank-you,P0098
E0008465,S002143,U0186,2025-09-11T10:45:42Z,page_view,/category/shoes,
E0009269,S002354,U0026,2025-09-11T10:58:11Z,page_view,/,
E0009270,S002354,U0026,2025-09-11T11:09:14Z,page_view,/category/home,
E0009271,S002354,U0026,2025-09-11T11:14:39Z,page_view,/,
E0003413,S000872,U0037,2025-09-13T03:02:12Z,page_view,/category/home,
E0003414,S000872,U0037,2025-09-13T03:09:05Z,page_view,/category/shoes,
E0003416,S000872,U0037,2025-09-13T03:15:03Z,page_view,/cart,
E0003415,S000872,U0037,2025-09-13T03:27:12Z,page_view,/,
E0008452,S002141,U0213,2025-09-13T11:10:15Z,page_view,/category/beauty,
E0008457,S002141,U0213,2025-09-13T11:12:36Z,page_view,/category/electronics,
E0008453,S002141,U0213,2025-09-13T11:13:05Z,view_item,/product/p0128,P0128
E0008454,S002141,U0213,2025-09-13T11:14:11Z,add_to_cart,/product/p0128,P0128
E0008455,S002141,U0213,2025-09-13T11:16:29Z,begin_checkout,/checkout,P0128
E0008456,S002141,U0213,2025-09-13T11:20:23Z,purchase,/thank-you,P0128
E0007741,S001968,U0084,2025-09-13T13:47:13Z,page_view,/category/beauty,
E0003329,S000850,U0136,2025-09-13T18:30:34Z,page_view,/,
E0003330,S000850,U0136,2025-09-13T18:30:54Z,page_view,/,
E0001830,S000471,U0156,2025-09-13T23:05:46Z,page_view,/category/electronics,
E0001831,S000471,U0156,2025-09-13T23:07:31Z,page_view,/help,
E0001832,S000471,U0156,2025-09-13T23:22:36Z,page_view,/cart,
E0010199,S002596,U0226,2025-09-14T10:34:32Z,page_view,/category/shoes,
E0010200,S002596,U0226,2025-09-14T10:38:29Z,view_item,/product/p0444,P0444
E0003304,S000845,U0062,2025-09-14T12:47:22Z,page_view,/category/beauty,
E0003305,S000845,U0062,2025-09-14T12:47:46Z,page_view,/category/beauty,
E0003306,S000845,U0062,2025-09-14T12:47:49Z,page_view,/search,
E0003310,S000845,U0062,2025-09-14T12:48:00Z,page_view,/category/beauty,
E0003309,S000845,U0062,2025-09-14T12:48:08Z,page_view,/category/beauty,
E0003308,S000845,U0062,2025-09-14T12:48:28Z,page_view,/category/electronics,
E0003307,S000845,U0062,2025-09-14T12:48:31Z,view_item,/product/p0454,P0454
E0003239,S000824,U0243,2025-09-14T13:39:38Z,page_view,/category/shoes,
E0003240,S000824,U0243,2025-09-14T13:39:51Z,page_view,/category/shoes,
E0003241,S000824,U0243,2025-09-14T13:41:23Z,page_view,/category/electronics,
E0003242,S000824,U0243,2025-09-14T13:54:27Z,page_view,/help,
E0004511,S001150,U0235,2025-09-14T15:10:29Z,page_view,/category/beauty,
E0004512,S001150,U0235,2025-09-14T15:11:06Z,page_view,/search,
E0004513,S001150,U0235,2025-09-14T15:12:56Z,view_item,/product/p0365,P0365
E0004515,S001150,U0235,2025-09-14T15:21:33Z,page_view,/category/beauty,
E0004516,S001150,U0235,2025-09-14T15:21:39Z,page_view,/help,
E0004514,S001150,U0235,2025-09-14T15:24:36Z,page_view,/category/electronics,
E0003481,S000888,U0130,2025-09-14T20:11:49Z,page_view,/category/electronics,
E0003482,S000888,U0130,2025-09-14T20:20:28Z,page_view,/category/electronics,
E0003484,S000888,U0130,2025-09-14T20:21:18Z,page_view,/category/home,
E0003483,S000888,U0130,2025-09-14T20:24:46Z,page_view,/pricing,
E0000705,S000179,U0085,2025-09-15T02:02:52Z,page_view,/category/electronics,
E0000706,S000179,U0085,2025-09-15T02:04:39Z,view_item,/product/p0497,P0497
E0008114,S002065,U0114,2025-09-15T17:02:23Z,page_view,/category/beauty,
E0008115,S002065,U0114,2025-09-15T17:02:38Z,page_view,/category/beauty,
E0008116,S002065,U0114,2025-09-15T17:03:51Z,view_item,/product/p0196,P0196
E0001522,S000394,U0167,2025-09-15T18:13:30Z,page_view,/,
E0001523,S000394,U0167,2025-09-15T18:15:52Z,view_item,/product/p0335,P0335
E0001540,S000398,U0019,2025-09-15T20:33:38Z,page_view,/category/beauty,
E0001542,S000398,U0019,2025-09-15T20:34:22Z,view_item,/product/p0092,P0092
E0001541,S000398,U0019,2025-09-15T20:34:51Z,page_view,/search,
E0001544,S000398,U0019,2025-09-15T20:35:24Z,page_view,/cart,
E0001543,S000398,U0019,2025-09-15T20:55:54Z,page_view,/category/electronics,
E0002531,S000650,U0240,2025-09-16T04:03:20Z,page_view,/,
E0002532,S000650,U0240,2025-09-16T04:05:34Z,view_item,/product/p0269,P0269
E0000125,S000030,U0104,2025-09-16T04:16:02Z,page_view,/category/electronics,
E0000126,S000030,U0104,2025-09-16T04:17:45Z,view_item,/product/p0470,P0470
E0000127,S000030,U0104,2025-09-16T04:37:32Z,page_view,/search,
E0002359,S000607,U0166,2025-09-16T04:52:47Z,page_view,/category/home,
E0002360,S000607,U0166,2025-09-16T04:52:56Z,page_view,/category/home,
E0002361,S000607,U0166,2025-09-16T04:53:26Z,page_view,/search,
E0002362,S000607,U0166,2025-09-16T04:53:53Z,view_item,/product/p0475,P0475
E0002363,S000607,U0166,2025-09-16T04:59:57Z,page_view,/help,
E0009877,S002514,U0146,2025-09-16T05:07:56Z,page_view,/,
E0009878,S002514,U0146,2025-09-16T05:10:18Z,page_view,/category/beauty,
E0009810,S002498,U0125,2025-09-16T08:46:54Z,page_view,/category/beauty,
E0009811,S002498,U0125,2025-09-16T08:49:55Z,view_item,/product/p0471,P0471
E0009812,S002498,U0125,2025-09-16T08:52:23Z,add_to_cart,/product/p0471,P0471
E0009814,S002498,U0125,2025-09-16T09:18:01Z,page_view,/search,
E0009813,S002498,U0125,2025-09-16T09:18:29Z,page_view,/category/electronics,
E0009771,S002484,U0124,2025-09-16T11:22:29Z,page_view,/category/home,
E0009772,S002484,U0124,2025-09-16T11:24:38Z,view_item,/product/p0103,P0103
E0009774,S002484,U0124,2025-09-16T11:29:15Z,page_view,/cart,
E0009773,S002484,U0124,2025-09-16T11:30:09Z,page_view,/category/beauty,
E0002109,S000544,U0220,2025-09-16T17:04:06Z,page_view,/category/beauty,
E0002112,S000544,U0220,2025-09-16T17:05:30Z,page_view,/cart,
E0002110,S000544,U0220,2025-09-16T17:14:59Z,page_view,/search,
E0002111,S000544,U0220,2025-09-16T17:17:55Z,page_view,/search,
E0007040,S001788,U0158,2025-09-17T00:04:56Z,page_view,/,
E0007041,S001788,U0158,2025-09-17T00:06:32Z,view_item,/product/p0287,P0287
E0007042,S001788,U0158,2025-09-17T00:06:59Z,add_to_cart,/product/p0287,P0287
E0007043,S001788,U0158,2025-09-17T00:10:41Z,begin_checkout,/checkout,P0287
E0007276,S001851,U0050,2025-09-17T02:33:13Z,page_view,/category/electronics,
E0007277,S001851,U0050,2025-09-17T02:39:08Z,page_view,/category/shoes,
E0007278,S001851,U0050,2025-09-17T02:48:52Z,page_view,/category/home,
E0007617,S001935,U0072,2025-09-17T05:57:03Z,page_view,/category/electronics,
E0007621,S001935,U0072,2025-09-17T05:59:10Z,page_view,/cart,
E0007618,S001935,U0072,2025-09-17T05:59:39Z,view_item,/product/p0070,P0070
E0007622,S001935,U0072,2025-09-17T05:59:46Z,page_view,/category/home,
E0007620,S001935,U0072,2025-09-17T06:00:24Z,page_view,/help,
E0007619,S001935,U0072,2025-09-17T06:00:59Z,add_to_cart,/product/p0070,P0070
E0002445,S000629,U0051,2025-09-17T08:20:48Z,page_view,/,
E0002446,S000629,U0051,2025-09-17T08:21:02Z,page_view,/,
E0002447,S000629,U0051,2025-09-17T08:22:08Z,page_view,/search,
E0002448,S000629,U0051,2025-09-17T08:23:47Z,view_item,/product/p0307,P0307
E0002449,S000629,U0051,2025-09-17T08:26:45Z,add_to_cart,/product/p0307,P0307
E0002450,S000629,U0051,2025-09-17T08:26:49Z,page_view,/cart,
E0002019,S000523,U0239,2025-09-17T13:38:22Z,page_view,/category/shoes,
E0002020,S000523,U0239,2025-09-17T13:40:28Z,view_item,/product/p0332,P0332
E0001351,S000352,U0146,2025-09-17T17:22:37Z,page_view,/category/electronics,
E0001353,S000352,U0146,2025-09-17T17:34:32Z,page_view,/category/electronics,
E0001352,S000352,U0146,2025-09-17T17:41:22Z,page_view,/category/home,
E0009900,S002521,U0094,2025-09-17T21:26:39Z,page_view,/category/shoes,
E0009901,S002521,U0094,2025-09-17T21:29:57Z,page_view,/category/home,
E0009902,S002521,U0094,2025-09-17T21:30:33Z,page_view,/pricing,
E0009903,S002521,U0094,2025-09-17T21:31:23Z,page_view,/category/shoes,
E0000791,S000202,U0237,2025-09-17T22:49:03Z,page_view,/category/home,
E0000792,S000202,U0237,2025-09-17T22:55:39Z,page_view,/,
E0000793,S000202,U0237,2025-09-17T22:56:30Z,page_view,/pricing,
E0003362,S000858,U0118,2025-09-18T04:01:57Z,page_view,/category/home,
E0003365,S000858,U0118,2025-09-18T04:05:56Z,page_view,/category/electronics,
E0005322,S001351,U0017,2025-09-18T04:06:37Z,page_view,/search,
E0005325,S001351,U0017,2025-09-18T04:07:30Z,page_view,/category/beauty,
E0005323,S001351,U0017,2025-09-18T04:07:37Z,view_item,/product/p0101,P0101
E0005324,S001351,U0017,2025-09-18T04:09:36Z,page_view,/pricing,
E0003364,S000858,U0118,2025-09-18T04:11:59Z,page_view,/category/beauty,
E0003363,S000858,U0118,2025-09-18T04:12:53Z,page_view,/category/shoes,
E0005326,S001351,U0017,2025-09-18T04:14:47Z,page_view,/search,
E0006536,S001656,U0169,2025-09-18T10:03:08Z,page_view,/category/shoes,
E0006537,S001656,U0169,2025-09-18T10:03:30Z,page_view,/category/shoes,
E0006540,S001656,U0169,2025-09-18T10:04:07Z,page_view,/category/beauty,
E0006539,S001656,U0169,2025-09-18T10:04:15Z,page_view,/category/home,
E0006538,S001656,U0169,2025-09-18T10:05:31Z,view_item,/product/p0024,P0024
E0008870,S002248,U0020,2025-09-18T16:21:48Z,page_view,/category/home,
E0008871,S002248,U0020,2025-09-18T16:22:27Z,page_view,/search,
E0008873,S002248,U0020,2025-09-18T16:22:37Z,page_view,/pricing,
E0008872,S002248,U0020,2025-09-18T16:25:38Z,view_item,/product/p0124,P0124
E0005131,S001307,U0024,2025-09-18T19:02:46Z,page_view,/category/home,
E0005132,S001307,U0024,2025-09-18T19:04:16Z,page_view,/category/shoes,
E0005134,S001307,U0024,2025-09-18T19:06:57Z,page_view,/category/beauty,
E0005133,S001307,U0024,2025-09-18T19:09:13Z,page_view,/category/beauty,
E0005871,S001490,U0026,2025-09-18T20:26:41Z,page_view,/search,
E0005872,S001490,U0026,2025-09-18T20:29:46Z,view_item,/product/p0283,P0283
E0002216,S000573,U0032,2025-09-20T05:39:20Z,page_view,/category/beauty,
E0002217,S000573,U0032,2025-09-20T05:39:39Z,page_view,/category/beauty,
E0002218,S000573,U0032,2025-09-20T05:42:53Z,page_view,/pricing,
E0002219,S000573,U0032,2025-09-20T05:58:45Z,page_view,/help,
E0001656,S000429,U0058,2025-09-20T08:49:22Z,page_view,/,
E0001658,S000429,U0058,2025-09-20T08:55:41Z,page_view,/search,
E0001657,S000429,U0058,2025-09-20T09:00:45Z,page_view,/,
E0009892,S002519,U0090,2025-09-20T15:01:17Z,page_view,/,
E0009893,S002519,U0090,2025-09-20T15:01:24Z,page_view,/,
E0009894,S002519,U0090,2025-09-20T15:02:40Z,view_item,/product/p0252,P0252
E0009895,S002519,U0090,2025-09-20T15:05:11Z,add_to_cart,/product/p0252,P0252
E0009896,S002519,U0090,2025-09-20T15:08:58Z,begin_checkout,/checkout,P0252
E0002316,S000598,U0151,2025-09-20T17:05:50Z,page_view,/,
E0002317,S000598,U0151,2025-09-20T17:06:02Z,page_view,/,
E0002318,S000598,U0151,2025-09-20T17:10:50Z,page_view,/category/shoes,
E0006962,S001766,U0089,2025-09-20T18:27:57Z,page_view,/,
E0006963,S001766,U0089,2025-09-20T18:43:48Z,page_view,/category/home,
E0002834,S000724,U0056,2025-09-20T19:15:48Z,page_view,/category/electronics,
E0002837,S000724,U0056,2025-09-20T19:22:45Z,page_view,/help,
E0002835,S000724,U0056,2025-09-20T19:27:13Z,page_view,/category/electronics,
E0002836,S000724,U0056,2025-09-20T19:35:49Z,page_view,/category/home,
E0000800,S000204,U0016,2025-09-21T06:22:17Z,page_view,/category/shoes,
E0000802,S000204,U0016,2025-09-21T06:36:27Z,page_view,/cart,
E0000801,S000204,U0016,2025-09-21T06:52:07Z,page_view,/help,
E0000803,S000204,U0016,2025-09-21T07:01:32Z,page_view,/help,
E0010093,S002573,U0091,2025-09-21T12:03:24Z,page_view,/category/electronics,
E0010094,S002573,U0091,2025-09-21T12:04:17Z,page_view,/search,
E0010095,S002573,U0091,2025-09-21T12:04:56Z,view_item,/product/p0104,P0104
E0010096,S002573,U0091,2025-09-21T12:07:09Z,page_view,/category/home,
E0010097,S002573,U0091,2025-09-21T12:07:52Z,page_view,/pricing,
E0004447,S001135,U0187,2025-09-21T17:17:53Z,page_view,/category/shoes,
E0004448,S001135,U0187,2025-09-21T17:25:48Z,page_view,/search,
E0004449,S001135,U0187,2025-09-21T17:31:17Z,page_view,/help,
E0008163,S002076,U0007,2025-09-21T21:34:33Z,page_view,/,
E0008164,S002076,U0007,2025-09-21T21:35:43Z,page_view,/search,
E0008165,S002076,U0007,2025-09-21T21:37:11Z,view_item,/product/p0279,P0279
E0008168,S002076,U0007,2025-09-21T21:39:12Z,page_view,/help,
E0008167,S002076,U0007,2025-09-21T21:41:09Z,page_view,/,
E0008166,S002076,U0007,2025-09-21T21:44:38Z,page_view,/help,
E0008717,S002208,U0014,2025-09-21T23:37:27Z,page_view,/category/shoes,
E0008718,S002208,U0014,2025-09-21T23:37:38Z,page_view,/category/shoes,
E0008720,S002208,U0014,2025-09-21T23:56:04Z,page_view,/search,
E0008719,S002208,U0014,2025-09-22T00:06:59Z,page_view,/category/beauty,
E0009701,S002467,U0043,2025-09-22T01:47:25Z,page_view,/search,
E0009702,S002467,U0043,2025-09-22T01:50:38Z,page_view,/category/shoes,
E0007645,S001942,U0008,2025-09-22T02:01:50Z,page_view,/category/beauty,
E0007647,S001942,U0008,2025-09-22T02:02:30Z,page_view,/search,
E0007648,S001942,U0008,2025-09-22T02:02:42Z,page_view,/category/beauty,
E0007646,S001942,U0008,2025-09-22T02:03:28Z,view_item,/product/p0363,P0363
E0001232,S000319,U0052,2025-09-22T04:11:50Z,page_view,/category/electronics,
E0001233,S000319,U0052,2025-09-22T04:15:37Z,view_item,/product/p0484,P0484
E0001234,S000319,U0052,2025-09-22T04:17:59Z,add_to_cart,/product/p0484,P0484
E0001235,S000319,U0052,2025-09-22T04:21:59Z,begin_checkout,/checkout,P0484
E0007283,S001853,U0192,2025-09-22T08:10:30Z,page_view,/category/beauty,
E0007284,S001853,U0192,2025-09-22T08:12:16Z,view_item,/product/p0176,P0176
E0007286,S001853,U0192,2025-09-22T08:12:42Z,page_view,/pricing,
E0007287,S001853,U0192,2025-09-22T08:38:33Z,page_view,/category/shoes,
E0007285,S001853,U0192,2025-09-22T08:44:39Z,page_view,/category/shoes,
E0006290,S001595,U0222,2025-09-22T08:50:09Z,page_view,/search,
E0006291,S001595,U0222,2025-09-22T08:50:22Z,page_view,/search,
E0006292,S001595,U0222,2025-09-22T08:51:03Z,page_view,/search,
E0006293,S001595,U0222,2025-09-22T08:53:03Z,view_item,/product/p0186,P0186
E0006294,S001595,U0222,2025-09-22T08:54:34Z,add_to_cart,/product/p0186,P0186
E0006295,S001595,U0222,2025-09-22T08:57:53Z,page_view,/pricing,
E0006296,S001595,U0222,2025-09-22T09:02:58Z,page_view,/cart,
E0006297,S001595,U0222,2025-09-22T09:03:47Z,page_view,/help,
E0001884,S000484,U0101,2025-09-22T21:53:33Z,page_view,/search,
E0001885,S000484,U0101,2025-09-22T21:54:14Z,page_view,/search,
E0001886,S000484,U0101,2025-09-22T21:56:55Z,view_item,/product/p0082,P0082
E0001887,S000484,U0101,2025-09-22T22:04:39Z,page_view,/category/shoes,
E0004342,S001110,U0201,2025-09-23T03:15:22Z,page_view,/search,
E0004343,S001110,U0201,2025-09-23T03:15:52Z,page_view,/search,
E0004344,S001110,U0201,2025-09-23T03:16:47Z,view_item,/product/p0464,P0464
E0004345,S001110,U0201,2025-09-23T03:17:23Z,page_view,/help,
E0004346,S001110,U0201,2025-09-23T03:52:26Z,page_view,/pricing,
E0003114,S000792,U0006,2025-09-24T03:07:25Z,page_view,/category/beauty,
E0008247,S002092,U0203,2025-09-24T06:03:18Z,page_view,/category/beauty,
E0005381,S001364,U0031,2025-09-24T10:22:57Z,page_view,/search,
E0005560,S001408,U0152,2025-09-24T20:43:39Z,page_view,/category/shoes,
E0005561,S001408,U0152,2025-09-24T20:54:42Z,page_view,/category/beauty,
E0008751,S002217,U0123,2025-09-24T21:04:51Z,page_view,/category/beauty,
E0007933,S002014,U0160,2025-09-25T00:04:40Z,page_view,/category/electronics,
E0000852,S000219,U0124,2025-09-25T00:12:52Z,page_view,/,
E0007936,S002014,U0160,2025-09-25T00:34:30Z,page_view,/category/electronics,
E0007934,S002014,U0160,2025-09-25T00:41:30Z,page_view,/search,
E0007935,S002014,U0160,2025-09-25T00:46:14Z,page_view,/pricing,
E0006352,S001607,U0153,2025-09-25T02:24:53Z,page_view,/category/electronics,
E0006353,S001607,U0153,2025-09-25T02:28:35Z,view_item,/product/p0140,P0140
E0006354,S001607,U0153,2025-09-25T02:29:17Z,page_view,/category/beauty,
E0006356,S001607,U0153,2025-09-25T02:44:39Z,page_view,/category/beauty,
E0006355,S001607,U0153,2025-09-25T03:03:11Z,page_view,/cart,
E0004502,S001149,U0063,2025-09-25T04:24:56Z,page_view,/category/electronics,
E0004503,S001149,U0063,2025-09-25T04:25:21Z,page_view,/category/electronics,
E0004504,S001149,U0063,2025-09-25T04:25:21Z,page_view,/search,
E0004505,S001149,U0063,2025-09-25T04:26:16Z,view_item,/product/p0120,P0120
E0004506,S001149,U0063,2025-09-25T04:26:43Z,add_to_cart,/product/p0120,P0120
E0004507,S001149,U0063,2025-09-25T04:27:04Z,begin_checkout,/checkout,P0120
E0004510,S001149,U0063,2025-09-25T04:34:47Z,page_view,/pricing,
E0004509,S001149,U0063,2025-09-25T04:38:24Z,page_view,/category/beauty,
E0004508,S001149,U0063,2025-09-25T04:53:03Z,page_view,/category/beauty,
E0009885,S002517,U0077,2025-09-25T05:03:07Z,page_view,/category/shoes,
E0009886,S002517,U0077,2025-09-25T05:04:52Z,view_item,/product/p0080,P0080
E0009889,S002517,U0077,2025-09-25T05:06:06Z,page_view,/,
E0009888,S002517,U0077,2025-09-25T05:07:24Z,page_view,/category/electronics,
E0009887,S002517,U0077,2025-09-25T05:17:25Z,page_view,/help,
E0001797,S000464,U0074,2025-09-25T05:55:54Z,page_view,/,
E0001798,S000464,U0074,2025-09-25T05:59:43Z,view_item,/product/p0445,P0445
E0001799,S000464,U0074,2025-09-25T06:00:05Z,add_to_cart,/product/p0445,P0445
E0001800,S000464,U0074,2025-09-25T06:02:02Z,begin_checkout,/checkout,P0445
E0001801,S000464,U0074,2025-09-25T06:05:27Z,purchase,/thank-you,P0445
E0003848,S000981,U0135,2025-09-25T06:43:59Z,page_view,/,
E0007513,S001909,U0101,2025-09-25T10:11:29Z,page_view,/category/electronics,
E0007514,S001909,U0101,2025-09-25T10:11:44Z,page_view,/category/electronics,
E0005810,S001473,U0149,2025-09-25T18:56:57Z,page_view,/category/beauty,
E0005811,S001473,U0149,2025-09-25T18:57:21Z,page_view,/category/beauty,
E0005812,S001473,U0149,2025-09-25T18:58:17Z,view_item,/product/p0208,P0208
E0005813,S001473,U0149,2025-09-25T19:00:58Z,add_to_cart,/product/p0208,P0208
E0005814,S001473,U0149,2025-09-25T19:04:03Z,begin_checkout,/checkout,P0208
E0005815,S001473,U0149,2025-09-25T19:07:40Z,purchase,/thank-you,P0208
E0005816,S001473,U0149,2025-09-25T19:19:57Z,page_view,/cart,
E0000817,S000208,U0002,2025-09-25T20:33:57Z,page_view,/,
E0000819,S000208,U0002,2025-09-25T20:48:56Z,page_view,/help,
E0000818,S000208,U0002,2025-09-25T20:53:48Z,page_view,/,
E0000820,S000208,U0002,2025-09-25T21:10:26Z,page_view,/search,
E0006167,S001568,U0160,2025-09-26T16:58:11Z,page_view,/search,
E0006168,S001568,U0160,2025-09-26T17:07:47Z,page_view,/category/electronics,
E0006808,S001728,U0060,2025-09-26T21:13:23Z,page_view,/,
E0006809,S001728,U0060,2025-09-26T21:14:34Z,page_view,/search,
E0006810,S001728,U0060,2025-09-26T21:16:40Z,view_item,/product/p0100,P0100
E0006812,S001728,U0060,2025-09-26T21:18:42Z,page_view,/cart,
E0006811,S001728,U0060,2025-09-26T21:19:09Z,page_view,/,
E0006813,S001728,U0060,2025-09-26T21:19:15Z,page_view,/pricing,
E0005085,S001296,U0166,2025-09-27T02:49:12Z,page_view,/category/electronics,
E0003602,S000915,U0120,2025-09-27T07:53:40Z,page_view,/search,
E0003603,S000915,U0120,2025-09-27T07:54:07Z,page_view,/search,
E0003604,S000915,U0120,2025-09-27T07:57:32Z,view_item,/product/p0274,P0274
E0008546,S002165,U0066,2025-09-27T11:32:50Z,page_view,/category/home,
E0008547,S002165,U0066,2025-09-27T11:35:03Z,view_item,/product/p0343,P0343
E0008548,S002165,U0066,2025-09-27T11:36:07Z,page_view,/category/shoes,
E0009462,S002404,U0226,2025-09-27T12:59:38Z,page_view,/search,
E0009463,S002404,U0226,2025-09-27T12:59:57Z,page_view,/search,
E0009464,S002404,U0226,2025-09-27T13:03:31Z,view_item,/product/p0039,P0039
E0004443,S001134,U0171,2025-09-27T15:04:53Z,page_view,/category/home,
E0004444,S001134,U0171,2025-09-27T15:06:38Z,page_view,/search,
E0004445,S001134,U0171,2025-09-27T15:08:42Z,view_item,/product/p0079,P0079
E0004446,S001134,U0171,2025-09-27T15:11:53Z,page_view,/category/beauty,
E0009563,S002428,U0217,2025-09-27T23:44:54Z,page_view,/category/home,
E0009565,S002428,U0217,2025-09-27T23:47:58Z,page_view,/category/beauty,
E0009564,S002428,U0217,2025-09-28T00:10:20Z,page_view,/category/shoes,
E0009566,S002428,U0217,2025-09-28T00:22:49Z,page_view,/category/beauty,
E0005594,S001416,U0239,2025-09-28T10:26:46Z,page_view,/category/home,
E0005595,S001416,U0239,2025-09-28T10:27:45Z,page_view,/search,
E0005597,S001416,U0239,2025-09-28T10:28:10Z,page_view,/category/electronics,
E0005596,S001416,U0239,2025-09-28T10:29:56Z,view_item,/product/p0039,P0039
E0003274,S000835,U0075,2025-09-28T15:56:10Z,page_view,/category/electronics,
E0003275,S000835,U0075,2025-09-28T15:58:40Z,view_item,/product/p0073,P0073
E0004799,S001219,U0124,2025-09-28T22:33:04Z,page_view,/search,
E0004800,S001219,U0124,2025-09-28T22:39:34Z,page_view,/,
E0008173,S002078,U0084,2025-09-29T03:48:33Z,page_view,/category/shoes,
E0008174,S002078,U0084,2025-09-29T03:52:26Z,view_item,/product/p0293,P0293
E0008175,S002078,U0084,2025-09-29T03:54:46Z,add_to_cart,/product/p0293,P0293
E0008178,S002078,U0084,2025-09-29T03:55:50Z,page_view,/category/beauty,
E0008176,S002078,U0084,2025-09-29T03:58:23Z,begin_checkout,/checkout,P0293
E0008177,S002078,U0084,2025-09-29T04:02:18Z,purchase,/thank-you,P0293
E0008366,S002120,U0150,2025-09-29T08:51:59Z,page_view,/category/beauty,
E0008368,S002120,U0150,2025-09-29T08:58:07Z,page_view,/category/shoes,
E0008367,S002120,U0150,2025-09-29T09:01:22Z,page_view,/cart,
E0003886,S000990,U0033,2025-09-30T12:43:39Z,page_view,/category/home,
E0003887,S000990,U0033,2025-09-30T12:43:53Z,page_view,/category/home,
E0003888,S000990,U0033,2025-09-30T12:46:53Z,view_item,/product/p0204,P0204
E0003889,S000990,U0033,2025-09-30T12:48:08Z,page_view,/help,
E0009890,S002518,U0132,2025-09-30T13:42:56Z,page_view,/category/electronics,
E0009891,S002518,U0132,2025-09-30T13:43:02Z,page_view,/category/electronics,
E0002989,S000760,U0185,2025-09-30T15:10:07Z,page_view,/,
E0002990,S000760,U0185,2025-09-30T15:10:50Z,view_item,/product/p0057,P0057
E0002991,S000760,U0185,2025-09-30T15:18:01Z,page_view,/search,
E0002992,S000760,U0185,2025-09-30T15:26:14Z,page_view,/cart,
E0007881,S002001,U0033,2025-09-30T20:11:32Z,page_view,/category/electronics,
E0007884,S002001,U0033,2025-09-30T20:12:36Z,page_view,/search,
E0007883,S002001,U0033,2025-09-30T20:13:07Z,page_view,/,
E0007882,S002001,U0033,2025-09-30T20:13:17Z,view_item,/product/p0390,P0390
E0001581,S000409,U0220,2025-09-30T20:41:23Z,page_view,/category/home,
E0001582,S000409,U0220,2025-09-30T20:42:56Z,view_item,/product/p0438,P0438
E0001583,S000409,U0220,2025-09-30T20:55:26Z,page_view,/help,
E0001146,S000296,U0017,2025-09-30T20:57:04Z,page_view,/category/shoes,
E0001147,S000296,U0017,2025-09-30T21:01:37Z,page_view,/category/shoes,
E0007157,S001817,U0211,2025-09-30T22:01:34Z,page_view,/category/beauty,
E0007158,S001817,U0211,2025-09-30T22:01:39Z,page_view,/category/beauty,
E0003996,S001019,U0216,2025-09-30T23:19:11Z,page_view,/,
E0003997,S001019,U0216,2025-09-30T23:30:42Z,page_view,/help,
E0001478,S000386,U0132,2025-10-01T01:10:07Z,page_view,/category/shoes,
E0001479,S000386,U0132,2025-10-01T01:10:18Z,page_view,/category/shoes,
E0001480,S000386,U0132,2025-10-01T01:13:06Z,page_view,/category/shoes,
E0007238,S001842,U0150,2025-10-01T02:58:16Z,page_view,/category/electronics,
E0007240,S001842,U0150,2025-10-01T02:59:04Z,page_view,/category/shoes,
E0007239,S001842,U0150,2025-10-01T03:00:57Z,view_item,/product/p0340,P0340
E0007242,S001842,U0150,2025-10-01T03:08:50Z,page_view,/category/electronics,
E0007241,S001842,U0150,2025-10-01T03:16:15Z,page_view,/category/home,
E0008810,S002235,U0010,2025-10-01T06:09:02Z,page_view,/category/beauty,
E0008812,S002235,U0010,2025-10-01T06:25:58Z,page_view,/help,
E0008811,S002235,U0010,2025-10-01T06:36:32Z,page_view,/category/electronics,
E0005213,S001328,U0201,2025-10-01T07:05:33Z,page_view,/,
E0005215,S001328,U0201,2025-10-01T07:07:23Z,page_view,/category/home,
E0005214,S001328,U0201,2025-10-01T07:09:22Z,page_view,/cart,
E0004198,S001073,U0037,2025-10-01T10:12:24Z,page_view,/category/electronics,
E0004199,S001073,U0037,2025-10-01T10:15:30Z,view_item,/product/p0378,P0378
E0004200,S001073,U0037,2025-10-01T10:17:27Z,add_to_cart,/product/p0378,P0378
E0007196,S001831,U0022,2025-10-01T11:52:07Z,page_view,/search,
E0001555,S000401,U0195,2025-10-02T01:10:42Z,page_view,/category/electronics,
E0001556,S000401,U0195,2025-10-02T01:10:57Z,page_view,/category/electronics,
E0001558,S000401,U0195,2025-10-02T01:25:01Z,page_view,/search,
E0001557,S000401,U0195,2025-10-02T01:25:46Z,page_view,/,
E0002230,S000577,U0072,2025-10-02T04:54:13Z,page_view,/category/beauty,
E0002232,S000577,U0072,2025-10-02T04:55:14Z,view_item,/product/p0468,P0468
E0002231,S000577,U0072,2025-10-02T04:55:58Z,page_view,/search,
E0002234,S000577,U0072,2025-10-02T05:03:32Z,page_view,/pricing,
E0002233,S000577,U0072,2025-10-02T05:09:33Z,page_view,/search,
E0001332,S000346,U0133,2025-10-02T14:26:50Z,page_view,/category/home,
E0007770,S001975,U0063,2025-10-02T14:53:04Z,page_view,/,
E0007771,S001975,U0063,2025-10-02T14:53:26Z,page_view,/,
E0007772,S001975,U0063,2025-10-02T14:55:49Z,view_item,/product/p0086,P0086
E0007773,S001975,U0063,2025-10-02T15:05:36Z,page_view,/category/home,
E0007774,S001975,U0063,2025-10-02T15:15:08Z,page_view,/help,
E0001397,S000365,U0170,2025-10-03T02:11:00Z,page_view,/category/home,
E0001398,S000365,U0170,2025-10-03T02:11:18Z,page_view,/category/home,
E0001400,S000365,U0170,2025-10-03T02:12:02Z,page_view,/cart,
E0001399,S000365,U0170,2025-10-03T02:12:28Z,view_item,/product/p0287,P0287
E0005845,S001483,U0089,2025-10-03T13:02:08Z,page_view,/category/shoes,
E0005846,S001483,U0089,2025-10-03T13:02:13Z,page_view,/category/shoes,
E0001435,S000376,U0136,2025-10-03T13:25:24Z,page_view,/category/electronics,
E0007025,S001783,U0170,2025-10-03T17:43:05Z,page_view,/search,
E0007026,S001783,U0170,2025-10-03T17:46:15Z,view_item,/product/p0330,P0330
E0007028,S001783,U0170,2025-10-03T17:48:50Z,page_view,/cart,
E0007027,S001783,U0170,2025-10-03T17:58:43Z,page_view,/search,
E0006645,S001685,U0230,2025-10-04T02:18:52Z,page_view,/,
E0006646,S001685,U0230,2025-10-04T02:19:13Z,page_view,/,
E0005333,S001354,U0230,2025-10-04T05:22:12Z,page_view,/search,
E0005335,S001354,U0230,2025-10-04T05:24:46Z,page_view,/category/beauty,
E0005334,S001354,U0230,2025-10-04T05:25:45Z,page_view,/category/shoes,
E0007184,S001827,U0079,2025-10-04T07:27:40Z,page_view,/category/beauty,
E0007185,S001827,U0079,2025-10-04T07:29:18Z,page_view,/category/beauty,
E0007186,S001827,U0079,2025-10-04T07:33:04Z,page_view,/category/electronics,
E0002419,S000622,U0166,2025-10-04T13:35:18Z,page_view,/category/home,
E0002420,S000622,U0166,2025-10-04T13:36:21Z,page_view,/search,
E0002421,S000622,U0166,2025-10-04T13:37:13Z,page_view,/category/shoes,
E0008326,S002111,U0053,2025-10-04T18:03:13Z,page_view,/category/beauty,
E0008327,S002111,U0053,2025-10-04T18:03:27Z,page_view,/category/beauty,
E0008328,S002111,U0053,2025-10-04T18:04:08Z,page_view,/search,
E0008329,S002111,U0053,2025-10-04T18:06:08Z,view_item,/product/p0140,P0140
E0008330,S002111,U0053,2025-10-04T18:09:22Z,page_view,/,
E0005876,S001492,U0032,2025-10-04T19:25:35Z,page_view,/search,
E0005879,S001492,U0032,2025-10-04T19:29:11Z,page_view,/help,
E0005877,S001492,U0032,2025-10-04T19:35:12Z,page_view,/pricing,
E0005878,S001492,U0032,2025-10-04T19:43:35Z,page_view,/,
E0009980,S002544,U0129,2025-10-05T02:11:31Z,page_view,/category/beauty,
E0009981,S002544,U0129,2025-10-05T02:12:42Z,view_item,/product/p0372,P0372
E0009982,S002544,U0129,2025-10-05T02:13:13Z,add_to_cart,/product/p0372,P0372
E0009983,S002544,U0129,2025-10-05T02:16:41Z,page_view,/category/beauty,
E0009984,S002544,U0129,2025-10-05T02:24:59Z,page_view,/category/home,
E0000472,S000118,U0092,2025-10-05T07:54:26Z,page_view,/category/shoes,
E0000473,S000118,U0092,2025-10-05T07:54:35Z,page_view,/category/shoes,
E0000474,S000118,U0092,2025-10-05T07:58:20Z,view_item,/product/p0282,P0282
E0000475,S000118,U0092,2025-10-05T08:01:18Z,page_view,/category/home,
E0000476,S000118,U0092,2025-10-05T08:02:43Z,page_view,/help,
E0000951,S000245,U0090,2025-10-06T06:09:55Z,page_view,/category/beauty,
E0000952,S000245,U0090,2025-10-06T06:10:35Z,view_item,/product/p0181,P0181
E0000953,S000245,U0090,2025-10-06T06:11:20Z,add_to_cart,/product/p0181,P0181
E0000954,S000245,U0090,2025-10-06T06:12:47Z,begin_checkout,/checkout,P0181
E0000955,S000245,U0090,2025-10-06T06:16:39Z,page_view,/pricing,
E0005823,S001475,U0215,2025-10-06T06:21:33Z,page_view,/search,
E0005829,S001475,U0215,2025-10-06T06:22:36Z,page_view,/category/beauty,
E0005824,S001475,U0215,2025-10-06T06:23:10Z,page_view,/search,
E0005828,S001475,U0215,2025-10-06T06:24:14Z,page_view,/,
E0005825,S001475,U0215,2025-10-06T06:24:28Z,view_item,/product/p0002,P0002
E0005826,S001475,U0215,2025-10-06T06:25:47Z,add_to_cart,/product/p0002,P0002
E0005827,S001475,U0215,2025-10-06T06:28:13Z,begin_checkout,/checkout,P0002
E0005743,S001455,U0101,2025-10-06T07:41:38Z,page_view,/category/home,
E0005744,S001455,U0101,2025-10-06T07:42:37Z,page_view,/search,
E0005745,S001455,U0101,2025-10-06T07:44:23Z,view_item,/product/p0345,P0345
E0005746,S001455,U0101,2025-10-06T07:48:33Z,page_view,/category/home,
E0005748,S001455,U0101,2025-10-06T07:57:18Z,page_view,/,
E0005747,S001455,U0101,2025-10-06T08:02:11Z,page_view,/,
E0006165,S001567,U0018,2025-10-06T09:01:37Z,page_view,/category/shoes,
E0006166,S001567,U0018,2025-10-06T09:06:07Z,page_view,/,
E0004971,S001261,U0213,2025-10-06T11:32:44Z,page_view,/,
E0004972,S001261,U0213,2025-10-06T11:33:33Z,page_view,/search,
E0004974,S001261,U0213,2025-10-06T11:33:46Z,page_view,/category/electronics,
E0004973,S001261,U0213,2025-10-06T11:36:19Z,view_item,/product/p0296,P0296
E0000733,S000187,U0010,2025-10-06T11:56:39Z,page_view,/category/electronics,
E0000734,S000187,U0010,2025-10-06T11:56:58Z,page_view,/category/electronics,
E0000735,S000187,U0010,2025-10-06T12:00:39Z,view_item,/product/p0421,P0421
E0008506,S002153,U0188,2025-10-06T12:12:34Z,page_view,/category/home,
E0008507,S002153,U0188,2025-10-06T12:13:32Z,page_view,/category/home,
E0008509,S002153,U0188,2025-10-06T12:13:41Z,page_view,/cart,
E0008508,S002153,U0188,2025-10-06T12:17:38Z,page_view,/help,
E0004308,S001099,U0215,2025-10-06T16:13:39Z,page_view,/category/shoes,
E0004309,S001099,U0215,2025-10-06T16:25:46Z,page_view,/category/home,
E0004311,S001099,U0215,2025-10-06T16:27:18Z,page_view,/cart,
E0004310,S001099,U0215,2025-10-06T16:45:19Z,page_view,/cart,
E0008860,S002247,U0133,2025-10-06T17:05:19Z,page_view,/category/shoes,
E0008861,S002247,U0133,2025-10-06T17:05:34Z,page_view,/category/shoes,
E0008863,S002247,U0133,2025-10-06T17:06:19Z,view_item,/product/p0364,P0364
E0008862,S002247,U0133,2025-10-06T17:06:25Z,page_view,/search,
E0008864,S002247,U0133,2025-10-06T17:06:58Z,add_to_cart,/product/p0364,P0364
E0008869,S002247,U0133,2025-10-06T17:09:06Z,page_view,/category/electronics,
E0008865,S002247,U0133,2025-10-06T17:10:09Z,begin_checkout,/checkout,P0364
E0008866,S002247,U0133,2025-10-06T17:11:01Z,purchase,/thank-you,P0364
E0008867,S002247,U0133,2025-10-06T17:17:39Z,page_view,/help,
E0008868,S002247,U0133,2025-10-06T17:20:02Z,page_view,/category/electronics,
E0009084,S002306,U0217,2025-10-07T00:45:52Z,page_view,/category/shoes,
E0009085,S002306,U0217,2025-10-07T00:46:42Z,view_item,/product/p0089,P0089
E0009086,S002306,U0217,2025-10-07T00:47:33Z,page_view,/category/shoes,
E0003892,S000992,U0222,2025-10-07T03:24:04Z,page_view,/category/home,
E0003893,S000992,U0222,2025-10-07T03:25:48Z,page_view,/search,
E0003894,S000992,U0222,2025-10-07T03:26:45Z,view_item,/product/p0452,P0452
E0003895,S000992,U0222,2025-10-07T03:30:18Z,page_view,/search,
E0004122,S001052,U0046,2025-10-07T04:33:07Z,page_view,/search,
E0004124,S001052,U0046,2025-10-07T04:34:04Z,page_view,/category/home,
E0004123,S001052,U0046,2025-10-07T04:36:52Z,page_view,/,
E0007984,S002028,U0225,2025-10-07T08:36:16Z,page_view,/category/electronics,
E0002381,S000612,U0098,2025-10-07T09:35:01Z,page_view,/,
E0009076,S002303,U0043,2025-10-07T16:08:59Z,page_view,/,
E0009079,S002303,U0043,2025-10-07T16:12:12Z,page_view,/,
E0009077,S002303,U0043,2025-10-07T16:15:54Z,page_view,/help,
E0009078,S002303,U0043,2025-10-07T16:34:32Z,page_view,/category/shoes,
E0006089,S001545,U0241,2025-10-07T20:12:11Z,page_view,/category/electronics,
E0006092,S001545,U0241,2025-10-07T20:18:21Z,page_view,/help,
E0006091,S001545,U0241,2025-10-07T20:26:51Z,page_view,/category/beauty,
E0006090,S001545,U0241,2025-10-07T20:46:27Z,page_view,/help,
E0009372,S002382,U0063,2025-10-08T02:23:09Z,page_view,/category/home,
E0009373,S002382,U0063,2025-10-08T02:39:39Z,page_view,/category/home,
E0009374,S002382,U0063,2025-10-08T02:43:42Z,page_view,/category/beauty,
E0009972,S002542,U0007,2025-10-08T02:48:25Z,page_view,/search,
E0007062,S001795,U0077,2025-10-08T04:04:06Z,page_view,/category/shoes,
E0004601,S001166,U0063,2025-10-08T15:06:33Z,page_view,/,
E0004602,S001166,U0063,2025-10-08T15:07:22Z,page_view,/search,
E0004603,S001166,U0063,2025-10-08T15:10:02Z,view_item,/product/p0056,P0056
E0004604,S001166,U0063,2025-10-08T15:24:32Z,page_view,/,
E0004606,S001166,U0063,2025-10-08T15:30:58Z,page_view,/search,
E0004605,S001166,U0063,2025-10-08T15:32:37Z,page_view,/category/electronics,
E0000670,S000170,U0238,2025-10-08T17:01:54Z,page_view,/,
E0000671,S000170,U0238,2025-10-08T17:02:10Z,page_view,/,
E0000672,S000170,U0238,2025-10-08T17:04:33Z,view_item,/product/p0329,P0329
E0000673,S000170,U0238,2025-10-08T17:05:29Z,add_to_cart,/product/p0329,P0329
E0000676,S000170,U0238,2025-10-08T17:06:01Z,page_view,/search,
E0000675,S000170,U0238,2025-10-08T17:10:00Z,page_view,/pricing,
E0000674,S000170,U0238,2025-10-08T17:15:43Z,page_view,/category/electronics,
E0002085,S000540,U0149,2025-10-08T21:22:13Z,page_view,/search,
E0002087,S000540,U0149,2025-10-08T21:29:23Z,page_view,/pricing,
E0002086,S000540,U0149,2025-10-08T21:32:24Z,page_view,/pricing,
E0002088,S000540,U0149,2025-10-08T21:39:34Z,page_view,/cart,
E0000761,S000194,U0138,2025-10-09T02:58:33Z,page_view,/category/home,
E0000763,S000194,U0138,2025-10-09T03:02:52Z,page_view,/category/home,
E0000762,S000194,U0138,2025-10-09T03:17:07Z,page_view,/,
E0000764,S000194,U0138,2025-10-09T03:18:07Z,page_view,/,
E0003588,S000912,U0178,2025-10-09T09:11:48Z,page_view,/category/home,
E0003589,S000912,U0178,2025-10-09T09:11:57Z,page_view,/category/home,
E0003590,S000912,U0178,2025-10-09T09:14:41Z,page_view,/category/shoes,
E0003243,S000825,U0031,2025-10-09T10:08:09Z,page_view,/category/electronics,
E0003246,S000825,U0031,2025-10-09T10:23:17Z,page_view,/,
E0003245,S000825,U0031,2025-10-09T10:25:21Z,page_view,/search,
E0009556,S002426,U0060,2025-10-09T10:26:40Z,page_view,/category/shoes,
E0003244,S000825,U0031,2025-10-09T10:30:10Z,page_view,/category/electronics,
E0009557,S002426,U0060,2025-10-09T10:34:19Z,page_view,/cart,
E0009559,S002426,U0060,2025-10-09T10:35:08Z,page_view,/pricing,
E0009558,S002426,U0060,2025-10-09T10:40:33Z,page_view,/help,
E0005292,S001345,U0085,2025-10-09T17:46:59Z,page_view,/category/home,
E0003730,S000950,U0146,2025-10-09T17:59:26Z,page_view,/,
E0005293,S001345,U0085,2025-10-09T17:59:53Z,page_view,/category/beauty,
E0003731,S000950,U0146,2025-10-09T18:07:40Z,page_view,/,
E0005294,S001345,U0085,2025-10-09T18:11:45Z,page_view,/cart,
E0005295,S001345,U0085,2025-10-09T18:14:37Z,page_view,/help,
E0008907,S002259,U0107,2025-10-09T18:31:45Z,page_view,/category/beauty,
E0008908,S002259,U0107,2025-10-09T18:35:07Z,view_item,/product/p0234,P0234
E0008910,S002259,U0107,2025-10-09T18:36:33Z,page_view,/category/home,
E0008909,S002259,U0107,2025-10-09T18:51:09Z,page_view,/cart,
E0002884,S000734,U0154,2025-10-10T02:55:13Z,page_view,/search,
E0002886,S000734,U0154,2025-10-10T02:55:58Z,view_item,/product/p0332,P0332
E0002885,S000734,U0154,2025-10-10T02:56:34Z,page_view,/search,
E0002887,S000734,U0154,2025-10-10T02:57:14Z,add_to_cart,/product/p0332,P0332
E0002888,S000734,U0154,2025-10-10T02:58:43Z,begin_checkout,/checkout,P0332
E0002889,S000734,U0154,2025-10-10T03:06:50Z,page_view,/,
E0002891,S000734,U0154,2025-10-10T03:09:43Z,page_view,/cart,
E0002890,S000734,U0154,2025-10-10T03:24:54Z,page_view,/,
E0007485,S001901,U0126,2025-10-10T10:05:12Z,page_view,/category/electronics,
E0007486,S001901,U0126,2025-10-10T10:22:43Z,page_view,/search,
E0004269,S001092,U0046,2025-10-10T16:48:42Z,page_view,/search,
E0004270,S001092,U0046,2025-10-10T16:48:51Z,page_view,/search,
E0004271,S001092,U0046,2025-10-10T16:49:08Z,page_view,/search,
E0004272,S001092,U0046,2025-10-10T16:51:06Z,view_item,/product/p0214,P0214
E0004273,S001092,U0046,2025-10-10T16:52:06Z,add_to_cart,/product/p0214,P0214
E0004278,S001092,U0046,2025-10-10T16:55:30Z,page_view,/category/beauty,
E0004274,S001092,U0046,2025-10-10T16:55:52Z,begin_checkout,/checkout,P0214
E0004275,S001092,U0046,2025-10-10T16:57:11Z,purchase,/thank-you,P0214
E0004276,S001092,U0046,2025-10-10T16:57:13Z,page_view,/help,
E0004277,S001092,U0046,2025-10-10T16:57:16Z,page_view,/,
E0004679,S001187,U0030,2025-10-10T17:36:06Z,page_view,/category/home,
E0004680,S001187,U0030,2025-10-10T17:39:52Z,page_view,/category/electronics,
E0004681,S001187,U0030,2025-10-10T17:42:15Z,page_view,/category/shoes,
E0009008,S002287,U0035,2025-10-10T21:24:46Z,page_view,/category/home,
E0009009,S002287,U0035,2025-10-10T21:31:55Z,page_view,/pricing,
E0003955,S001008,U0005,2025-10-11T01:59:43Z,page_view,/category/shoes,
E0004855,S001236,U0072,2025-10-11T06:03:28Z,page_view,/category/electronics,
E0003961,S001010,U0074,2025-10-11T07:37:18Z,page_view,/category/beauty,
E0003962,S001010,U0074,2025-10-11T07:41:16Z,view_item,/product/p0301,P0301
E0003963,S001010,U0074,2025-10-11T07:43:59Z,add_to_cart,/product/p0301,P0301
E0003964,S001010,U0074,2025-10-11T07:45:34Z,begin_checkout,/checkout,P0301
E0003965,S001010,U0074,2025-10-11T07:47:56Z,purchase,/thank-you,P0301
E0006826,S001732,U0197,2025-10-11T13:49:12Z,page_view,/,
E0006827,S001732,U0197,2025-10-11T13:51:08Z,page_view,/category/shoes,
E0006828,S001732,U0197,2025-10-11T14:01:11Z,page_view,/pricing,
E0006829,S001732,U0197,2025-10-11T14:09:03Z,page_view,/cart,
E0007190,S001829,U0037,2025-10-11T16:17:02Z,page_view,/category/beauty,
E0007191,S001829,U0037,2025-10-11T16:17:56Z,page_view,/search,
E0007193,S001829,U0037,2025-10-11T16:19:50Z,page_view,/help,
E0007192,S001829,U0037,2025-10-11T16:20:14Z,view_item,/product/p0309,P0309
E0008363,S002119,U0211,2025-10-12T01:35:50Z,page_view,/search,
E0008365,S002119,U0211,2025-10-12T01:41:57Z,page_view,/pricing,
E0008364,S002119,U0211,2025-10-12T01:53:42Z,page_view,/category/electronics,
E0004658,S001181,U0032,2025-10-12T04:14:05Z,page_view,/search,
E0004659,S001181,U0032,2025-10-12T04:15:24Z,view_item,/product/p0447,P0447
E0004661,S001181,U0032,2025-10-12T04:15:25Z,page_view,/pricing,
E0004662,S001181,U0032,2025-10-12T04:16:14Z,page_view,/help,
E0004660,S001181,U0032,2025-10-12T04:17:29Z,page_view,/category/electronics,
E0004854,S001235,U0187,2025-10-12T05:06:26Z,page_view,/category/shoes,
E0006419,S001623,U0061,2025-10-12T05:50:56Z,page_view,/category/electronics,
E0006420,S001623,U0061,2025-10-12T05:57:49Z,page_view,/,
E0006421,S001623,U0061,2025-10-12T05:59:00Z,page_view,/category/beauty,
E0002929,S000744,U0107,2025-10-12T06:26:26Z,page_view,/search,
E0002931,S000744,U0107,2025-10-12T06:29:30Z,page_view,/,
E0002930,S000744,U0107,2025-10-12T06:35:27Z,page_view,/category/home,
E0004990,S001265,U0176,2025-10-12T08:40:38Z,page_view,/,
E0004993,S001265,U0176,2025-10-12T08:41:38Z,page_view,/search,
E0004991,S001265,U0176,2025-10-12T08:42:47Z,page_view,/category/shoes,
E0004992,S001265,U0176,2025-10-12T08:49:17Z,page_view,/search,
E0006657,S001689,U0239,2025-10-12T10:17:19Z,page_view,/category/home,
E0006658,S001689,U0239,2025-10-12T10:17:26Z,page_view,/category/home,
E0006659,S001689,U0239,2025-10-12T10:18:13Z,page_view,/search,
E0006660,S001689,U0239,2025-10-12T10:18:54Z,view_item,/product/p0119,P0119
E0006662,S001689,U0239,2025-10-12T10:32:06Z,page_view,/category/electronics,
E0006663,S001689,U0239,2025-10-12T10:36:46Z,page_view,/category/electronics,
E0006661,S001689,U0239,2025-10-12T10:51:00Z,page_view,/category/beauty,
E0008039,S002044,U0122,2025-10-12T12:05:54Z,page_view,/category/electronics,
E0008040,S002044,U0122,2025-10-12T12:08:27Z,view_item,/product/p0304,P0304
E0007805,S001985,U0205,2025-10-12T13:49:53Z,page_view,/,
E0007806,S001985,U0205,2025-10-12T13:50:12Z,page_view,/,
E0007807,S001985,U0205,2025-10-12T13:51:33Z,view_item,/product/p0430,P0430
E0007809,S001985,U0205,2025-10-12T14:00:48Z,page_view,/pricing,
E0007808,S001985,U0205,2025-10-12T14:01:33Z,page_view,/,
E0007891,S002003,U0169,2025-10-12T17:01:12Z,page_view,/category/electronics,
E0007892,S002003,U0169,2025-10-12T17:03:36Z,view_item,/product/p0048,P0048
E0001425,S000373,U0165,2025-10-12T19:02:23Z,page_view,/category/beauty,
E0001426,S000373,U0165,2025-10-12T19:02:32Z,page_view,/category/beauty,
E0001580,S000408,U0148,2025-10-12T21:46:29Z,page_view,/,
E0002902,S000737,U0056,2025-10-12T22:24:47Z,page_view,/category/shoes,
E0002903,S000737,U0056,2025-10-12T22:25:56Z,page_view,/search,
E0002904,S000737,U0056,2025-10-12T22:26:15Z,view_item,/product/p0048,P0048
E0002905,S000737,U0056,2025-10-12T22:26:37Z,page_view,/category/shoes,
E0002906,S000737,U0056,2025-10-12T23:07:43Z,page_view,/category/beauty,
E0005048,S001284,U0197,2025-10-13T05:43:49Z,page_view,/category/shoes,
E0005050,S001284,U0197,2025-10-13T05:45:33Z,page_view,/category/electronics,
E0005049,S001284,U0197,2025-10-13T05:47:23Z,page_view,/category/electronics,
E0008745,S002215,U0070,2025-10-13T09:01:50Z,page_view,/category/home,
E0008748,S002215,U0070,2025-10-13T09:12:59Z,page_view,/,
E0008746,S002215,U0070,2025-10-13T09:29:49Z,page_view,/help,
E0008747,S002215,U0070,2025-10-13T09:42:29Z,page_view,/cart,
E0006622,S001676,U0163,2025-10-14T02:30:20Z,page_view,/category/beauty,
E0006624,S001676,U0163,2025-10-14T02:32:00Z,view_item,/product/p0290,P0290
E0006623,S001676,U0163,2025-10-14T02:32:01Z,page_view,/search,
E0009693,S002465,U0228,2025-10-14T07:21:51Z,page_view,/category/shoes,
E0009694,S002465,U0228,2025-10-14T07:39:02Z,page_view,/category/beauty,
E0005092,S001299,U0226,2025-10-14T20:40:06Z,page_view,/search,
E0005093,S001299,U0226,2025-10-14T20:40:25Z,page_view,/search,
E0005094,S001299,U0226,2025-10-14T20:41:01Z,page_view,/search,
E0005095,S001299,U0226,2025-10-14T20:41:02Z,view_item,/product/p0004,P0004
E0005096,S001299,U0226,2025-10-14T20:43:18Z,add_to_cart,/product/p0004,P0004
E0005097,S001299,U0226,2025-10-14T20:47:48Z,page_view,/,
E0005098,S001299,U0226,2025-10-14T21:19:34Z,page_view,/help,
E0007246,S001844,U0138,2025-10-14T22:37:18Z,page_view,/search,
E0007248,S001844,U0138,2025-10-14T22:40:14Z,page_view,/,
E0007247,S001844,U0138,2025-10-14T23:14:38Z,page_view,/pricing,
E0002120,S000548,U0133,2025-10-15T10:30:28Z,page_view,/,
E0002121,S000548,U0133,2025-10-15T10:31:43Z,page_view,/category/shoes,
E0002123,S000548,U0133,2025-10-15T10:38:49Z,page_view,/,
E0002122,S000548,U0133,2025-10-15T10:46:10Z,page_view,/,
E0003072,S000780,U0111,2025-10-15T11:13:56Z,page_view,/category/electronics,
E0003073,S000780,U0111,2025-10-15T11:15:48Z,page_view,/search,
E0003074,S000780,U0111,2025-10-15T11:17:41Z,view_item,/product/p0069,P0069
E0003077,S000780,U0111,2025-10-15T11:19:52Z,page_view,/category/electronics,
E0003075,S000780,U0111,2025-10-15T11:20:31Z,add_to_cart,/product/p0069,P0069
E0003076,S000780,U0111,2025-10-15T11:29:21Z,page_view,/,
E0000047,S000013,U0058,2025-10-15T11:54:44Z,page_view,/search,
E0000050,S000013,U0058,2025-10-15T12:01:47Z,page_view,/category/beauty,
E0000048,S000013,U0058,2025-10-15T12:08:39Z,page_view,/,
E0000049,S000013,U0058,2025-10-15T12:18:01Z,page_view,/,
E0002495,S000640,U0216,2025-10-15T15:40:40Z,page_view,/category/beauty,
E0002498,S000640,U0216,2025-10-15T16:01:44Z,page_view,/pricing,
E0002497,S000640,U0216,2025-10-15T16:02:28Z,page_view,/category/shoes,
E0002496,S000640,U0216,2025-10-15T16:03:09Z,page_view,/search,
E0004482,S001144,U0245,2025-10-16T01:08:06Z,page_view,/category/beauty,
E0004483,S001144,U0245,2025-10-16T01:08:14Z,page_view,/category/beauty,
E0004485,S001144,U0245,2025-10-16T01:09:04Z,view_item,/product/p0339,P0339
E0004484,S001144,U0245,2025-10-16T01:09:05Z,page_view,/search,
E0004486,S001144,U0245,2025-10-16T01:12:22Z,page_view,/,
E0006870,S001744,U0056,2025-10-16T01:56:34Z,page_view,/category/shoes,
E0006871,S001744,U0056,2025-10-16T01:56:45Z,page_view,/category/shoes,
E0006872,S001744,U0056,2025-10-16T01:57:43Z,page_view,/search,
E0006876,S001744,U0056,2025-10-16T01:57:54Z,page_view,/category/home,
E0006875,S001744,U0056,2025-10-16T01:58:10Z,page_view,/help,
E0006874,S001744,U0056,2025-10-16T01:58:18Z,page_view,/cart,
E0006873,S001744,U0056,2025-10-16T02:00:00Z,view_item,/product/p0120,P0120
E0007856,S001996,U0166,2025-10-16T03:43:20Z,page_view,/,
E0007857,S001996,U0166,2025-10-16T03:43:26Z,page_view,/,
E0000258,S000065,U0032,2025-10-16T05:26:09Z,page_view,/category/home,
E0000259,S000065,U0032,2025-10-16T05:28:46Z,view_item,/product/p0005,P0005
E0000261,S000065,U0032,2025-10-16T05:34:11Z,page_view,/category/home,
E0000260,S000065,U0032,2025-10-16T05:55:17Z,page_view,/category/beauty,
E0000519,S000133,U0122,2025-10-16T07:36:05Z,page_view,/search,
E0000520,S000133,U0122,2025-10-16T07:38:40Z,page_view,/category/electronics,
E0000522,S000133,U0122,2025-10-16T07:39:18Z,page_view,/search,
E0000521,S000133,U0122,2025-10-16T07:45:57Z,page_view,/category/shoes,
E0007571,S001925,U0064,2025-10-16T08:56:56Z,page_view,/search,
E0007572,S001925,U0064,2025-10-16T08:58:29Z,page_view,/search,
E0007573,S001925,U0064,2025-10-16T09:00:07Z,view_item,/product/p0137,P0137
E0000305,S000074,U0125,2025-10-16T15:24:17Z,page_view,/category/beauty,
E0000306,S000074,U0125,2025-10-16T15:25:39Z,page_view,/search,
E0000308,S000074,U0125,2025-10-16T15:25:39Z,page_view,/search,
E0000307,S000074,U0125,2025-10-16T15:27:41Z,view_item,/product/p0060,P0060
E0000384,S000096,U0196,2025-10-16T15:38:30Z,page_view,/,
E0000385,S000096,U0196,2025-10-16T15:38:48Z,page_view,/,
E0000386,S000096,U0196,2025-10-16T15:55:30Z,page_view,/pricing,
E0004611,S001169,U0049,2025-10-16T16:49:59Z,page_view,/,
E0004615,S001169,U0049,2025-10-16T16:52:41Z,page_view,/search,
E0004612,S001169,U0049,2025-10-16T16:53:24Z,view_item,/product/p0413,P0413
E0004614,S001169,U0049,2025-10-16T17:00:15Z,page_view,/cart,
E0004613,S001169,U0049,2025-10-16T17:05:27Z,page_view,/help,
E0009954,S002537,U0184,2025-10-16T18:58:32Z,page_view,/category/electronics,
E0009957,S002537,U0184,2025-10-16T19:00:44Z,page_view,/category/home,
E0009955,S002537,U0184,2025-10-16T19:15:39Z,page_view,/search,
E0009956,S002537,U0184,2025-10-16T19:21:22Z,page_view,/search,
E0003091,S000784,U0008,2025-10-17T04:49:14Z,page_view,/category/home,
E0003092,S000784,U0008,2025-10-17T04:50:42Z,page_view,/search,
E0003093,S000784,U0008,2025-10-17T04:51:53Z,view_item,/product/p0152,P0152
E0005899,S001498,U0026,2025-10-17T06:09:55Z,page_view,/,
E0005900,S001498,U0026,2025-10-17T06:16:39Z,page_view,/category/shoes,
E0005901,S001498,U0026,2025-10-17T06:17:04Z,page_view,/category/home,
E0005902,S001498,U0026,2025-10-17T06:22:23Z,page_view,/,
E0008729,S002211,U0217,2025-10-17T10:42:21Z,page_view,/category/electronics,
E0008730,S002211,U0217,2025-10-17T10:51:04Z,page_view,/category/home,
E0008731,S002211,U0217,2025-10-17T10:54:10Z,page_view,/pricing,
E0008732,S002211,U0217,2025-10-17T10:59:03Z,page_view,/category/home,
E0008278,S002100,U0045,2025-10-17T16:38:13Z,page_view,/category/home,
E0008279,S002100,U0045,2025-10-17T16:40:33Z,view_item,/product/p0225,P0225
E0008280,S002100,U0045,2025-10-17T16:59:15Z,page_view,/category/electronics,
E0005581,S001413,U0033,2025-10-17T20:01:44Z,page_view,/category/beauty,
E0005585,S001413,U0033,2025-10-17T20:02:27Z,page_view,/search,
E0005582,S001413,U0033,2025-10-17T20:02:35Z,page_view,/search,
E0005583,S001413,U0033,2025-10-17T20:04:04Z,view_item,/product/p0084,P0084
E0005584,S001413,U0033,2025-10-17T20:04:35Z,page_view,/,
E0005586,S001413,U0033,2025-10-17T20:16:11Z,page_view,/category/shoes,
E0007499,S001905,U0221,2025-10-17T20:31:46Z,page_view,/category/electronics,
E0007500,S001905,U0221,2025-10-17T20:31:59Z,page_view,/category/electronics,
E0006735,S001710,U0207,2025-10-18T04:52:59Z,page_view,/category/home,
E0006736,S001710,U0207,2025-10-18T04:53:20Z,page_view,/category/home,
E0006738,S001710,U0207,2025-10-18T04:56:58Z,page_view,/,
E0006739,S001710,U0207,2025-10-18T04:58:20Z,page_view,/help,
E0006737,S001710,U0207,2025-10-18T05:08:35Z,page_view,/search,
E0008776,S002225,U0193,2025-10-18T16:13:47Z,page_view,/category/beauty,
E0008778,S002225,U0193,2025-10-18T16:15:08Z,page_view,/category/beauty,
E0008779,S002225,U0193,2025-10-18T16:15:32Z,page_view,/search,
E0008777,S002225,U0193,2025-10-18T16:15:55Z,page_view,/category/home,
E0007943,S002017,U0054,2025-10-18T17:51:29Z,page_view,/,
E0007944,S002017,U0054,2025-10-18T17:52:58Z,page_view,/search,
E0007945,S002017,U0054,2025-10-18T17:55:19Z,view_item,/product/p0269,P0269
E0007949,S002017,U0054,2025-10-18T17:55:25Z,page_view,/category/electronics,
E0007946,S002017,U0054,2025-10-18T17:58:18Z,add_to_cart,/product/p0269,P0269
E0007947,S002017,U0054,2025-10-18T18:00:35Z,begin_checkout,/checkout,P0269
E0007948,S002017,U0054,2025-10-18T18:21:49Z,page_view,/,
E0005281,S001342,U0070,2025-10-19T03:16:23Z,page_view,/category/shoes,
E0005282,S001342,U0070,2025-10-19T03:18:15Z,page_view,/search,
E0005283,S001342,U0070,2025-10-19T03:20:13Z,view_item,/product/p0004,P0004
E0009346,S002374,U0105,2025-10-19T03:40:40Z,page_view,/search,
E0005284,S001342,U0070,2025-10-19T03:42:16Z,page_view,/pricing,
E0009347,S002374,U0105,2025-10-19T03:43:12Z,view_item,/product/p0239,P0239
E0009349,S002374,U0105,2025-10-19T03:45:30Z,page_view,/help,
E0009348,S002374,U0105,2025-10-19T03:46:10Z,add_to_cart,/product/p0239,P0239
E0009580,S002433,U0035,2025-10-19T07:31:52Z,page_view,/category/electronics,
E0009581,S002433,U0035,2025-10-19T07:32:08Z,page_view,/category/electronics,
E0009582,S002433,U0035,2025-10-19T07:36:27Z,page_view,/help,
E0005256,S001338,U0098,2025-10-19T10:07:48Z,page_view,/,
E0005263,S001338,U0098,2025-10-19T10:08:37Z,page_view,/search,
E0005262,S001338,U0098,2025-10-19T10:08:45Z,page_view,/category/shoes,
E0005264,S001338,U0098,2025-10-19T10:08:45Z,page_view,/search,
E0005258,S001338,U0098,2025-10-19T10:09:12Z,view_item,/product/p0017,P0017
E0005257,S001338,U0098,2025-10-19T10:09:25Z,page_view,/search,
E0005261,S001338,U0098,2025-10-19T10:10:25Z,purchase,/thank-you,P0017
E0005259,S001338,U0098,2025-10-19T10:10:29Z,add_to_cart,/product/p0017,P0017
E0005260,S001338,U0098,2025-10-19T10:10:50Z,begin_checkout,/checkout,P0017
E0003745,S000956,U0032,2025-10-19T10:45:46Z,page_view,/category/shoes,
E0003746,S000956,U0032,2025-10-19T10:48:45Z,view_item,/product/p0477,P0477
E0010007,S002551,U0141,2025-10-19T15:13:53Z,page_view,/category/beauty,
E0010008,S002551,U0141,2025-10-19T15:14:54Z,page_view,/search,
E0010009,S002551,U0141,2025-10-19T15:15:24Z,view_item,/product/p0096,P0096
E0001078,S000279,U0241,2025-10-20T03:30:28Z,page_view,/category/beauty,
E0001079,S000279,U0241,2025-10-20T03:30:52Z,page_view,/category/beauty,
E0001082,S000279,U0241,2025-10-20T03:32:46Z,page_view,/cart,
E0001080,S000279,U0241,2025-10-20T03:35:46Z,page_view,/category/shoes,
E0001081,S000279,U0241,2025-10-20T03:40:35Z,page_view,/category/home,
E0000246,S000062,U0092,2025-10-20T03:49:54Z,page_view,/category/shoes,
E0000248,S000062,U0092,2025-10-20T04:05:54Z,page_view,/,
E0000247,S000062,U0092,2025-10-20T04:06:34Z,page_view,/search,
E0000249,S000062,U0092,2025-10-20T04:08:20Z,page_view,/,
E0000335,S000082,U0070,2025-10-20T08:25:45Z,page_view,/,
E0000336,S000082,U0070,2025-10-20T08:28:35Z,view_item,/product/p0181,P0181
E0000337,S000082,U0070,2025-10-20T08:29:10Z,add_to_cart,/product/p0181,P0181
E0009867,S002511,U0106,2025-10-20T09:48:05Z,page_view,/category/electronics,
E0009868,S002511,U0106,2025-10-20T09:51:01Z,view_item,/product/p0476,P0476
E0009870,S002511,U0106,2025-10-20T09:51:34Z,page_view,/,
E0009871,S002511,U0106,2025-10-20T10:05:26Z,page_view,/,
E0009869,S002511,U0106,2025-10-20T10:05:45Z,page_view,/cart,
E0000212,S000053,U0065,2025-10-20T22:21:08Z,page_view,/category/electronics,
E0000213,S000053,U0065,2025-10-20T22:21:25Z,page_view,/category/electronics,
E0000214,S000053,U0065,2025-10-20T22:23:12Z,view_item,/product/p0030,P0030
E0007971,S002024,U0160,2025-10-20T23:24:40Z,page_view,/category/beauty,
E0007972,S002024,U0160,2025-10-20T23:25:10Z,page_view,/search,
E0007973,S002024,U0160,2025-10-20T23:26:51Z,view_item,/product/p0022,P0022
E0007974,S002024,U0160,2025-10-21T00:03:15Z,page_view,/category/shoes,
E0006032,S001530,U0108,2025-10-21T02:24:06Z,page_view,/category/home,
E0006033,S001530,U0108,2025-10-21T02:25:47Z,view_item,/product/p0084,P0084
E0006034,S001530,U0108,2025-10-21T02:26:27Z,add_to_cart,/product/p0084,P0084
E0006035,S001530,U0108,2025-10-21T02:29:29Z,begin_checkout,/checkout,P0084
E0006036,S001530,U0108,2025-10-21T02:33:13Z,purchase,/thank-you,P0084
E0006037,S001530,U0108,2025-10-21T02:34:54Z,page_view,/help,
E0006308,S001599,U0142,2025-10-21T02:45:33Z,page_view,/category/shoes,
E0006309,S001599,U0142,2025-10-21T02:45:58Z,page_view,/search,
E0006310,S001599,U0142,2025-10-21T02:47:11Z,view_item,/product/p0433,P0433
E0006311,S001599,U0142,2025-10-21T02:49:13Z,add_to_cart,/product/p0433,P0433
E0006312,S001599,U0142,2025-10-21T02:56:05Z,page_view,/category/shoes,
E0006314,S001599,U0142,2025-10-21T03:01:14Z,page_view,/category/shoes,
E0006313,S001599,U0142,2025-10-21T03:04:30Z,page_view,/help,
E0009677,S002462,U0037,2025-10-21T04:45:23Z,page_view,/category/beauty,
E0009678,S002462,U0037,2025-10-21T04:45:47Z,page_view,/category/beauty,
E0009679,S002462,U0037,2025-10-21T04:47:04Z,page_view,/,
E0008612,S002182,U0021,2025-10-21T06:28:25Z,page_view,/,
E0008613,S002182,U0021,2025-10-21T06:28:32Z,page_view,/,
E0008614,S002182,U0021,2025-10-21T06:28:54Z,page_view,/search,
E0008615,S002182,U0021,2025-10-21T06:30:21Z,view_item,/product/p0237,P0237
E0008616,S002182,U0021,2025-10-21T06:34:04Z,page_view,/search,
E0003711,S000944,U0062,2025-10-21T09:51:24Z,page_view,/category/home,
E0003712,S000944,U0062,2025-10-21T09:51:42Z,page_view,/category/home,
E0003713,S000944,U0062,2025-10-21T09:54:44Z,view_item,/product/p0160,P0160
E0000480,S000120,U0183,2025-10-21T10:23:06Z,page_view,/,
E0000481,S000120,U0183,2025-10-21T10:23:12Z,page_view,/,
E0001062,S000271,U0152,2025-10-21T15:26:08Z,page_view,/category/beauty,
E0001063,S000271,U0152,2025-10-21T15:26:26Z,page_view,/category/beauty,
E0002285,S000592,U0222,2025-10-21T23:18:05Z,page_view,/,
E0002286,S000592,U0222,2025-10-21T23:20:06Z,view_item,/product/p0013,P0013
E0002287,S000592,U0222,2025-10-21T23:32:34Z,page_view,/category/shoes,
E0002528,S000648,U0235,2025-10-22T00:01:39Z,page_view,/,
E0002529,S000648,U0235,2025-10-22T00:17:39Z,page_view,/,
E0003950,S001007,U0010,2025-10-22T04:12:46Z,page_view,/category/beauty,
E0003951,S001007,U0010,2025-10-22T04:12:59Z,page_view,/category/beauty,
E0003952,S001007,U0010,2025-10-22T04:14:19Z,view_item,/product/p0028,P0028
E0003954,S001007,U0010,2025-10-22T04:14:40Z,page_view,/category/electronics,
E0003953,S001007,U0010,2025-10-22T04:25:17Z,page_view,/category/shoes,
E0009833,S002503,U0238,2025-10-22T05:11:58Z,page_view,/category/shoes,
E0009834,S002503,U0238,2025-10-22T05:12:18Z,page_view,/search,
E0009835,S002503,U0238,2025-10-22T05:13:54Z,view_item,/product/p0149,P0149
E0005265,S001339,U0215,2025-10-22T06:22:57Z,page_view,/search,
E0005266,S001339,U0215,2025-10-22T06:23:20Z,page_view,/search,
E0005267,S001339,U0215,2025-10-22T06:24:56Z,page_view,/,
E0005269,S001339,U0215,2025-10-22T06:25:17Z,page_view,/category/home,
E0005268,S001339,U0215,2025-10-22T06:29:45Z,page_view,/category/beauty,
E0001860,S000478,U0136,2025-10-22T08:54:00Z,page_view,/category/beauty,
E0001861,S000478,U0136,2025-10-22T08:55:21Z,page_view,/search,
E0001862,S000478,U0136,2025-10-22T08:56:43Z,view_item,/product/p0166,P0166
E0001863,S000478,U0136,2025-10-22T09:04:26Z,page_view,/category/home,
E0003742,S000954,U0104,2025-10-22T09:41:07Z,page_view,/search,
E0003743,S000954,U0104,2025-10-22T09:43:36Z,page_view,/category/beauty,
E0002439,S000628,U0106,2025-10-22T10:34:27Z,page_view,/category/shoes,
E0002444,S000628,U0106,2025-10-22T10:36:03Z,page_view,/category/home,
E0002442,S000628,U0106,2025-10-22T10:36:12Z,page_view,/help,
E0002443,S000628,U0106,2025-10-22T10:36:30Z,page_view,/category/home,
E0002440,S000628,U0106,2025-10-22T10:37:53Z,view_item,/product/p0230,P0230
E0002441,S000628,U0106,2025-10-22T10:40:27Z,add_to_cart,/product/p0230,P0230
E0010145,S002584,U0146,2025-10-22T14:35:20Z,page_view,/category/home,
E0000015,S000004,U0215,2025-10-22T16:15:40Z,page_view,/category/shoes,
E0000016,S000004,U0215,2025-10-22T16:18:45Z,view_item,/product/p0488,P0488
E0000018,S000004,U0215,2025-10-22T16:30:06Z,page_view,/cart,
E0000017,S000004,U0215,2025-10-22T16:42:11Z,page_view,/category/electronics,
E0000019,S000004,U0215,2025-10-22T16:42:50Z,page_view,/help,
E0005156,S001314,U0215,2025-10-22T17:57:49Z,page_view,/category/electronics,
E0005158,S001314,U0215,2025-10-22T17:58:35Z,view_item,/product/p0419,P0419
E0005157,S001314,U0215,2025-10-22T17:59:20Z,page_view,/search,
E0005159,S001314,U0215,2025-10-22T18:03:05Z,page_view,/category/beauty,
E0006159,S001563,U0158,2025-10-23T01:22:58Z,page_view,/category/electronics,
E0006160,S001563,U0158,2025-10-23T01:34:06Z,page_view,/category/home,
E0007937,S002015,U0207,2025-10-23T02:47:19Z,page_view,/category/electronics,
E0007938,S002015,U0207,2025-10-23T02:53:50Z,page_view,/help,
E0002388,S000615,U0079,2025-10-23T05:39:48Z,page_view,/,
E0002390,S000615,U0079,2025-10-23T05:47:07Z,page_view,/cart,
E0002389,S000615,U0079,2025-10-23T05:51:52Z,page_view,/,
E0009805,S002496,U0034,2025-10-23T09:26:07Z,page_view,/,
E0001766,S000456,U0054,2025-10-23T09:55:14Z,page_view,/category/shoes,
E0009806,S002496,U0034,2025-10-23T10:03:43Z,page_view,/,
E0001768,S000456,U0054,2025-10-23T10:14:21Z,page_view,/cart,
E0001767,S000456,U0054,2025-10-23T10:22:56Z,page_view,/category/shoes,
E0003534,S000900,U0143,2025-10-23T11:38:37Z,page_view,/category/electronics,
E0003535,S000900,U0143,2025-10-23T11:38:48Z,page_view,/category/electronics,
E0007111,S001806,U0017,2025-10-23T22:17:19Z,page_view,/,
E0007113,S001806,U0017,2025-10-23T22:18:12Z,page_view,/pricing,
E0007112,S001806,U0017,2025-10-23T22:20:55Z,view_item,/product/p0021,P0021
E0003032,S000769,U0013,2025-10-24T07:33:35Z,page_view,/category/home,
E0003033,S000769,U0013,2025-10-24T07:42:58Z,page_view,/,
E0003034,S000769,U0013,2025-10-24T07:58:09Z,page_view,/search,
E0003035,S000769,U0013,2025-10-24T08:01:51Z,page_view,/category/home,
E0006625,S001677,U0178,2025-10-24T10:12:37Z,page_view,/search,
E0005734,S001452,U0098,2025-10-24T11:35:36Z,page_view,/,
E0005736,S001452,U0098,2025-10-24T11:37:24Z,view_item,/product/p0265,P0265
E0005735,S001452,U0098,2025-10-24T11:37:26Z,page_view,/search,
E0005737,S001452,U0098,2025-10-24T11:37:37Z,add_to_cart,/product/p0265,P0265
E0008804,S002233,U0031,2025-10-24T14:36:43Z,page_view,/,
E0008805,S002233,U0031,2025-10-24T14:36:59Z,page_view,/,
E0001981,S000512,U0030,2025-10-24T20:19:05Z,page_view,/category/shoes,
E0001983,S000512,U0030,2025-10-24T20:20:19Z,view_item,/product/p0183,P0183
E0001982,S000512,U0030,2025-10-24T20:20:53Z,page_view,/search,
E0001984,S000512,U0030,2025-10-24T20:46:58Z,page_view,/category/shoes,
E0002268,S000589,U0054,2025-10-24T22:41:18Z,page_view,/,
E0002269,S000589,U0054,2025-10-24T22:41:33Z,page_view,/,
E0002271,S000589,U0054,2025-10-24T23:05:27Z,page_view,/,
E0002270,S000589,U0054,2025-10-24T23:06:02Z,page_view,/category/home,
E0003751,S000958,U0125,2025-10-25T00:03:18Z,page_view,/category/shoes,
E0003752,S000958,U0125,2025-10-25T00:03:40Z,page_view,/category/shoes,
E0003753,S000958,U0125,2025-10-25T00:06:47Z,view_item,/product/p0301,P0301
E0002300,S000595,U0145,2025-10-25T02:06:46Z,page_view,/category/electronics,
E0002301,S000595,U0145,2025-10-25T02:07:00Z,page_view,/category/electronics,
E0002302,S000595,U0145,2025-10-25T02:08:21Z,view_item,/product/p0266,P0266
E0004465,S001140,U0025,2025-10-26T03:44:21Z,page_view,/category/home,
E0004466,S001140,U0025,2025-10-26T03:45:12Z,view_item,/product/p0142,P0142
E0004468,S001140,U0025,2025-10-26T03:47:23Z,page_view,/,
E0006766,S001717,U0216,2025-10-26T03:55:58Z,page_view,/category/beauty,
E0006767,S001717,U0216,2025-10-26T03:56:04Z,page_view,/category/beauty,
E0006770,S001717,U0216,2025-10-26T03:58:41Z,page_view,/pricing,
E0004467,S001140,U0025,2025-10-26T04:04:19Z,page_view,/category/shoes,
E0006769,S001717,U0216,2025-10-26T04:13:06Z,page_view,/category/beauty,
E0006127,S001556,U0108,2025-10-26T04:18:56Z,page_view,/search,
E0006130,S001556,U0108,2025-10-26T04:19:43Z,page_view,/,
E0006768,S001717,U0216,2025-10-26T04:32:29Z,page_view,/pricing,
E0006128,S001556,U0108,2025-10-26T04:32:59Z,page_view,/category/home,
E0006129,S001556,U0108,2025-10-26T04:38:09Z,page_view,/category/electronics,
E0000517,S000132,U0058,2025-10-26T04:48:57Z,page_view,/category/electronics,
E0000518,S000132,U0058,2025-10-26T04:52:14Z,page_view,/category/electronics,
E0001151,S000298,U0062,2025-10-26T05:24:23Z,page_view,/category/electronics,
E0001152,S000298,U0062,2025-10-26T05:26:13Z,view_item,/product/p0133,P0133
E0001153,S000298,U0062,2025-10-26T05:28:29Z,add_to_cart,/product/p0133,P0133
E0001156,S000298,U0062,2025-10-26T05:28:53Z,page_view,/category/electronics,
E0001154,S000298,U0062,2025-10-26T05:31:25Z,begin_checkout,/checkout,P0133
E0001155,S000298,U0062,2025-10-26T05:31:57Z,purchase,/thank-you,P0133
E0006632,S001680,U0145,2025-10-26T08:02:21Z,page_view,/category/home,
E0005636,S001428,U0154,2025-10-26T10:46:19Z,page_view,/search,
E0005637,S001428,U0154,2025-10-26T10:46:42Z,page_view,/search,
E0005639,S001428,U0154,2025-10-26T10:48:44Z,page_view,/,
E0005638,S001428,U0154,2025-10-26T10:53:09Z,page_view,/category/home,
E0005640,S001428,U0154,2025-10-26T10:53:13Z,page_view,/category/beauty,
E0009195,S002336,U0157,2025-10-26T17:02:08Z,page_view,/category/beauty,
E0009200,S002336,U0157,2025-10-26T17:02:58Z,page_view,/category/beauty,
E0009197,S002336,U0157,2025-10-26T17:03:50Z,view_item,/product/p0094,P0094
E0009199,S002336,U0157,2025-10-26T17:04:00Z,page_view,/,
E0009196,S002336,U0157,2025-10-26T17:04:05Z,page_view,/search,
E0009198,S002336,U0157,2025-10-26T17:04:19Z,page_view,/category/beauty,
E0005143,S001311,U0120,2025-10-26T19:50:51Z,page_view,/category/shoes,
E0005144,S001311,U0120,2025-10-26T19:51:01Z,page_view,/category/shoes,
E0005145,S001311,U0120,2025-10-26T19:51:34Z,view_item,/product/p0048,P0048
E0005146,S001311,U0120,2025-10-26T19:52:30Z,add_to_cart,/product/p0048,P0048
E0005147,S001311,U0120,2025-10-26T19:55:15Z,begin_checkout,/checkout,P0048
E0005148,S001311,U0120,2025-10-26T19:58:42Z,purchase,/thank-you,P0048
E0007712,S001958,U0148,2025-10-26T20:47:27Z,page_view,/category/beauty,
E0007713,S001958,U0148,2025-10-26T20:47:43Z,page_view,/category/beauty,
E0007714,S001958,U0148,2025-10-26T20:49:08Z,view_item,/product/p0372,P0372
E0007716,S001958,U0148,2025-10-26T21:04:54Z,page_view,/help,
E0010131,S002581,U0167,2025-10-26T21:05:03Z,page_view,/,
E0007715,S001958,U0148,2025-10-26T21:11:40Z,page_view,/help,
E0002787,S000714,U0026,2025-10-27T00:28:26Z,page_view,/,
E0002789,S000714,U0026,2025-10-27T00:29:27Z,view_item,/product/p0307,P0307
E0002788,S000714,U0026,2025-10-27T00:29:34Z,page_view,/search,
E0002790,S000714,U0026,2025-10-27T00:29:58Z,add_to_cart,/product/p0307,P0307
E0008956,S002272,U0207,2025-10-27T02:04:24Z,page_view,/category/home,
E0008957,S002272,U0207,2025-10-27T02:44:07Z,page_view,/,
E0004746,S001205,U0063,2025-10-27T06:57:05Z,page_view,/,
E0004747,S001205,U0063,2025-10-27T06:57:30Z,page_view,/,
E0004748,S001205,U0063,2025-10-27T07:00:56Z,view_item,/product/p0485,P0485
E0008202,S002083,U0022,2025-10-27T22:35:24Z,page_view,/category/shoes,
E0008203,S002083,U0022,2025-10-27T22:35:29Z,page_view,/category/shoes,
E0008204,S002083,U0022,2025-10-27T22:36:53Z,page_view,/search,
E0008205,S002083,U0022,2025-10-27T22:37:03Z,view_item,/product/p0494,P0494
E0008206,S002083,U0022,2025-10-27T22:39:44Z,page_view,/category/home,
E0008207,S002083,U0022,2025-10-27T22:40:15Z,page_view,/pricing,
E0000983,S000253,U0105,2025-10-27T23:17:04Z,page_view,/search,
E0000984,S000253,U0105,2025-10-27T23:18:01Z,page_view,/search,
E0000986,S000253,U0105,2025-10-27T23:18:29Z,page_view,/cart,
E0000987,S000253,U0105,2025-10-27T23:19:00Z,page_view,/pricing,
E0007425,S001885,U0015,2025-10-27T23:19:23Z,page_view,/category/shoes,
E0000985,S000253,U0105,2025-10-27T23:20:08Z,view_item,/product/p0305,P0305
E0007428,S001885,U0015,2025-10-27T23:20:12Z,page_view,/pricing,
E0007427,S001885,U0015,2025-10-27T23:21:52Z,page_view,/category/shoes,
E0007426,S001885,U0015,2025-10-27T23:22:17Z,view_item,/product/p0101,P0101
E0006956,S001764,U0107,2025-10-28T01:55:14Z,page_view,/category/home,
E0006957,S001764,U0107,2025-10-28T01:55:33Z,page_view,/category/home,
E0006958,S001764,U0107,2025-10-28T02:08:43Z,page_view,/category/home,
E0005953,S001511,U0242,2025-10-28T05:03:52Z,page_view,/category/electronics,
E0005954,S001511,U0242,2025-10-28T05:04:06Z,page_view,/category/electronics,
E0005080,S001294,U0005,2025-10-28T09:23:47Z,page_view,/category/shoes,
E0005081,S001294,U0005,2025-10-28T09:25:12Z,page_view,/search,
E0005082,S001294,U0005,2025-10-28T09:25:23Z,view_item,/product/p0383,P0383
E0005083,S001294,U0005,2025-10-28T09:38:15Z,page_view,/category/electronics,
E0000344,S000085,U0235,2025-10-28T10:42:54Z,page_view,/search,
E0000345,S000085,U0235,2025-10-28T11:01:52Z,page_view,/category/shoes,
E0009655,S002455,U0221,2025-10-28T14:11:55Z,page_view,/category/home,
E0009656,S002455,U0221,2025-10-28T14:12:00Z,page_view,/category/home,
E0009657,S002455,U0221,2025-10-28T14:13:21Z,page_view,/search,
E0009658,S002455,U0221,2025-10-28T14:15:53Z,view_item,/product/p0416,P0416
E0009662,S002455,U0221,2025-10-28T14:18:26Z,page_view,/pricing,
E0009659,S002455,U0221,2025-10-28T14:18:44Z,add_to_cart,/product/p0416,P0416
E0009660,S002455,U0221,2025-10-28T14:22:06Z,begin_checkout,/checkout,P0416
E0009661,S002455,U0221,2025-10-28T14:24:17Z,purchase,/thank-you,P0416
E0001501,S000391,U0189,2025-10-28T21:06:58Z,page_view,/,
E0001502,S000391,U0189,2025-10-28T21:07:44Z,view_item,/product/p0380,P0380
E0001503,S000391,U0189,2025-10-28T21:10:29Z,add_to_cart,/product/p0380,P0380
E0001504,S000391,U0189,2025-10-28T21:11:44Z,begin_checkout,/checkout,P0380
E0001505,S000391,U0189,2025-10-28T21:12:04Z,purchase,/thank-you,P0380
E0001506,S000391,U0189,2025-10-28T21:12:57Z,page_view,/category/home,
E0001508,S000391,U0189,2025-10-28T21:17:06Z,page_view,/help,
E0001507,S000391,U0189,2025-10-28T21:23:23Z,page_view,/help,
E0000542,S000138,U0126,2025-10-29T06:05:43Z,page_view,/,
E0000543,S000138,U0126,2025-10-29T06:07:54Z,view_item,/product/p0490,P0490
E0000546,S000138,U0126,2025-10-29T06:07:54Z,page_view,/,
E0000544,S000138,U0126,2025-10-29T06:09:29Z,add_to_cart,/product/p0490,P0490
E0000545,S000138,U0126,2025-10-29T06:10:05Z,begin_checkout,/checkout,P0490
E0000684,S000173,U0197,2025-10-29T12:42:58Z,page_view,/,
E0000686,S000173,U0197,2025-10-29T12:47:10Z,page_view,/category/electronics,
E0000687,S000173,U0197,2025-10-29T12:57:55Z,page_view,/search,
E0000685,S000173,U0197,2025-10-29T12:58:03Z,page_view,/pricing,
E0004211,S001076,U0106,2025-10-29T16:46:52Z,page_view,/category/electronics,
E0006780,S001721,U0072,2025-10-29T16:53:14Z,page_view,/category/beauty,
E0004214,S001076,U0106,2025-10-29T16:53:54Z,page_view,/category/beauty,
E0006781,S001721,U0072,2025-10-29T16:54:18Z,page_view,/search,
E0006782,S001721,U0072,2025-10-29T16:56:01Z,view_item,/product/p0198,P0198
E0004212,S001076,U0106,2025-10-29T16:58:35Z,page_view,/category/home,
E0004213,S001076,U0106,2025-10-29T17:06:51Z,page_view,/pricing,
E0004415,S001126,U0130,2025-10-29T18:34:04Z,page_view,/search,
E0004416,S001126,U0130,2025-10-29T18:40:26Z,page_view,/pricing,
E0002828,S000723,U0127,2025-10-30T05:40:17Z,page_view,/search,
E0002829,S000723,U0127,2025-10-30T05:40:41Z,page_view,/search,
E0002830,S000723,U0127,2025-10-30T05:42:01Z,view_item,/product/p0177,P0177
E0002573,S000662,U0008,2025-10-30T05:50:37Z,page_view,/,
E0002833,S000723,U0127,2025-10-30T05:54:26Z,page_view,/cart,
E0002831,S000723,U0127,2025-10-30T05:56:41Z,page_view,/category/shoes,
E0002574,S000662,U0008,2025-10-30T06:01:45Z,page_view,/category/shoes,
E0002832,S000723,U0127,2025-10-30T06:03:20Z,page_view,/category/beauty,
E0002575,S000662,U0008,2025-10-30T06:09:40Z,page_view,/cart,
E0005139,S001310,U0158,2025-10-30T08:28:55Z,page_view,/search,
E0005140,S001310,U0158,2025-10-30T08:29:54Z,page_view,/search,
E0005141,S001310,U0158,2025-10-30T08:30:37Z,view_item,/product/p0004,P0004
E0005142,S001310,U0158,2025-10-30T08:45:08Z,page_view,/category/electronics,
E0006610,S001673,U0061,2025-10-30T10:34:01Z,page_view,/category/home,
E0006611,S001673,U0061,2025-10-30T10:34:10Z,page_view,/category/home,
E0006612,S001673,U0061,2025-10-30T10:37:54Z,view_item,/product/p0450,P0450
E0006615,S001673,U0061,2025-10-30T10:41:41Z,page_view,/,
E0006613,S001673,U0061,2025-10-30T10:44:56Z,page_view,/pricing,
E0006614,S001673,U0061,2025-10-30T10:54:58Z,page_view,/,
E0009635,S002448,U0026,2025-10-30T14:35:03Z,page_view,/category/home,
E0009636,S002448,U0026,2025-10-30T14:35:17Z,page_view,/category/home,
E0009638,S002448,U0026,2025-10-30T14:35:47Z,page_view,/help,
E0009639,S002448,U0026,2025-10-30T14:36:40Z,page_view,/cart,
E0009637,S002448,U0026,2025-10-30T14:43:32Z,page_view,/search,
E0002346,S000604,U0075,2025-10-30T15:47:26Z,page_view,/category/home,
E0002347,S000604,U0075,2025-10-30T15:48:33Z,view_item,/product/p0228,P0228
E0002349,S000604,U0075,2025-10-30T15:51:29Z,page_view,/,
E0002348,S000604,U0075,2025-10-30T15:52:49Z,page_view,/,
E0002350,S000604,U0075,2025-10-30T15:55:51Z,page_view,/category/shoes,
E0008054,S002050,U0172,2025-10-30T21:42:14Z,page_view,/category/home,
E0008056,S002050,U0172,2025-10-30T21:43:19Z,view_item,/product/p0271,P0271
E0008055,S002050,U0172,2025-10-30T21:44:01Z,page_view,/search,
E0008057,S002050,U0172,2025-10-30T21:46:36Z,page_view,/,
E0005681,S001440,U0042,2025-10-31T00:46:43Z,page_view,/,
E0005682,S001440,U0042,2025-10-31T00:47:30Z,page_view,/cart,
E0005684,S001440,U0042,2025-10-31T00:48:33Z,page_view,/category/home,
E0003676,S000937,U0213,2025-10-31T00:48:37Z,page_view,/search,
E0005683,S001440,U0042,2025-10-31T00:51:50Z,page_view,/category/electronics,
E0003677,S000937,U0213,2025-10-31T00:52:37Z,view_item,/product/p0031,P0031
E0008181,S002080,U0132,2025-10-31T00:52:49Z,page_view,/category/shoes,
E0008182,S002080,U0132,2025-10-31T00:54:52Z,view_item,/product/p0123,P0123
E0008185,S002080,U0132,2025-10-31T01:10:43Z,page_view,/cart,
E0008183,S002080,U0132,2025-10-31T01:14:39Z,page_view,/search,
E0008184,S002080,U0132,2025-10-31T01:16:28Z,page_view,/category/electronics,
E0002382,S000613,U0082,2025-10-31T04:35:16Z,page_view,/,
E0008605,S002180,U0018,2025-10-31T05:59:04Z,page_view,/,
E0008606,S002180,U0018,2025-10-31T06:00:14Z,page_view,/search,
E0008607,S002180,U0018,2025-10-31T06:02:20Z,view_item,/product/p0168,P0168
E0008608,S002180,U0018,2025-10-31T06:20:22Z,page_view,/,
E0008609,S002180,U0018,2025-10-31T06:20:22Z,page_view,/category/shoes,
E0008890,S002254,U0064,2025-10-31T07:43:25Z,page_view,/category/shoes,
E0008891,S002254,U0064,2025-10-31T07:48:59Z,page_view,/category/electronics,
E0008892,S002254,U0064,2025-10-31T07:57:29Z,page_view,/help,
E0001894,S000486,U0228,2025-10-31T08:02:31Z,page_view,/search,
E0001895,S000486,U0228,2025-10-31T08:05:42Z,page_view,/cart,
E0005502,S001396,U0040,2025-10-31T12:03:32Z,page_view,/category/electronics,
E0005503,S001396,U0040,2025-10-31T12:26:37Z,page_view,/pricing,
E0005504,S001396,U0040,2025-10-31T12:34:40Z,page_view,/category/shoes,
E0004567,S001160,U0105,2025-10-31T14:32:12Z,page_view,/category/electronics,
E0004568,S001160,U0105,2025-10-31T14:32:32Z,page_view,/category/electronics,
E0004569,S001160,U0105,2025-10-31T14:34:21Z,view_item,/product/p0461,P0461
E0004570,S001160,U0105,2025-10-31T14:37:12Z,add_to_cart,/product/p0461,P0461
E0004572,S001160,U0105,2025-10-31T14:38:48Z,page_view,/category/beauty,
E0004571,S001160,U0105,2025-10-31T14:39:23Z,page_view,/help,
E0004573,S001160,U0105,2025-10-31T14:41:07Z,page_view,/cart,
E0008655,S002193,U0172,2025-10-31T16:21:07Z,page_view,/category/shoes,
E0008657,S002193,U0172,2025-10-31T16:22:09Z,page_view,/cart,
E0008656,S002193,U0172,2025-10-31T16:24:24Z,view_item,/product/p0317,P0317
E0008658,S002193,U0172,2025-10-31T16:29:52Z,page_view,/category/home,
E0008659,S002193,U0172,2025-10-31T16:30:27Z,page_view,/cart,
E0003813,S000973,U0104,2025-10-31T18:32:51Z,page_view,/,
E0003814,S000973,U0104,2025-10-31T18:33:01Z,page_view,/,
E0003815,S000973,U0104,2025-10-31T19:01:10Z,page_view,/search,
E0010112,S002577,U0152,2025-10-31T20:47:07Z,page_view,/,
E0010113,S002577,U0152,2025-10-31T20:47:14Z,page_view,/,
E0010116,S002577,U0152,2025-10-31T20:51:17Z,page_view,/category/beauty,
E0010115,S002577,U0152,2025-10-31T20:54:28Z,page_view,/cart,
E0010114,S002577,U0152,2025-10-31T21:07:19Z,page_view,/category/beauty,
E0007574,S001926,U0241,2025-10-31T23:12:56Z,page_view,/search,
E0007576,S001926,U0241,2025-10-31T23:42:40Z,page_view,/help,
E0007575,S001926,U0241,2025-10-31T23:53:34Z,page_view,/help,
E0007577,S001926,U0241,2025-10-31T23:54:43Z,page_view,/,
E0008108,S002063,U0160,2025-11-01T01:25:14Z,page_view,/category/home,
E0008109,S002063,U0160,2025-11-01T01:27:03Z,view_item,/product/p0136,P0136
E0008111,S002063,U0160,2025-11-01T01:38:20Z,page_view,/search,
E0008110,S002063,U0160,2025-11-01T01:40:39Z,page_view,/category/home,
E0007669,S001947,U0244,2025-11-01T03:00:41Z,page_view,/,
E0007670,S001947,U0244,2025-11-01T03:02:14Z,view_item,/product/p0413,P0413
E0007671,S001947,U0244,2025-11-01T03:03:39Z,add_to_cart,/product/p0413,P0413
E0007672,S001947,U0244,2025-11-01T03:06:02Z,begin_checkout,/checkout,P0413
E0007673,S001947,U0244,2025-11-01T03:34:43Z,page_view,/category/home,
E0001917,S000494,U0245,2025-11-01T10:33:19Z,page_view,/category/shoes,
E0001918,S000494,U0245,2025-11-01T10:33:25Z,page_view,/category/shoes,
E0001920,S000494,U0245,2025-11-01T10:58:34Z,page_view,/pricing,
E0001919,S000494,U0245,2025-11-01T11:02:37Z,page_view,/pricing,
E0008235,S002090,U0106,2025-11-01T12:28:23Z,page_view,/search,
E0008236,S002090,U0106,2025-11-01T12:28:43Z,page_view,/search,
E0008237,S002090,U0106,2025-11-01T12:28:49Z,page_view,/search,
E0008238,S002090,U0106,2025-11-01T12:31:06Z,view_item,/product/p0061,P0061
E0008240,S002090,U0106,2025-11-01T12:50:03Z,page_view,/cart,
E0008239,S002090,U0106,2025-11-01T12:55:53Z,page_view,/category/shoes,
E0008241,S002090,U0106,2025-11-01T12:59:48Z,page_view,/search,
E0006257,S001589,U0158,2025-11-01T13:09:49Z,page_view,/category/electronics,
E0006258,S001589,U0158,2025-11-01T13:11:16Z,page_view,/search,
E0006262,S001589,U0158,2025-11-01T13:11:46Z,page_view,/cart,
E0006259,S001589,U0158,2025-11-01T13:12:23Z,view_item,/product/p0004,P0004
E0006261,S001589,U0158,2025-11-01T13:15:10Z,page_view,/category/home,
E0006260,S001589,U0158,2025-11-01T13:17:32Z,page_view,/search,
E0000227,S000057,U0142,2025-11-01T13:36:10Z,page_view,/category/electronics,
E0000228,S000057,U0142,2025-11-01T13:36:24Z,page_view,/category/electronics,
E0000229,S000057,U0142,2025-11-01T14:12:13Z,page_view,/search,
E0007249,S001845,U0118,2025-11-01T17:10:56Z,page_view,/,
E0007250,S001845,U0118,2025-11-01T17:11:11Z,page_view,/,
E0007251,S001845,U0118,2025-11-01T17:12:56Z,page_view,/category/electronics,
E0007252,S001845,U0118,2025-11-01T17:32:11Z,page_view,/category/beauty,
E0006714,S001705,U0153,2025-11-01T18:52:53Z,page_view,/search,
E0006717,S001705,U0153,2025-11-01T18:54:17Z,page_view,/category/home,
E0006718,S001705,U0153,2025-11-01T18:54:17Z,page_view,/help,
E0006715,S001705,U0153,2025-11-01T18:54:43Z,page_view,/search,
E0006716,S001705,U0153,2025-11-01T18:55:32Z,view_item,/product/p0415,P0415
E0000073,S000019,U0032,2025-11-01T19:00:32Z,page_view,/category/shoes,
E0002034,S000527,U0026,2025-11-01T19:02:28Z,page_view,/category/shoes,
E0000074,S000019,U0032,2025-11-01T19:04:05Z,view_item,/product/p0344,P0344
E0000075,S000019,U0032,2025-11-01T19:06:07Z,add_to_cart,/product/p0344,P0344
E0000076,S000019,U0032,2025-11-01T19:07:17Z,begin_checkout,/checkout,P0344
E0000077,S000019,U0032,2025-11-01T19:08:50Z,page_view,/cart,
E0007798,S001983,U0139,2025-11-01T21:32:16Z,page_view,/search,
E0007799,S001983,U0139,2025-11-01T21:32:37Z,page_view,/search,
E0007800,S001983,U0139,2025-11-01T21:34:51Z,view_item,/product/p0414,P0414
E0008033,S002042,U0090,2025-11-02T00:09:07Z,page_view,/search,
E0008034,S002042,U0090,2025-11-02T00:17:50Z,page_view,/cart,
E0008035,S002042,U0090,2025-11-02T00:23:01Z,page_view,/category/beauty,
E0008585,S002174,U0186,2025-11-02T01:11:04Z,page_view,/category/shoes,
E0008586,S002174,U0186,2025-11-02T01:15:19Z,page_view,/category/shoes,
E0008587,S002174,U0186,2025-11-02T01:29:43Z,page_view,/category/electronics,
E0010080,S002569,U0152,2025-11-02T01:47:13Z,page_view,/search,
E0010081,S002569,U0152,2025-11-02T02:22:10Z,page_view,/category/shoes,
E0006790,S001725,U0146,2025-11-02T02:29:28Z,page_view,/category/shoes,
E0006791,S001725,U0146,2025-11-02T02:29:41Z,page_view,/category/shoes,
E0006794,S001725,U0146,2025-11-02T02:31:41Z,page_view,/category/electronics,
E0006792,S001725,U0146,2025-11-02T02:31:55Z,view_item,/product/p0459,P0459
E0006795,S001725,U0146,2025-11-02T02:40:11Z,page_view,/pricing,
E0006793,S001725,U0146,2025-11-02T02:49:21Z,page_view,/search,
E0009490,S002412,U0129,2025-11-02T05:52:10Z,page_view,/search,
E0009491,S002412,U0129,2025-11-02T06:14:12Z,page_view,/category/electronics,
E0006892,S001748,U0091,2025-11-02T12:15:24Z,page_view,/search,
E0006893,S001748,U0091,2025-11-02T12:17:57Z,view_item,/product/p0321,P0321
E0006895,S001748,U0091,2025-11-02T12:19:44Z,page_view,/search,
E0006897,S001748,U0091,2025-11-02T12:20:26Z,page_view,/search,
E0006894,S001748,U0091,2025-11-02T12:20:48Z,add_to_cart,/product/p0321,P0321
E0006896,S001748,U0091,2025-11-02T12:21:58Z,page_view,/pricing,
E0006651,S001687,U0120,2025-11-02T13:34:01Z,page_view,/category/beauty,
E0006652,S001687,U0120,2025-11-02T13:35:36Z,view_item,/product/p0456,P0456
E0006489,S001645,U0063,2025-11-02T14:41:12Z,page_view,/category/shoes,
E0006490,S001645,U0063,2025-11-02T14:42:08Z,view_item,/product/p0398,P0398
E0006493,S001645,U0063,2025-11-02T14:52:27Z,page_view,/category/shoes,
E0006491,S001645,U0063,2025-11-02T14:54:16Z,page_view,/,
E0006492,S001645,U0063,2025-11-02T14:56:47Z,page_view,/category/home,
E0003619,S000923,U0040,2025-11-02T16:34:48Z,page_view,/,
E0003620,S000923,U0040,2025-11-02T16:35:41Z,view_item,/product/p0386,P0386
E0003621,S000923,U0040,2025-11-02T16:36:13Z,add_to_cart,/product/p0386,P0386
E0003622,S000923,U0040,2025-11-02T16:38:05Z,begin_checkout,/checkout,P0386
E0003623,S000923,U0040,2025-11-02T16:38:35Z,purchase,/thank-you,P0386
E0001524,S000395,U0091,2025-11-02T17:42:15Z,page_view,/category/home,
E0001525,S000395,U0091,2025-11-02T17:44:50Z,view_item,/product/p0414,P0414
E0001526,S000395,U0091,2025-11-02T17:54:23Z,page_view,/pricing,
E0001528,S000395,U0091,2025-11-02T17:55:24Z,page_view,/category/home,
E0001527,S000395,U0091,2025-11-02T18:01:12Z,page_view,/category/electronics,
E0007213,S001836,U0242,2025-11-02T18:41:30Z,page_view,/category/electronics,
E0007214,S001836,U0242,2025-11-02T18:43:52Z,page_view,/cart,
E0007215,S001836,U0242,2025-11-02T19:04:28Z,page_view,/category/home,
E0008044,S002046,U0143,2025-11-02T19:59:25Z,page_view,/category/home,
E0001324,S000344,U0223,2025-11-02T22:51:10Z,page_view,/category/beauty,
E0001326,S000344,U0223,2025-11-02T23:01:12Z,page_view,/category/electronics,
E0001325,S000344,U0223,2025-11-02T23:04:54Z,page_view,/category/home,
E0006885,S001746,U0098,2025-11-03T00:35:50Z,page_view,/category/electronics,
E0006888,S001746,U0098,2025-11-03T00:37:29Z,page_view,/cart,
E0006886,S001746,U0098,2025-11-03T00:38:52Z,page_view,/,
E0006887,S001746,U0098,2025-11-03T00:40:51Z,page_view,/category/shoes,
E0005932,S001507,U0137,2025-11-03T02:33:16Z,page_view,/,
E0007253,S001846,U0193,2025-11-03T02:38:44Z,page_view,/,
E0007254,S001846,U0193,2025-11-03T02:40:02Z,page_view,/search,
E0007255,S001846,U0193,2025-11-03T02:40:14Z,view_item,/product/p0422,P0422
E0007256,S001846,U0193,2025-11-03T02:42:58Z,add_to_cart,/product/p0422,P0422
E0005935,S001507,U0137,2025-11-03T02:43:08Z,page_view,/help,
E0005934,S001507,U0137,2025-11-03T02:44:48Z,page_view,/pricing,
E0005933,S001507,U0137,2025-11-03T02:54:11Z,page_view,/search,
E0001163,S000301,U0217,2025-11-03T11:14:58Z,page_view,/,
E0001164,S000301,U0217,2025-11-03T11:16:38Z,view_item,/product/p0058,P0058
E0001165,S000301,U0217,2025-11-03T11:19:14Z,add_to_cart,/product/p0058,P0058
E0001166,S000301,U0217,2025-11-03T11:22:59Z,begin_checkout,/checkout,P0058
E0004215,S001077,U0241,2025-11-03T14:05:44Z,page_view,/,
E0004216,S001077,U0241,2025-11-03T14:07:59Z,page_view,/category/home,
E0004217,S001077,U0241,2025-11-03T14:09:56Z,page_view,/cart,
E0008276,S002099,U0025,2025-11-03T15:02:56Z,page_view,/category/shoes,
E0008277,S002099,U0025,2025-11-03T15:03:08Z,page_view,/category/shoes,
E0009738,S002477,U0021,2025-11-03T18:35:42Z,page_view,/,
E0009739,S002477,U0021,2025-11-03T18:38:36Z,view_item,/product/p0372,P0372
E0009740,S002477,U0021,2025-11-03T18:58:02Z,page_view,/search,
E0007063,S001796,U0221,2025-11-03T19:11:34Z,page_view,/category/electronics,
E0007064,S001796,U0221,2025-11-03T19:11:42Z,page_view,/category/electronics,
E0007065,S001796,U0221,2025-11-03T19:19:27Z,page_view,/pricing,
E0007067,S001796,U0221,2025-11-03T19:36:58Z,page_view,/search,
E0007066,S001796,U0221,2025-11-03T19:37:44Z,page_view,/category/shoes,
E0006903,S001750,U0237,2025-11-03T20:32:56Z,page_view,/category/shoes,
E0006904,S001750,U0237,2025-11-03T20:36:11Z,view_item,/product/p0147,P0147
E0003322,S000848,U0079,2025-11-03T21:51:15Z,page_view,/category/electronics,
E0003323,S000848,U0079,2025-11-03T21:52:51Z,page_view,/search,
E0003324,S000848,U0079,2025-11-03T21:53:07Z,view_item,/product/p0254,P0254
E0008405,S002128,U0202,2025-11-04T02:39:48Z,page_view,/,
E0008406,S002128,U0202,2025-11-04T02:40:29Z,page_view,/search,
E0008408,S002128,U0202,2025-11-04T02:41:34Z,page_view,/category/home,
E0008407,S002128,U0202,2025-11-04T02:42:11Z,view_item,/product/p0213,P0213
E0005788,S001468,U0080,2025-11-04T05:54:49Z,page_view,/category/electronics,
E0005789,S001468,U0080,2025-11-04T05:54:54Z,page_view,/category/electronics,
E0005791,S001468,U0080,2025-11-04T05:56:57Z,page_view,/search,
E0005790,S001468,U0080,2025-11-04T06:17:29Z,page_view,/help,
E0009207,S002339,U0005,2025-11-04T08:33:49Z,page_view,/,
E0009208,S002339,U0005,2025-11-04T08:34:42Z,view_item,/product/p0257,P0257
E0009209,S002339,U0005,2025-11-04T08:36:18Z,page_view,/,
E0009210,S002339,U0005,2025-11-04T08:36:57Z,page_view,/help,
E0009211,S002339,U0005,2025-11-04T08:39:09Z,page_view,/cart,
E0005005,S001272,U0085,2025-11-04T08:55:56Z,page_view,/category/shoes,
E0005006,S001272,U0085,2025-11-04T08:58:24Z,view_item,/product/p0287,P0287
E0005007,S001272,U0085,2025-11-04T09:24:42Z,page_view,/,
E0007408,S001881,U0099,2025-11-04T11:31:49Z,page_view,/search,
E0007409,S001881,U0099,2025-11-04T11:34:58Z,view_item,/product/p0057,P0057
E0007411,S001881,U0099,2025-11-04T11:43:28Z,page_view,/category/beauty,
E0007410,S001881,U0099,2025-11-04T11:46:07Z,page_view,/help,
E0008685,S002200,U0166,2025-11-04T12:00:27Z,page_view,/,
E0008687,S002200,U0166,2025-11-04T12:03:46Z,page_view,/search,
E0008686,S002200,U0166,2025-11-04T12:06:01Z,page_view,/category/shoes,
E0003124,S000795,U0064,2025-11-04T12:45:53Z,page_view,/,
E0003125,S000795,U0064,2025-11-04T12:46:16Z,page_view,/,
E0003131,S000795,U0064,2025-11-04T12:46:44Z,page_view,/search,
E0003127,S000795,U0064,2025-11-04T12:46:52Z,view_item,/product/p0148,P0148
E0003132,S000795,U0064,2025-11-04T12:46:53Z,page_view,/category/shoes,
E0003126,S000795,U0064,2025-11-04T12:47:51Z,page_view,/search,
E0003128,S000795,U0064,2025-11-04T12:48:15Z,add_to_cart,/product/p0148,P0148
E0003133,S000795,U0064,2025-11-04T12:51:37Z,page_view,/category/home,
E0003129,S000795,U0064,2025-11-04T12:51:51Z,begin_checkout,/checkout,P0148
E0003130,S000795,U0064,2025-11-04T12:52:13Z,purchase,/thank-you,P0148
E0008072,S002054,U0061,2025-11-04T13:17:33Z,page_view,/category/home,
E0007058,S001793,U0002,2025-11-04T16:58:52Z,page_view,/,
E0007059,S001793,U0002,2025-11-04T17:02:35Z,view_item,/product/p0025,P0025
E0007060,S001793,U0002,2025-11-04T17:12:58Z,page_view,/,
E0009663,S002456,U0154,2025-11-04T20:29:15Z,page_view,/category/electronics,
E0009664,S002456,U0154,2025-11-04T20:29:38Z,page_view,/category/electronics,
E0009665,S002456,U0154,2025-11-04T20:31:04Z,page_view,/category/shoes,
E0008242,S002091,U0014,2025-11-04T23:30:48Z,page_view,/category/beauty,
E0008243,S002091,U0014,2025-11-04T23:32:20Z,page_view,/search,
E0008244,S002091,U0014,2025-11-04T23:33:24Z,view_item,/product/p0237,P0237
E0008245,S002091,U0014,2025-11-04T23:35:13Z,add_to_cart,/product/p0237,P0237
E0008246,S002091,U0014,2025-11-04T23:41:40Z,page_view,/cart,
E0007858,S001997,U0032,2025-11-05T03:05:28Z,page_view,/category/home,
E0007860,S001997,U0032,2025-11-05T03:07:14Z,view_item,/product/p0224,P0224
E0007859,S001997,U0032,2025-11-05T03:07:16Z,page_view,/search,
E0007861,S001997,U0032,2025-11-05T03:07:48Z,add_to_cart,/product/p0224,P0224
E0007862,S001997,U0032,2025-11-05T03:17:03Z,page_view,/pricing,
E0007863,S001997,U0032,2025-11-05T03:20:42Z,page_view,/category/home,
E0007053,S001792,U0100,2025-11-05T06:54:58Z,page_view,/,
E0007056,S001792,U0100,2025-11-05T06:55:29Z,page_view,/search,
E0007055,S001792,U0100,2025-11-05T06:57:10Z,page_view,/category/shoes,
E0007054,S001792,U0100,2025-11-05T06:58:25Z,view_item,/product/p0355,P0355
E0007057,S001792,U0100,2025-11-05T07:02:08Z,page_view,/cart,
E0000422,S000106,U0052,2025-11-05T09:19:57Z,page_view,/category/shoes,
E0000423,S000106,U0052,2025-11-05T09:20:05Z,page_view,/category/shoes,
E0000424,S000106,U0052,2025-11-05T09:21:44Z,page_view,/search,
E0000430,S000106,U0052,2025-11-05T09:22:27Z,page_view,/search,
E0000429,S000106,U0052,2025-11-05T09:22:29Z,page_view,/category/home,
E0000428,S000106,U0052,2025-11-05T09:22:51Z,page_view,/category/shoes,
E0000425,S000106,U0052,2025-11-05T09:23:39Z,view_item,/product/p0282,P0282
E0000426,S000106,U0052,2025-11-05T09:25:31Z,add_to_cart,/product/p0282,P0282
E0000427,S000106,U0052,2025-11-05T09:28:55Z,begin_checkout,/checkout,P0282
E0001677,S000434,U0061,2025-11-05T14:39:00Z,page_view,/category/home,
E0002035,S000528,U0063,2025-11-06T05:58:22Z,page_view,/category/shoes,
E0002036,S000528,U0063,2025-11-06T06:02:32Z,page_view,/category/home,
E0003377,S000862,U0225,2025-11-06T07:52:27Z,page_view,/category/home,
E0003378,S000862,U0225,2025-11-06T07:52:52Z,page_view,/category/home,
E0003379,S000862,U0225,2025-11-06T07:53:37Z,view_item,/product/p0349,P0349
E0007029,S001784,U0138,2025-11-06T11:52:46Z,page_view,/category/shoes,
E0007030,S001784,U0138,2025-11-06T12:12:46Z,page_view,/category/shoes,
E0003530,S000899,U0203,2025-11-06T13:03:43Z,page_view,/,
E0003531,S000899,U0203,2025-11-06T13:03:59Z,page_view,/,
E0003532,S000899,U0203,2025-11-06T13:06:37Z,view_item,/product/p0487,P0487
E0003533,S000899,U0203,2025-11-06T13:07:31Z,add_to_cart,/product/p0487,P0487
E0000947,S000244,U0081,2025-11-06T15:02:16Z,page_view,/search,
E0000949,S000244,U0081,2025-11-06T15:02:59Z,view_item,/product/p0148,P0148
E0000948,S000244,U0081,2025-11-06T15:03:13Z,page_view,/search,
E0000950,S000244,U0081,2025-11-06T15:12:31Z,page_view,/search,
E0003108,S000790,U0169,2025-11-06T15:22:11Z,page_view,/category/electronics,
E0003109,S000790,U0169,2025-11-06T15:25:10Z,view_item,/product/p0217,P0217
E0003110,S000790,U0169,2025-11-06T15:26:42Z,add_to_cart,/product/p0217,P0217
E0003111,S000790,U0169,2025-11-06T15:29:51Z,begin_checkout,/checkout,P0217
E0003112,S000790,U0169,2025-11-06T15:30:19Z,purchase,/thank-you,P0217
E0007272,S001850,U0210,2025-11-06T18:14:00Z,page_view,/category/shoes,
E0007273,S001850,U0210,2025-11-06T18:14:11Z,page_view,/category/shoes,
E0007274,S001850,U0210,2025-11-06T18:15:05Z,view_item,/product/p0370,P0370
E0007275,S001850,U0210,2025-11-06T18:16:16Z,add_to_cart,/product/p0370,P0370
E0010196,S002595,U0108,2025-11-06T19:30:04Z,page_view,/category/electronics,
E0010197,S002595,U0108,2025-11-06T19:46:05Z,page_view,/help,
E0010198,S002595,U0108,2025-11-06T19:48:15Z,page_view,/category/electronics,
E0004908,S001248,U0035,2025-11-06T21:18:53Z,page_view,/,
E0004915,S001248,U0035,2025-11-06T21:20:57Z,page_view,/help,
E0004913,S001248,U0035,2025-11-06T21:21:45Z,page_view,/category/home,
E0004909,S001248,U0035,2025-11-06T21:22:05Z,view_item,/product/p0086,P0086
E0004910,S001248,U0035,2025-11-06T21:23:18Z,add_to_cart,/product/p0086,P0086
E0004914,S001248,U0035,2025-11-06T21:25:11Z,page_view,/category/home,
E0004912,S001248,U0035,2025-11-06T21:25:17Z,purchase,/thank-you,P0086
E0004911,S001248,U0035,2025-11-06T21:26:21Z,begin_checkout,/checkout,P0086
E0009821,S002500,U0240,2025-11-06T23:00:18Z,page_view,/,
E0009824,S002500,U0240,2025-11-06T23:03:55Z,page_view,/category/electronics,
E0009822,S002500,U0240,2025-11-06T23:05:53Z,page_view,/help,
E0009823,S002500,U0240,2025-11-06T23:07:48Z,page_view,/,
E0001908,S000491,U0145,2025-11-07T03:25:33Z,page_view,/,
E0000105,S000026,U0234,2025-11-07T13:17:05Z,page_view,/search,
E0000106,S000026,U0234,2025-11-07T13:17:25Z,page_view,/search,
E0000107,S000026,U0234,2025-11-07T13:20:14Z,view_item,/product/p0010,P0010
E0000108,S000026,U0234,2025-11-07T13:26:15Z,page_view,/category/beauty,
E0007307,S001857,U0164,2025-11-07T18:17:52Z,page_view,/search,
E0007308,S001857,U0164,2025-11-07T18:18:15Z,page_view,/search,
E0007309,S001857,U0164,2025-11-07T18:19:33Z,view_item,/product/p0309,P0309
E0007310,S001857,U0164,2025-11-07T18:20:43Z,add_to_cart,/product/p0309,P0309
E0007311,S001857,U0164,2025-11-07T18:23:30Z,page_view,/,
E0007312,S001857,U0164,2025-11-07T18:48:13Z,page_view,/pricing,
E0004111,S001049,U0023,2025-11-07T19:33:34Z,page_view,/category/beauty,
E0004112,S001049,U0023,2025-11-07T19:35:47Z,page_view,/category/beauty,
E0004114,S001049,U0023,2025-11-07T19:49:07Z,page_view,/search,
E0004113,S001049,U0023,2025-11-07T19:59:54Z,page_view,/category/shoes,
E0008488,S002150,U0108,2025-11-08T01:54:59Z,page_view,/category/beauty,
E0008491,S002150,U0108,2025-11-08T01:55:50Z,page_view,/help,
E0008489,S002150,U0108,2025-11-08T01:56:12Z,view_item,/product/p0264,P0264
E0008490,S002150,U0108,2025-11-08T01:57:47Z,page_view,/,
E0008492,S002150,U0108,2025-11-08T02:02:52Z,page_view,/search,
E0002892,S000735,U0014,2025-11-08T07:23:20Z,page_view,/category/home,
E0002893,S000735,U0014,2025-11-08T07:26:43Z,view_item,/product/p0278,P0278
E0002894,S000735,U0014,2025-11-08T07:27:32Z,add_to_cart,/product/p0278,P0278
E0001021,S000262,U0120,2025-11-08T11:48:52Z,page_view,/,
E0001022,S000262,U0120,2025-11-08T11:49:03Z,page_view,/,
E0001023,S000262,U0120,2025-11-08T11:51:43Z,view_item,/product/p0362,P0362
E0001027,S000262,U0120,2025-11-08T11:54:17Z,page_view,/category/home,
E0001024,S000262,U0120,2025-11-08T11:54:40Z,add_to_cart,/product/p0362,P0362
E0001025,S000262,U0120,2025-11-08T11:57:42Z,begin_checkout,/checkout,P0362
E0001026,S000262,U0120,2025-11-08T12:05:12Z,page_view,/category/beauty,
E0003773,S000963,U0143,2025-11-08T13:11:17Z,page_view,/category/home,
E0003774,S000963,U0143,2025-11-08T13:11:37Z,page_view,/category/home,
E0006044,S001533,U0098,2025-11-08T14:40:38Z,page_view,/category/beauty,
E0006045,S001533,U0098,2025-11-08T14:40:55Z,page_view,/category/beauty,
E0006046,S001533,U0098,2025-11-08T14:43:23Z,page_view,/category/shoes,
E0006047,S001533,U0098,2025-11-08T14:46:14Z,page_view,/cart,
E0001977,S000511,U0056,2025-11-08T14:56:45Z,page_view,/category/beauty,
E0001978,S000511,U0056,2025-11-08T15:15:25Z,page_view,/search,
E0001980,S000511,U0056,2025-11-08T15:15:33Z,page_view,/cart,
E0001979,S000511,U0056,2025-11-08T15:22:24Z,page_view,/category/beauty,
E0001958,S000506,U0197,2025-11-08T20:43:44Z,page_view,/category/shoes,
E0001960,S000506,U0197,2025-11-08T20:45:47Z,page_view,/pricing,
E0001959,S000506,U0197,2025-11-08T20:46:12Z,page_view,/pricing,
E0004950,S001255,U0235,2025-11-08T21:00:15Z,page_view,/category/beauty,
E0004951,S001255,U0235,2025-11-08T21:01:11Z,page_view,/search,
E0004952,S001255,U0235,2025-11-08T21:03:17Z,view_item,/product/p0244,P0244
E0004953,S001255,U0235,2025-11-08T21:05:24Z,page_view,/category/beauty,
E0004954,S001255,U0235,2025-11-08T21:22:31Z,page_view,/pricing,
E0000509,S000130,U0245,2025-11-08T23:13:45Z,page_view,/category/shoes,
E0000510,S000130,U0245,2025-11-08T23:17:09Z,page_view,/search,
E0000512,S000130,U0245,2025-11-08T23:18:27Z,page_view,/category/electronics,
E0000511,S000130,U0245,2025-11-08T23:22:06Z,page_view,/cart,
E0007717,S001959,U0046,2025-11-08T23:53:47Z,page_view,/category/shoes,
E0007718,S001959,U0046,2025-11-08T23:55:18Z,view_item,/product/p0176,P0176
E0009486,S002411,U0075,2025-11-09T00:16:56Z,page_view,/category/electronics,
E0009487,S002411,U0075,2025-11-09T00:23:27Z,page_view,/category/shoes,
E0007719,S001959,U0046,2025-11-09T00:26:25Z,page_view,/,
E0009488,S002411,U0075,2025-11-09T00:26:49Z,page_view,/category/beauty,
E0009489,S002411,U0075,2025-11-09T00:30:58Z,page_view,/help,
E0003325,S000849,U0203,2025-11-09T01:10:22Z,page_view,/category/home,
E0003326,S000849,U0203,2025-11-09T01:10:31Z,page_view,/category/home,
E0003327,S000849,U0203,2025-11-09T01:11:52Z,page_view,/category/shoes,
E0003328,S000849,U0203,2025-11-09T01:30:10Z,page_view,/category/electronics,
E0001327,S000345,U0122,2025-11-09T04:23:11Z,page_view,/category/electronics,
E0001328,S000345,U0122,2025-11-09T04:24:32Z,page_view,/search,
E0001329,S000345,U0122,2025-11-09T04:26:15Z,view_item,/product/p0119,P0119
E0001330,S000345,U0122,2025-11-09T04:27:44Z,add_to_cart,/product/p0119,P0119
E0001331,S000345,U0122,2025-11-09T04:31:26Z,begin_checkout,/checkout,P0119
E0010117,S002578,U0019,2025-11-09T05:02:48Z,page_view,/search,
E0010118,S002578,U0019,2025-11-09T05:03:05Z,page_view,/search,
E0010119,S002578,U0019,2025-11-09T05:03:59Z,page_view,/search,
E0010120,S002578,U0019,2025-11-09T05:05:26Z,view_item,/product/p0255,P0255
E0010123,S002578,U0019,2025-11-09T05:09:33Z,page_view,/search,
E0010121,S002578,U0019,2025-11-09T05:11:26Z,page_view,/category/shoes,
E0010122,S002578,U0019,2025-11-09T05:11:38Z,page_view,/search,
E0008970,S002277,U0114,2025-11-09T06:57:44Z,page_view,/category/electronics,
E0008971,S002277,U0114,2025-11-09T06:59:35Z,page_view,/search,
E0008972,S002277,U0114,2025-11-09T07:00:49Z,view_item,/product/p0357,P0357
E0008973,S002277,U0114,2025-11-09T07:01:00Z,add_to_cart,/product/p0357,P0357
E0008976,S002277,U0114,2025-11-09T07:02:58Z,page_view,/category/electronics,
E0008974,S002277,U0114,2025-11-09T07:03:22Z,begin_checkout,/checkout,P0357
E0008975,S002277,U0114,2025-11-09T07:11:35Z,page_view,/category/electronics,
E0004234,S001083,U0051,2025-11-09T14:05:33Z,page_view,/category/shoes,
E0004235,S001083,U0051,2025-11-09T14:07:38Z,view_item,/product/p0109,P0109
E0001071,S000275,U0099,2025-11-09T16:18:27Z,page_view,/category/home,
E0001072,S000275,U0099,2025-11-09T16:18:47Z,page_view,/category/home,
E0001073,S000275,U0099,2025-11-09T16:21:02Z,page_view,/help,
E0001074,S000275,U0099,2025-11-09T16:21:12Z,page_view,/category/shoes,
E0009934,S002533,U0241,2025-11-09T16:51:07Z,page_view,/category/shoes,
E0009935,S002533,U0241,2025-11-09T16:51:21Z,page_view,/category/shoes,
E0009936,S002533,U0241,2025-11-09T16:51:37Z,page_view,/search,
E0009938,S002533,U0241,2025-11-09T16:52:26Z,page_view,/category/home,
E0009937,S002533,U0241,2025-11-09T16:54:20Z,view_item,/product/p0386,P0386
E0008714,S002207,U0111,2025-11-09T17:24:11Z,page_view,/category/electronics,
E0008715,S002207,U0111,2025-11-09T17:24:29Z,page_view,/category/electronics,
E0008716,S002207,U0111,2025-11-09T17:34:19Z,page_view,/category/beauty,
E0001575,S000407,U0058,2025-11-09T17:41:21Z,page_view,/category/electronics,
E0001576,S000407,U0058,2025-11-09T17:41:28Z,page_view,/category/electronics,
E0001578,S000407,U0058,2025-11-09T17:49:26Z,page_view,/help,
E0001577,S000407,U0058,2025-11-09T17:52:18Z,page_view,/category/beauty,
E0001579,S000407,U0058,2025-11-09T17:53:06Z,page_view,/category/beauty,
E0005100,S001301,U0172,2025-11-09T19:24:02Z,page_view,/,
E0005101,S001301,U0172,2025-11-09T19:25:18Z,view_item,/product/p0489,P0489
E0005105,S001301,U0172,2025-11-09T19:25:43Z,page_view,/category/shoes,
E0005102,S001301,U0172,2025-11-09T19:26:38Z,add_to_cart,/product/p0489,P0489
E0005106,S001301,U0172,2025-11-09T19:28:19Z,page_view,/category/beauty,
E0005104,S001301,U0172,2025-11-09T19:28:29Z,purchase,/thank-you,P0489
E0005107,S001301,U0172,2025-11-09T19:28:36Z,page_view,/help,
E0005103,S001301,U0172,2025-11-09T19:28:52Z,begin_checkout,/checkout,P0489
E0000722,S000185,U0023,2025-11-09T20:33:21Z,page_view,/search,
E0000723,S000185,U0023,2025-11-09T20:33:46Z,page_view,/search,
E0000724,S000185,U0023,2025-11-09T20:34:26Z,view_item,/product/p0318,P0318
E0006843,S001738,U0224,2025-11-09T23:36:33Z,page_view,/search,
E0006844,S001738,U0224,2025-11-09T23:38:02Z,page_view,/search,
E0006845,S001738,U0224,2025-11-09T23:40:29Z,view_item,/product/p0045,P0045
E0006846,S001738,U0224,2025-11-09T23:41:09Z,add_to_cart,/product/p0045,P0045
E0006847,S001738,U0224,2025-11-09T23:42:25Z,begin_checkout,/checkout,P0045
E0006849,S001738,U0224,2025-11-09T23:44:32Z,page_view,/category/home,
E0006848,S001738,U0224,2025-11-09T23:50:26Z,page_view,/help,
E0006850,S001738,U0224,2025-11-09T23:53:35Z,page_view,/category/beauty,
E0009846,S002506,U0239,2025-11-10T02:12:40Z,page_view,/,
E0009847,S002506,U0239,2025-11-10T02:12:55Z,page_view,/,
E0009852,S002506,U0239,2025-11-10T02:13:10Z,page_view,/category/home,
E0009848,S002506,U0239,2025-11-10T02:13:47Z,page_view,/search,
E0009849,S002506,U0239,2025-11-10T02:13:53Z,view_item,/product/p0114,P0114
E0009851,S002506,U0239,2025-11-10T02:14:52Z,page_view,/category/home,
E0009850,S002506,U0239,2025-11-10T02:15:59Z,page_view,/help,
E0010032,S002557,U0220,2025-11-10T02:31:29Z,page_view,/category/electronics,
E0010033,S002557,U0220,2025-11-10T02:31:34Z,page_view,/category/electronics,
E0008632,S002188,U0100,2025-11-10T03:42:11Z,page_view,/,
E0008634,S002188,U0100,2025-11-10T03:43:02Z,page_view,/category/shoes,
E0008633,S002188,U0100,2025-11-10T03:45:14Z,view_item,/product/p0057,P0057
E0008635,S002188,U0100,2025-11-10T03:45:53Z,page_view,/cart,
E0005880,S001493,U0010,2025-11-10T05:34:56Z,page_view,/,
E0005881,S001493,U0010,2025-11-10T05:35:01Z,page_view,/,
E0005884,S001493,U0010,2025-11-10T05:45:38Z,page_view,/category/beauty,
E0005882,S001493,U0010,2025-11-10T05:54:11Z,page_view,/category/home,
E0005883,S001493,U0010,2025-11-10T06:10:26Z,page_view,/category/beauty,
E0008369,S002121,U0037,2025-11-10T09:26:18Z,page_view,/,
E0008370,S002121,U0037,2025-11-10T09:26:37Z,page_view,/,
E0008371,S002121,U0037,2025-11-10T09:26:40Z,page_view,/search,
E0008372,S002121,U0037,2025-11-10T09:28:57Z,view_item,/product/p0308,P0308
E0008375,S002121,U0037,2025-11-10T09:30:53Z,page_view,/,
E0008373,S002121,U0037,2025-11-10T09:37:26Z,page_view,/pricing,
E0008374,S002121,U0037,2025-11-10T09:50:52Z,page_view,/help,
E0008854,S002245,U0105,2025-11-10T12:58:19Z,page_view,/category/shoes,
E0008855,S002245,U0105,2025-11-10T12:58:37Z,page_view,/category/shoes,
E0008856,S002245,U0105,2025-11-10T13:15:49Z,page_view,/pricing,
E0002178,S000562,U0201,2025-11-10T14:48:59Z,page_view,/,
E0002179,S000562,U0201,2025-11-10T14:49:07Z,page_view,/,
E0004118,S001051,U0090,2025-11-10T16:48:38Z,page_view,/search,
E0004119,S001051,U0090,2025-11-10T16:50:18Z,page_view,/search,
E0004120,S001051,U0090,2025-11-10T16:50:34Z,view_item,/product/p0117,P0117
E0004121,S001051,U0090,2025-11-10T17:07:53Z,page_view,/,
E0000822,S000210,U0220,2025-11-10T18:24:20Z,page_view,/category/home,
E0004060,S001036,U0164,2025-11-10T18:24:25Z,page_view,/category/electronics,
E0000823,S000210,U0220,2025-11-10T18:24:46Z,page_view,/search,
E0004063,S001036,U0164,2025-11-10T18:25:10Z,page_view,/cart,
E0004061,S001036,U0164,2025-11-10T18:25:37Z,view_item,/product/p0433,P0433
E0000824,S000210,U0220,2025-11-10T18:27:06Z,view_item,/product/p0164,P0164
E0004062,S001036,U0164,2025-11-10T18:27:17Z,page_view,/pricing,
E0000826,S000210,U0220,2025-11-10T18:33:03Z,page_view,/category/beauty,
E0005320,S001350,U0034,2025-11-10T18:33:30Z,page_view,/,
E0005321,S001350,U0034,2025-11-10T18:33:44Z,page_view,/,
E0000825,S000210,U0220,2025-11-10T18:53:40Z,page_view,/category/beauty,
E0003617,S000921,U0035,2025-11-10T20:32:33Z,page_view,/search,
E0001058,S000270,U0201,2025-11-10T21:19:08Z,page_view,/search,
E0001059,S000270,U0201,2025-11-10T21:22:14Z,view_item,/product/p0098,P0098
E0001060,S000270,U0201,2025-11-10T21:32:08Z,page_view,/help,
E0001061,S000270,U0201,2025-11-10T21:41:04Z,page_view,/category/beauty,
E0005430,S001377,U0154,2025-11-10T23:30:15Z,page_view,/category/electronics,
E0002008,S000521,U0146,2025-11-11T00:52:44Z,page_view,/,
E0002009,S000521,U0146,2025-11-11T00:52:54Z,page_view,/,
E0002010,S000521,U0146,2025-11-11T00:53:19Z,page_view,/search,
E0002011,S000521,U0146,2025-11-11T00:54:48Z,view_item,/product/p0476,P0476
E0002012,S000521,U0146,2025-11-11T00:56:41Z,add_to_cart,/product/p0476,P0476
E0002013,S000521,U0146,2025-11-11T00:59:51Z,begin_checkout,/checkout,P0476
E0002014,S000521,U0146,2025-11-11T01:02:12Z,purchase,/thank-you,P0476
E0002015,S000521,U0146,2025-11-11T01:16:41Z,page_view,/category/home,
E0001942,S000502,U0035,2025-11-11T05:17:21Z,page_view,/category/electronics,
E0001943,S000502,U0035,2025-11-11T05:18:52Z,page_view,/search,
E0001944,S000502,U0035,2025-11-11T05:21:18Z,view_item,/product/p0407,P0407
E0001946,S000502,U0035,2025-11-11T05:29:55Z,page_view,/,
E0001945,S000502,U0035,2025-11-11T05:31:43Z,page_view,/category/home,
E0009631,S002447,U0085,2025-11-11T10:56:22Z,page_view,/category/electronics,
E0009632,S002447,U0085,2025-11-11T10:56:44Z,page_view,/category/electronics,
E0009634,S002447,U0085,2025-11-11T11:03:29Z,page_view,/category/electronics,
E0009633,S002447,U0085,2025-11-11T11:21:25Z,page_view,/help,
E0006756,S001714,U0139,2025-11-11T11:24:02Z,page_view,/category/home,
E0006757,S001714,U0139,2025-11-11T11:25:40Z,view_item,/product/p0310,P0310
E0000160,S000038,U0170,2025-11-11T16:57:20Z,page_view,/search,
E0000161,S000038,U0170,2025-11-11T16:57:37Z,page_view,/search,
E0000162,S000038,U0170,2025-11-11T16:58:18Z,view_item,/product/p0329,P0329
E0008879,S002251,U0204,2025-11-11T17:45:04Z,page_view,/,
E0008880,S002251,U0204,2025-11-11T17:45:55Z,page_view,/category/beauty,
E0008544,S002164,U0228,2025-11-11T20:25:19Z,page_view,/category/beauty,
E0008545,S002164,U0228,2025-11-11T20:27:25Z,view_item,/product/p0036,P0036
E0001821,S000469,U0204,2025-11-11T23:18:25Z,page_view,/category/shoes,
E0001822,S000469,U0204,2025-11-11T23:18:41Z,page_view,/category/shoes,
E0001823,S000469,U0204,2025-11-11T23:20:48Z,page_view,/pricing,
E0003271,S000834,U0220,2025-11-12T06:23:02Z,page_view,/category/electronics,
E0003272,S000834,U0220,2025-11-12T06:26:07Z,view_item,/product/p0257,P0257
E0003273,S000834,U0220,2025-11-12T06:26:46Z,page_view,/category/home,
E0007187,S001828,U0222,2025-11-12T07:17:15Z,page_view,/,
E0007189,S001828,U0222,2025-11-12T07:20:37Z,page_view,/category/home,
E0007188,S001828,U0222,2025-11-12T07:47:11Z,page_view,/,
E0006574,S001664,U0054,2025-11-12T08:55:45Z,page_view,/search,
E0006575,S001664,U0054,2025-11-12T08:56:56Z,page_view,/search,
E0006576,S001664,U0054,2025-11-12T08:57:41Z,view_item,/product/p0156,P0156
E0006578,S001664,U0054,2025-11-12T09:11:33Z,page_view,/category/home,
E0004717,S001196,U0242,2025-11-12T09:16:38Z,page_view,/category/electronics,
E0006577,S001664,U0054,2025-11-12T09:17:15Z,page_view,/pricing,
E0004718,S001196,U0242,2025-11-12T09:17:39Z,page_view,/search,
E0004719,S001196,U0242,2025-11-12T09:20:34Z,view_item,/product/p0147,P0147
E0006001,S001523,U0234,2025-11-12T09:52:17Z,page_view,/,
E0006003,S001523,U0234,2025-11-12T09:53:07Z,page_view,/category/beauty,
E0006002,S001523,U0234,2025-11-12T09:54:09Z,page_view,/cart,
E0006004,S001523,U0234,2025-11-12T09:54:49Z,page_view,/search,
E0006583,S001666,U0215,2025-11-12T11:33:03Z,page_view,/,
E0006584,S001666,U0215,2025-11-12T11:41:02Z,page_view,/,
E0007975,S002025,U0242,2025-11-12T18:20:31Z,page_view,/search,
E0007976,S002025,U0242,2025-11-12T18:21:33Z,view_item,/product/p0164,P0164
E0007977,S002025,U0242,2025-11-12T18:24:32Z,page_view,/category/shoes,
E0007979,S002025,U0242,2025-11-12T18:25:52Z,page_view,/,
E0007978,S002025,U0242,2025-11-12T18:28:32Z,page_view,/search,
E0001950,S000504,U0082,2025-11-12T18:58:26Z,page_view,/category/home,
E0001951,S000504,U0082,2025-11-12T18:58:51Z,page_view,/category/home,
E0001952,S000504,U0082,2025-11-12T18:59:09Z,page_view,/search,
E0001953,S000504,U0082,2025-11-12T19:02:19Z,view_item,/product/p0319,P0319
E0001955,S000504,U0082,2025-11-12T19:11:16Z,page_view,/category/beauty,
E0001954,S000504,U0082,2025-11-12T19:15:52Z,page_view,/cart,
E0003662,S000933,U0014,2025-11-12T19:40:50Z,page_view,/category/home,
E0009336,S002371,U0053,2025-11-12T21:19:00Z,page_view,/,
E0002775,S000711,U0048,2025-11-12T21:29:02Z,page_view,/category/home,
E0002776,S000711,U0048,2025-11-12T21:29:23Z,page_view,/category/home,
E0002777,S000711,U0048,2025-11-12T21:30:34Z,page_view,/search,
E0002778,S000711,U0048,2025-11-12T21:31:06Z,view_item,/product/p0381,P0381
E0002779,S000711,U0048,2025-11-12T21:32:18Z,add_to_cart,/product/p0381,P0381
E0009337,S002371,U0053,2025-11-12T21:33:08Z,page_view,/category/beauty,
E0002780,S000711,U0048,2025-11-12T21:34:36Z,begin_checkout,/checkout,P0381
E0009338,S002371,U0053,2025-11-12T21:41:30Z,page_view,/category/electronics,
E0009914,S002525,U0108,2025-11-13T05:02:00Z,page_view,/,
E0004182,S001068,U0100,2025-11-13T05:27:58Z,page_view,/,
E0004183,S001068,U0100,2025-11-13T05:29:39Z,view_item,/product/p0023,P0023
E0004184,S001068,U0100,2025-11-13T05:29:40Z,page_view,/pricing,
E0004185,S001068,U0100,2025-11-13T05:30:27Z,page_view,/category/shoes,
E0008992,S002282,U0020,2025-11-13T14:55:20Z,page_view,/,
E0008993,S002282,U0020,2025-11-13T15:13:06Z,page_view,/category/electronics,
E0008994,S002282,U0020,2025-11-13T15:25:01Z,page_view,/search,
E0000327,S000080,U0180,2025-11-13T15:42:14Z,page_view,/category/shoes,
E0000328,S000080,U0180,2025-11-13T15:43:02Z,view_item,/product/p0132,P0132
E0000329,S000080,U0180,2025-11-13T15:43:43Z,add_to_cart,/product/p0132,P0132
E0000330,S000080,U0180,2025-11-13T15:45:31Z,begin_checkout,/checkout,P0132
E0000331,S000080,U0180,2025-11-13T15:50:04Z,page_view,/category/electronics,
E0009218,S002341,U0086,2025-11-13T16:59:28Z,page_view,/category/electronics,
E0009219,S002341,U0086,2025-11-13T16:59:50Z,page_view,/category/electronics,
E0009222,S002341,U0086,2025-11-13T17:00:48Z,page_view,/category/electronics,
E0009221,S002341,U0086,2025-11-13T17:01:03Z,page_view,/category/home,
E0009220,S002341,U0086,2025-11-13T17:01:11Z,page_view,/cart,
E0008963,S002275,U0189,2025-11-13T20:06:54Z,page_view,/category/beauty,
E0008965,S002275,U0189,2025-11-13T20:35:45Z,page_view,/,
E0008964,S002275,U0189,2025-11-13T20:37:35Z,page_view,/help,
E0009245,S002349,U0202,2025-11-13T20:53:31Z,page_view,/,
E0009246,S002349,U0202,2025-11-13T20:53:36Z,page_view,/,
E0009247,S002349,U0202,2025-11-13T21:06:29Z,page_view,/pricing,
E0009249,S002349,U0202,2025-11-13T21:16:47Z,page_view,/search,
E0009248,S002349,U0202,2025-11-13T21:25:02Z,page_view,/help,
E0000809,S000206,U0080,2025-11-14T02:33:16Z,page_view,/search,
E0000810,S000206,U0080,2025-11-14T02:33:59Z,page_view,/search,
E0000811,S000206,U0080,2025-11-14T02:35:27Z,view_item,/product/p0166,P0166
E0000812,S000206,U0080,2025-11-14T02:36:32Z,add_to_cart,/product/p0166,P0166
E0000813,S000206,U0080,2025-11-14T02:38:57Z,page_view,/category/beauty,
E0000814,S000206,U0080,2025-11-14T03:00:36Z,page_view,/search,
E0001174,S000304,U0187,2025-11-14T03:23:49Z,page_view,/search,
E0001176,S000304,U0187,2025-11-14T03:26:15Z,page_view,/category/beauty,
E0001177,S000304,U0187,2025-11-14T03:27:38Z,page_view,/category/electronics,
E0001175,S000304,U0187,2025-11-14T03:27:49Z,view_item,/product/p0400,P0400
E0005038,S001281,U0002,2025-11-14T07:55:11Z,page_view,/category/shoes,
E0005039,S001281,U0002,2025-11-14T07:56:57Z,page_view,/search,
E0005040,S001281,U0002,2025-11-14T07:58:28Z,view_item,/product/p0149,P0149
E0005041,S001281,U0002,2025-11-14T07:59:12Z,add_to_cart,/product/p0149,P0149
E0005042,S001281,U0002,2025-11-14T08:28:12Z,page_view,/category/home,
E0004400,S001123,U0090,2025-11-14T08:59:56Z,page_view,/category/shoes,
E0004401,S001123,U0090,2025-11-14T09:00:04Z,page_view,/category/shoes,
E0004402,S001123,U0090,2025-11-14T09:01:29Z,page_view,/search,
E0004403,S001123,U0090,2025-11-14T09:03:33Z,view_item,/product/p0310,P0310
E0004404,S001123,U0090,2025-11-14T09:26:32Z,page_view,/help,
E0006315,S001600,U0120,2025-11-14T09:44:45Z,page_view,/category/electronics,
E0006226,S001583,U0016,2025-11-14T14:29:27Z,page_view,/,
E0006227,S001583,U0016,2025-11-14T14:29:38Z,page_view,/,
E0006228,S001583,U0016,2025-11-14T14:32:10Z,view_item,/product/p0330,P0330
E0006229,S001583,U0016,2025-11-14T14:35:08Z,add_to_cart,/product/p0330,P0330
E0006230,S001583,U0016,2025-11-14T14:39:00Z,begin_checkout,/checkout,P0330
E0006231,S001583,U0016,2025-11-14T14:40:58Z,purchase,/thank-you,P0330
E0003816,S000974,U0104,2025-11-14T16:07:36Z,page_view,/,
E0003817,S000974,U0104,2025-11-14T16:09:59Z,page_view,/pricing,
E0003818,S000974,U0104,2025-11-14T16:10:31Z,page_view,/category/home,
E0008478,S002147,U0037,2025-11-14T17:17:00Z,page_view,/category/shoes,
E0008481,S002147,U0037,2025-11-14T17:18:14Z,page_view,/category/home,
E0008479,S002147,U0037,2025-11-14T17:20:47Z,view_item,/product/p0128,P0128
E0002070,S000536,U0098,2025-11-14T17:26:16Z,page_view,/,
E0002071,S000536,U0098,2025-11-14T17:27:04Z,page_view,/search,
E0002072,S000536,U0098,2025-11-14T17:29:58Z,view_item,/product/p0487,P0487
E0002073,S000536,U0098,2025-11-14T17:43:44Z,page_view,/category/electronics,
E0008480,S002147,U0037,2025-11-14T17:48:21Z,page_view,/category/shoes,
E0002339,S000603,U0066,2025-11-14T18:25:20Z,page_view,/category/beauty,
E0002340,S000603,U0066,2025-11-14T18:25:34Z,page_view,/category/beauty,
E0002341,S000603,U0066,2025-11-14T18:25:43Z,page_view,/search,
E0002343,S000603,U0066,2025-11-14T18:28:34Z,page_view,/category/home,
E0002342,S000603,U0066,2025-11-14T18:28:46Z,view_item,/product/p0074,P0074
E0002344,S000603,U0066,2025-11-14T18:38:27Z,page_view,/category/electronics,
E0002345,S000603,U0066,2025-11-14T18:41:45Z,page_view,/help,
E0000490,S000124,U0117,2025-11-14T20:02:00Z,page_view,/,
E0000492,S000124,U0117,2025-11-14T20:03:48Z,view_item,/product/p0437,P0437
E0000491,S000124,U0117,2025-11-14T20:03:50Z,page_view,/search,
E0000493,S000124,U0117,2025-11-14T20:10:19Z,page_view,/category/beauty,
E0009264,S002353,U0145,2025-11-14T21:08:20Z,page_view,/category/shoes,
E0009265,S002353,U0145,2025-11-14T21:09:11Z,page_view,/search,
E0009266,S002353,U0145,2025-11-14T21:09:13Z,view_item,/product/p0473,P0473
E0009267,S002353,U0145,2025-11-14T21:11:15Z,add_to_cart,/product/p0473,P0473
E0009268,S002353,U0145,2025-11-14T21:31:26Z,page_view,/help,
E0000010,S000003,U0160,2025-11-14T22:27:37Z,page_view,/category/electronics,
E0000011,S000003,U0160,2025-11-14T22:29:36Z,page_view,/search,
E0000014,S000003,U0160,2025-11-14T22:29:56Z,page_view,/cart,
E0000012,S000003,U0160,2025-11-14T22:31:13Z,view_item,/product/p0386,P0386
E0000013,S000003,U0160,2025-11-14T23:08:25Z,page_view,/,
E0004375,S001118,U0169,2025-11-15T02:38:33Z,page_view,/,
E0004376,S001118,U0169,2025-11-15T02:38:43Z,page_view,/,
E0004379,S001118,U0169,2025-11-15T02:40:06Z,page_view,/category/electronics,
E0004377,S001118,U0169,2025-11-15T02:41:10Z,view_item,/product/p0464,P0464
E0004380,S001118,U0169,2025-11-15T02:41:12Z,page_view,/help,
E0004378,S001118,U0169,2025-11-15T02:44:06Z,add_to_cart,/product/p0464,P0464
E0004381,S001118,U0169,2025-11-15T02:47:46Z,page_view,/category/home,
E0005316,S001349,U0166,2025-11-15T03:30:43Z,page_view,/category/shoes,
E0005317,S001349,U0166,2025-11-15T03:34:35Z,view_item,/product/p0130,P0130
E0005318,S001349,U0166,2025-11-15T03:35:58Z,page_view,/category/beauty,
E0005319,S001349,U0166,2025-11-15T03:41:24Z,page_view,/cart,
E0007665,S001946,U0050,2025-11-15T06:22:50Z,page_view,/category/electronics,
E0007667,S001946,U0050,2025-11-15T06:23:50Z,view_item,/product/p0431,P0431
E0007666,S001946,U0050,2025-11-15T06:24:48Z,page_view,/search,
E0007668,S001946,U0050,2025-11-15T06:31:04Z,page_view,/pricing,
E0000688,S000174,U0204,2025-11-15T09:18:18Z,page_view,/,
E0000689,S000174,U0204,2025-11-15T09:18:46Z,page_view,/search,
E0000690,S000174,U0204,2025-11-15T09:20:08Z,view_item,/product/p0091,P0091
E0000692,S000174,U0204,2025-11-15T09:20:20Z,page_view,/category/electronics,
E0000691,S000174,U0204,2025-11-15T09:20:40Z,page_view,/pricing,
E0001341,S000349,U0221,2025-11-15T10:05:14Z,page_view,/search,
E0001342,S000349,U0221,2025-11-15T10:08:05Z,view_item,/product/p0237,P0237
E0008960,S002274,U0108,2025-11-15T13:42:44Z,page_view,/category/shoes,
E0008961,S002274,U0108,2025-11-15T13:43:01Z,page_view,/category/shoes,
E0008962,S002274,U0108,2025-11-15T13:45:07Z,page_view,/cart,
E0004808,S001222,U0055,2025-11-15T15:05:50Z,page_view,/category/electronics,
E0003850,S000983,U0200,2025-11-15T17:52:22Z,page_view,/,
E0003852,S000983,U0200,2025-11-15T17:53:13Z,view_item,/product/p0476,P0476
E0003851,S000983,U0200,2025-11-15T17:54:10Z,page_view,/search,
E0003036,S000770,U0212,2025-11-15T19:01:26Z,page_view,/,
E0003037,S000770,U0212,2025-11-15T19:05:19Z,page_view,/search,
E0003038,S000770,U0212,2025-11-15T19:15:01Z,page_view,/search,
E0006275,S001592,U0084,2025-11-16T01:00:21Z,page_view,/search,
E0006276,S001592,U0084,2025-11-16T01:00:40Z,page_view,/search,
E0006277,S001592,U0084,2025-11-16T01:00:46Z,page_view,/search,
E0006278,S001592,U0084,2025-11-16T01:03:40Z,view_item,/product/p0126,P0126
E0006279,S001592,U0084,2025-11-16T01:04:58Z,add_to_cart,/product/p0126,P0126
E0006280,S001592,U0084,2025-11-16T01:06:07Z,begin_checkout,/checkout,P0126
E0003263,S000832,U0066,2025-11-16T04:42:17Z,page_view,/category/shoes,
E0003264,S000832,U0066,2025-11-16T04:44:33Z,view_item,/product/p0320,P0320
E0003266,S000832,U0066,2025-11-16T05:13:58Z,page_view,/help,
E0003265,S000832,U0066,2025-11-16T05:20:33Z,page_view,/category/electronics,
E0009799,S002493,U0141,2025-11-16T09:20:52Z,page_view,/,
E0009800,S002493,U0141,2025-11-16T09:38:17Z,page_view,/help,
E0000870,S000225,U0101,2025-11-16T13:49:10Z,page_view,/category/home,
E0000871,S000225,U0101,2025-11-16T13:52:17Z,view_item,/product/p0158,P0158
E0000872,S000225,U0101,2025-11-16T14:05:43Z,page_view,/pricing,
E0008842,S002242,U0010,2025-11-16T14:55:43Z,page_view,/category/shoes,
E0008845,S002242,U0010,2025-11-16T14:58:11Z,page_view,/cart,
E0008844,S002242,U0010,2025-11-16T14:59:13Z,page_view,/category/electronics,
E0008843,S002242,U0010,2025-11-16T15:00:06Z,page_view,/help,
E0009499,S002416,U0089,2025-11-16T17:50:17Z,page_view,/,
E0009500,S002416,U0089,2025-11-16T17:50:35Z,page_view,/,
E0009501,S002416,U0089,2025-11-16T17:56:11Z,page_view,/,
E0008688,S002201,U0237,2025-11-16T18:15:13Z,page_view,/category/electronics,
E0008689,S002201,U0237,2025-11-16T18:15:32Z,page_view,/category/electronics,
E0008690,S002201,U0237,2025-11-16T18:16:11Z,view_item,/product/p0057,P0057
E0008692,S002201,U0237,2025-11-16T18:18:31Z,page_view,/help,
E0008691,S002201,U0237,2025-11-16T18:19:35Z,page_view,/search,
E0008693,S002201,U0237,2025-11-16T18:35:00Z,page_view,/cart,
E0001615,S000418,U0092,2025-11-16T22:52:54Z,page_view,/category/electronics,
E0001616,S000418,U0092,2025-11-16T22:53:09Z,page_view,/category/electronics,
E0001617,S000418,U0092,2025-11-16T23:32:22Z,page_view,/category/beauty,
E0004809,S001223,U0220,2025-11-17T02:14:19Z,page_view,/category/home,
E0004812,S001223,U0220,2025-11-17T02:43:04Z,page_view,/category/beauty,
E0004811,S001223,U0220,2025-11-17T02:45:27Z,page_view,/category/beauty,
E0004810,S001223,U0220,2025-11-17T02:56:31Z,page_view,/cart,
E0007679,S001949,U0131,2025-11-17T03:10:05Z,page_view,/category/beauty,
E0007682,S001949,U0131,2025-11-17T03:18:59Z,page_view,/category/shoes,
E0007681,S001949,U0131,2025-11-17T03:23:32Z,page_view,/cart,
E0007680,S001949,U0131,2025-11-17T03:28:00Z,page_view,/category/home,
E0009144,S002323,U0045,2025-11-17T03:45:57Z,page_view,/category/electronics,
E0009145,S002323,U0045,2025-11-17T03:48:12Z,view_item,/product/p0500,P0500
E0009148,S002323,U0045,2025-11-17T03:51:53Z,page_view,/category/shoes,
E0009146,S002323,U0045,2025-11-17T04:02:10Z,page_view,/help,
E0009147,S002323,U0045,2025-11-17T04:10:35Z,page_view,/help,
E0008067,S002053,U0203,2025-11-17T05:55:21Z,page_view,/category/beauty,
E0008068,S002053,U0203,2025-11-17T05:55:58Z,page_view,/search,
E0008069,S002053,U0203,2025-11-17T05:58:17Z,view_item,/product/p0030,P0030
E0008070,S002053,U0203,2025-11-17T05:58:48Z,page_view,/search,
E0008071,S002053,U0203,2025-11-17T06:03:11Z,page_view,/cart,
E0008700,S002203,U0062,2025-11-17T06:50:09Z,page_view,/category/shoes,
E0008702,S002203,U0062,2025-11-17T06:53:42Z,page_view,/category/home,
E0008701,S002203,U0062,2025-11-17T06:53:48Z,view_item,/product/p0290,P0290
E0008703,S002203,U0062,2025-11-17T06:54:51Z,page_view,/cart,
E0006263,S001590,U0153,2025-11-17T08:33:55Z,page_view,/category/electronics,
E0006264,S001590,U0153,2025-11-17T08:34:28Z,page_view,/search,
E0006265,S001590,U0153,2025-11-17T08:35:14Z,view_item,/product/p0181,P0181
E0006266,S001590,U0153,2025-11-17T08:36:29Z,add_to_cart,/product/p0181,P0181
E0006267,S001590,U0153,2025-11-17T08:36:49Z,page_view,/cart,
E0006268,S001590,U0153,2025-11-17T08:51:58Z,page_view,/search,
E0008817,S002237,U0118,2025-11-17T16:41:43Z,page_view,/category/shoes,
E0008818,S002237,U0118,2025-11-17T16:43:07Z,view_item,/product/p0275,P0275
E0008820,S002237,U0118,2025-11-17T16:53:08Z,page_view,/help,
E0008819,S002237,U0118,2025-11-17T16:53:47Z,page_view,/category/electronics,
E0004674,S001185,U0173,2025-11-17T20:03:59Z,page_view,/category/beauty,
E0004675,S001185,U0173,2025-11-17T20:04:51Z,view_item,/product/p0471,P0471
E0007510,S001908,U0208,2025-11-17T21:41:41Z,page_view,/category/shoes,
E0007511,S001908,U0208,2025-11-17T21:49:45Z,page_view,/help,
E0007512,S001908,U0208,2025-11-17T22:12:25Z,page_view,/cart,
E0000446,S000111,U0106,2025-11-17T22:24:31Z,page_view,/category/home,
E0000447,S000111,U0106,2025-11-17T22:26:10Z,page_view,/category/shoes,
E0002818,S000721,U0207,2025-11-17T22:45:42Z,page_view,/,
E0002819,S000721,U0207,2025-11-17T22:46:09Z,page_view,/search,
E0002820,S000721,U0207,2025-11-17T22:48:52Z,view_item,/product/p0080,P0080
E0002821,S000721,U0207,2025-11-17T22:53:48Z,page_view,/category/electronics,
E0001173,S000303,U0141,2025-11-18T05:50:59Z,page_view,/category/beauty,
E0009995,S002548,U0106,2025-11-18T07:04:16Z,page_view,/category/electronics,
E0009996,S002548,U0106,2025-11-18T07:10:16Z,page_view,/cart,
E0009998,S002548,U0106,2025-11-18T07:15:44Z,page_view,/,
E0009997,S002548,U0106,2025-11-18T07:34:32Z,page_view,/category/shoes,
E0009339,S002372,U0048,2025-11-18T18:10:35Z,page_view,/category/shoes,
E0009340,S002372,U0048,2025-11-18T18:11:30Z,page_view,/search,
E0009341,S002372,U0048,2025-11-18T18:13:26Z,view_item,/product/p0006,P0006
E0009343,S002372,U0048,2025-11-18T18:34:17Z,page_view,/category/beauty,
E0009342,S002372,U0048,2025-11-18T18:36:51Z,page_view,/cart,
E0000669,S000169,U0094,2025-11-18T19:00:27Z,page_view,/category/beauty,
E0003633,S000926,U0060,2025-11-18T22:24:37Z,page_view,/category/beauty,
E0003634,S000926,U0060,2025-11-18T22:24:45Z,page_view,/category/beauty,
E0003635,S000926,U0060,2025-11-18T22:28:11Z,view_item,/product/p0012,P0012
E0008024,S002040,U0166,2025-11-18T22:29:56Z,page_view,/category/shoes,
E0008025,S002040,U0166,2025-11-18T22:30:15Z,page_view,/category/shoes,
E0008026,S002040,U0166,2025-11-18T22:30:46Z,page_view,/search,
E0003636,S000926,U0060,2025-11-18T22:30:53Z,page_view,/category/home,
E0008027,S002040,U0166,2025-11-18T22:31:13Z,view_item,/product/p0341,P0341
E0008029,S002040,U0166,2025-11-18T22:31:53Z,page_view,/pricing,
E0008028,S002040,U0166,2025-11-18T22:54:32Z,page_view,/help,
E0005218,S001330,U0022,2025-11-19T00:20:08Z,page_view,/category/electronics,
E0005219,S001330,U0022,2025-11-19T00:23:33Z,view_item,/product/p0340,P0340
E0005220,S001330,U0022,2025-11-19T00:23:48Z,page_view,/help,
E0005221,S001330,U0022,2025-11-19T00:25:16Z,page_view,/search,
E0003476,S000886,U0138,2025-11-19T01:08:21Z,page_view,/category/shoes,
E0003477,S000886,U0138,2025-11-19T01:09:27Z,page_view,/search,
E0003478,S000886,U0138,2025-11-19T01:09:54Z,view_item,/product/p0020,P0020
E0008105,S002062,U0223,2025-11-19T01:42:33Z,page_view,/category/beauty,
E0008106,S002062,U0223,2025-11-19T01:42:56Z,page_view,/category/beauty,
E0005992,S001521,U0146,2025-11-19T01:45:11Z,page_view,/category/shoes,
E0005993,S001521,U0146,2025-11-19T01:45:17Z,page_view,/category/shoes,
E0005994,S001521,U0146,2025-11-19T01:45:32Z,page_view,/search,
E0005995,S001521,U0146,2025-11-19T01:48:54Z,view_item,/product/p0301,P0301
E0005996,S001521,U0146,2025-11-19T01:53:51Z,page_view,/category/electronics,
E0008107,S002062,U0223,2025-11-19T02:05:57Z,page_view,/search,
E0002246,S000582,U0182,2025-11-19T02:13:14Z,page_view,/category/home,
E0002247,S000582,U0182,2025-11-19T02:15:48Z,page_view,/search,
E0005997,S001521,U0146,2025-11-19T02:22:41Z,page_view,/help,
E0001965,S000508,U0153,2025-11-19T10:04:22Z,page_view,/category/electronics,
E0001966,S000508,U0153,2025-11-19T10:06:17Z,view_item,/product/p0490,P0490
E0009108,S002312,U0184,2025-11-19T11:25:59Z,page_view,/category/beauty,
E0009109,S002312,U0184,2025-11-19T11:26:42Z,view_item,/product/p0464,P0464
E0009111,S002312,U0184,2025-11-19T11:48:22Z,page_view,/category/beauty,
E0009110,S002312,U0184,2025-11-19T11:55:06Z,page_view,/,
E0009481,S002410,U0109,2025-11-19T13:00:29Z,page_view,/category/shoes,
E0009482,S002410,U0109,2025-11-19T13:00:42Z,page_view,/category/shoes,
E0009485,S002410,U0109,2025-11-19T13:13:36Z,page_view,/category/electronics,
E0009483,S002410,U0109,2025-11-19T13:14:39Z,page_view,/category/shoes,
E0009484,S002410,U0109,2025-11-19T13:18:11Z,page_view,/category/home,
E0000804,S000205,U0024,2025-11-19T18:59:35Z,page_view,/category/home,
E0000805,S000205,U0024,2025-11-19T18:59:54Z,page_view,/category/home,
E0000806,S000205,U0024,2025-11-19T19:01:19Z,view_item,/product/p0018,P0018
E0006211,S001579,U0062,2025-11-19T19:10:33Z,page_view,/,
E0000807,S000205,U0024,2025-11-19T19:20:55Z,page_view,/search,
E0000808,S000205,U0024,2025-11-19T19:22:20Z,page_view,/pricing,
E0006212,S001579,U0062,2025-11-19T19:26:58Z,page_view,/category/home,
E0006213,S001579,U0062,2025-11-19T19:28:35Z,page_view,/search,
E0000963,S000249,U0202,2025-11-19T20:35:08Z,page_view,/category/beauty,
E0000964,S000249,U0202,2025-11-19T20:35:17Z,page_view,/category/beauty,
E0000965,S000249,U0202,2025-11-19T20:35:38Z,page_view,/search,
E0000966,S000249,U0202,2025-11-19T20:37:04Z,view_item,/product/p0103,P0103
E0000967,S000249,U0202,2025-11-19T20:38:49Z,page_view,/cart,
E0000968,S000249,U0202,2025-11-19T20:42:06Z,page_view,/category/shoes,
E0000969,S000249,U0202,2025-11-19T20:43:09Z,page_view,/category/electronics,
E0010137,S002583,U0089,2025-11-19T21:12:53Z,page_view,/,
E0010138,S002583,U0089,2025-11-19T21:13:17Z,page_view,/,
E0010139,S002583,U0089,2025-11-19T21:14:27Z,page_view,/search,
E0010142,S002583,U0089,2025-11-19T21:15:14Z,page_view,/category/home,
E0010140,S002583,U0089,2025-11-19T21:16:07Z,view_item,/product/p0039,P0039
E0010141,S002583,U0089,2025-11-19T21:16:17Z,add_to_cart,/product/p0039,P0039
E0010144,S002583,U0089,2025-11-19T21:17:51Z,page_view,/category/home,
E0010143,S002583,U0089,2025-11-19T21:20:08Z,page_view,/,
E0003331,S000851,U0026,2025-11-19T21:24:42Z,page_view,/category/shoes,
E0003332,S000851,U0026,2025-11-19T21:25:52Z,page_view,/search,
E0003334,S000851,U0026,2025-11-19T21:26:27Z,page_view,/cart,
E0003333,S000851,U0026,2025-11-19T21:27:36Z,view_item,/product/p0399,P0399
E0003335,S000851,U0026,2025-11-19T21:28:38Z,page_view,/category/electronics,
E0000994,S000256,U0058,2025-11-19T21:34:28Z,page_view,/,
E0000996,S000256,U0058,2025-11-19T21:35:14Z,view_item,/product/p0127,P0127
E0000995,S000256,U0058,2025-11-19T21:35:48Z,page_view,/search,
E0000998,S000256,U0058,2025-11-19T21:35:51Z,page_view,/help,
E0000999,S000256,U0058,2025-11-19T21:36:25Z,page_view,/pricing,
E0000997,S000256,U0058,2025-11-19T21:38:43Z,page_view,/,
E0008630,S002187,U0008,2025-11-19T22:06:39Z,page_view,/category/shoes,
E0008631,S002187,U0008,2025-11-19T22:25:02Z,page_view,/search,
E0008763,S002222,U0163,2025-11-19T22:49:13Z,page_view,/search,
E0008764,S002222,U0163,2025-11-19T22:49:38Z,page_view,/search,
E0008765,S002222,U0163,2025-11-19T22:51:25Z,view_item,/product/p0212,P0212
E0008766,S002222,U0163,2025-11-19T22:52:10Z,page_view,/search,
E0008768,S002222,U0163,2025-11-19T22:54:30Z,page_view,/,
E0008767,S002222,U0163,2025-11-19T23:10:27Z,page_view,/search,
E0002967,S000753,U0192,2025-11-19T23:20:29Z,page_view,/category/home,
E0006852,S001740,U0093,2025-11-19T23:41:51Z,page_view,/category/shoes,
E0006853,S001740,U0093,2025-11-19T23:42:01Z,page_view,/category/shoes,
E0006854,S001740,U0093,2025-11-19T23:44:02Z,view_item,/product/p0155,P0155
E0006855,S001740,U0093,2025-11-19T23:44:50Z,add_to_cart,/product/p0155,P0155
E0006856,S001740,U0093,2025-11-19T23:45:29Z,begin_checkout,/checkout,P0155
E0009907,S002523,U0007,2025-11-19T23:50:56Z,page_view,/search,
E0009908,S002523,U0007,2025-11-19T23:51:04Z,page_view,/search,
E0009911,S002523,U0007,2025-11-19T23:51:39Z,page_view,/,
E0009910,S002523,U0007,2025-11-19T23:52:43Z,page_view,/category/shoes,
E0009909,S002523,U0007,2025-11-19T23:53:23Z,page_view,/category/electronics,
E0001475,S000385,U0045,2025-11-20T02:01:29Z,page_view,/category/electronics,
E0001476,S000385,U0045,2025-11-20T02:01:46Z,page_view,/category/electronics,
E0001477,S000385,U0045,2025-11-20T02:19:39Z,page_view,/category/beauty,
E0001128,S000291,U0023,2025-11-20T06:30:14Z,page_view,/category/beauty,
E0001129,S000291,U0023,2025-11-20T06:30:37Z,page_view,/category/beauty,
E0001130,S000291,U0023,2025-11-20T06:31:53Z,page_view,/search,
E0001131,S000291,U0023,2025-11-20T06:32:45Z,view_item,/product/p0015,P0015
E0007515,S001910,U0187,2025-11-20T06:41:12Z,page_view,/,
E0007516,S001910,U0187,2025-11-20T06:41:32Z,page_view,/,
E0007517,S001910,U0187,2025-11-20T06:48:59Z,page_view,/category/electronics,
E0009745,S002479,U0107,2025-11-20T08:50:59Z,page_view,/,
E0009749,S002479,U0107,2025-11-20T08:52:13Z,page_view,/category/electronics,
E0005019,S001276,U0147,2025-11-20T08:52:33Z,page_view,/,
E0009747,S002479,U0107,2025-11-20T08:54:28Z,page_view,/category/home,
E0009748,S002479,U0107,2025-11-20T08:54:37Z,page_view,/search,
E0009746,S002479,U0107,2025-11-20T08:54:52Z,view_item,/product/p0305,P0305
E0005020,S001276,U0147,2025-11-20T08:55:21Z,view_item,/product/p0274,P0274
E0005445,S001381,U0122,2025-11-20T10:13:57Z,page_view,/,
E0005446,S001381,U0122,2025-11-20T10:14:43Z,page_view,/search,
E0005447,S001381,U0122,2025-11-20T10:14:52Z,view_item,/product/p0053,P0053
E0005448,S001381,U0122,2025-11-20T10:18:48Z,page_view,/category/home,
E0005449,S001381,U0122,2025-11-20T10:26:58Z,page_view,/cart,
E0005450,S001381,U0122,2025-11-20T10:27:44Z,page_view,/help,
E0001824,S000470,U0152,2025-11-20T11:12:58Z,page_view,/category/shoes,
E0001825,S000470,U0152,2025-11-20T11:13:08Z,page_view,/category/shoes,
E0001826,S000470,U0152,2025-11-20T11:13:38Z,page_view,/search,
E0001827,S000470,U0152,2025-11-20T11:13:45Z,view_item,/product/p0474,P0474
E0001828,S000470,U0152,2025-11-20T11:20:41Z,page_view,/pricing,
E0001829,S000470,U0152,2025-11-20T11:24:28Z,page_view,/cart,
E0002769,S000710,U0063,2025-11-20T14:38:52Z,page_view,/category/home,
E0002770,S000710,U0063,2025-11-20T14:41:15Z,view_item,/product/p0499,P0499
E0002771,S000710,U0063,2025-11-20T14:43:56Z,add_to_cart,/product/p0499,P0499
E0002772,S000710,U0063,2025-11-20T14:47:51Z,begin_checkout,/checkout,P0499
E0002774,S000710,U0063,2025-11-20T14:48:01Z,page_view,/category/shoes,
E0002773,S000710,U0063,2025-11-20T14:49:08Z,purchase,/thank-you,P0499
E0004676,S001186,U0221,2025-11-20T22:07:48Z,page_view,/category/electronics,
E0004677,S001186,U0221,2025-11-20T22:08:02Z,page_view,/category/electronics,
E0004678,S001186,U0221,2025-11-20T22:29:07Z,page_view,/pricing,
E0008151,S002074,U0111,2025-11-21T00:43:26Z,page_view,/category/beauty,
E0008152,S002074,U0111,2025-11-21T00:45:13Z,page_view,/search,
E0008153,S002074,U0111,2025-11-21T00:47:18Z,view_item,/product/p0019,P0019
E0008154,S002074,U0111,2025-11-21T00:47:33Z,add_to_cart,/product/p0019,P0019
E0008155,S002074,U0111,2025-11-21T00:48:52Z,begin_checkout,/checkout,P0019
E0009571,S002431,U0224,2025-11-21T01:17:13Z,page_view,/,
E0009572,S002431,U0224,2025-11-21T01:19:17Z,view_item,/product/p0250,P0250
E0009574,S002431,U0224,2025-11-21T01:42:07Z,page_view,/help,
E0009573,S002431,U0224,2025-11-21T01:47:48Z,page_view,/pricing,
E0000888,S000230,U0168,2025-11-21T03:17:35Z,page_view,/category/beauty,
E0000889,S000230,U0168,2025-11-21T03:17:43Z,page_view,/category/beauty,
E0000890,S000230,U0168,2025-11-21T03:19:16Z,view_item,/product/p0019,P0019
E0000891,S000230,U0168,2025-11-21T03:19:51Z,add_to_cart,/product/p0019,P0019
E0006796,S001726,U0198,2025-11-21T03:22:16Z,page_view,/category/electronics,
E0006797,S001726,U0198,2025-11-21T03:22:42Z,page_view,/search,
E0000892,S000230,U0168,2025-11-21T03:23:51Z,begin_checkout,/checkout,P0019
E0006798,S001726,U0198,2025-11-21T03:24:35Z,view_item,/product/p0194,P0194
E0000895,S000230,U0168,2025-11-21T03:25:17Z,page_view,/,
E0006800,S001726,U0198,2025-11-21T03:31:05Z,page_view,/help,
E0006799,S001726,U0198,2025-11-21T03:31:19Z,page_view,/category/home,
E0006801,S001726,U0198,2025-11-21T03:38:33Z,page_view,/search,
E0000893,S000230,U0168,2025-11-21T03:45:08Z,page_view,/pricing,
E0000894,S000230,U0168,2025-11-21T03:45:12Z,page_view,/category/electronics,
E0003890,S000991,U0244,2025-11-21T03:47:24Z,page_view,/category/electronics,
E0003891,S000991,U0244,2025-11-21T03:47:34Z,page_view,/category/electronics,
E0005163,S001316,U0224,2025-11-21T06:58:36Z,page_view,/,
E0005164,S001316,U0224,2025-11-21T07:00:59Z,view_item,/product/p0221,P0221
E0005166,S001316,U0224,2025-11-21T07:17:31Z,page_view,/pricing,
E0005165,S001316,U0224,2025-11-21T07:19:56Z,page_view,/,
E0005199,S001325,U0237,2025-11-21T07:35:17Z,page_view,/category/electronics,
E0005200,S001325,U0237,2025-11-21T07:36:20Z,view_item,/product/p0394,P0394
E0005201,S001325,U0237,2025-11-21T07:37:00Z,add_to_cart,/product/p0394,P0394
E0005202,S001325,U0237,2025-11-21T07:37:15Z,begin_checkout,/checkout,P0394
E0005203,S001325,U0237,2025-11-21T07:39:13Z,purchase,/thank-you,P0394
E0005204,S001325,U0237,2025-11-21T07:42:53Z,page_view,/help,
E0004190,S001071,U0133,2025-11-21T08:09:01Z,page_view,/category/shoes,
E0004191,S001071,U0133,2025-11-21T08:09:48Z,page_view,/search,
E0004192,S001071,U0133,2025-11-21T08:11:18Z,view_item,/product/p0006,P0006
E0004193,S001071,U0133,2025-11-21T08:23:17Z,page_view,/help,
E0009946,S002535,U0189,2025-11-21T08:23:34Z,page_view,/category/beauty,
E0009947,S002535,U0189,2025-11-21T08:23:43Z,page_view,/category/beauty,
E0009949,S002535,U0189,2025-11-21T08:24:30Z,page_view,/help,
E0009950,S002535,U0189,2025-11-21T08:24:32Z,page_view,/search,
E0009948,S002535,U0189,2025-11-21T08:24:49Z,page_view,/category/beauty,
E0003725,S000948,U0042,2025-11-21T09:53:21Z,page_view,/category/home,
E0001496,S000390,U0019,2025-11-21T12:21:02Z,page_view,/category/electronics,
E0001497,S000390,U0019,2025-11-21T12:21:10Z,page_view,/category/electronics,
E0001498,S000390,U0019,2025-11-21T12:22:16Z,view_item,/product/p0163,P0163
E0001499,S000390,U0019,2025-11-21T12:41:04Z,page_view,/pricing,
E0001500,S000390,U0019,2025-11-21T12:50:44Z,page_view,/search,
E0003966,S001011,U0097,2025-11-21T12:51:49Z,page_view,/,
E0003967,S001011,U0097,2025-11-21T12:55:35Z,view_item,/product/p0019,P0019
E0003969,S001011,U0097,2025-11-21T12:58:28Z,page_view,/,
E0003968,S001011,U0097,2025-11-21T13:01:07Z,page_view,/category/electronics,
E0003970,S001011,U0097,2025-11-21T13:01:38Z,page_view,/help,
E0008531,S002160,U0164,2025-11-21T13:50:40Z,page_view,/category/home,
E0008532,S002160,U0164,2025-11-21T13:51:26Z,page_view,/search,
E0008533,S002160,U0164,2025-11-21T13:52:50Z,view_item,/product/p0324,P0324
E0010051,S002562,U0010,2025-11-21T14:47:49Z,page_view,/category/beauty,
E0010052,S002562,U0010,2025-11-21T14:53:10Z,page_view,/cart,
E0010054,S002562,U0010,2025-11-21T15:24:13Z,page_view,/category/electronics,
E0010053,S002562,U0010,2025-11-21T15:24:42Z,page_view,/help,
E0002729,S000702,U0249,2025-11-21T18:54:50Z,page_view,/search,
E0002732,S000702,U0249,2025-11-21T18:56:05Z,page_view,/category/home,
E0002733,S000702,U0249,2025-11-21T18:56:16Z,page_view,/category/shoes,
E0002730,S000702,U0249,2025-11-21T18:56:28Z,page_view,/search,
E0002731,S000702,U0249,2025-11-21T18:57:27Z,view_item,/product/p0230,P0230
E0004153,S001061,U0225,2025-11-21T21:47:47Z,page_view,/category/shoes,
E0004154,S001061,U0225,2025-11-21T21:50:32Z,page_view,/,
E0008426,S002133,U0182,2025-11-21T21:57:00Z,page_view,/,
E0008428,S002133,U0182,2025-11-21T22:03:08Z,page_view,/pricing,
E0004155,S001061,U0225,2025-11-21T22:18:15Z,page_view,/category/electronics,
E0008429,S002133,U0182,2025-11-21T22:21:36Z,page_view,/search,
E0008427,S002133,U0182,2025-11-21T22:30:03Z,page_view,/category/beauty,
E0007600,S001931,U0015,2025-11-22T01:49:16Z,page_view,/,
E0007601,S001931,U0015,2025-11-22T01:49:33Z,page_view,/,
E0007602,S001931,U0015,2025-11-22T02:08:59Z,page_view,/category/beauty,
E0003971,S001012,U0118,2025-11-22T03:17:27Z,page_view,/category/home,
E0003972,S001012,U0118,2025-11-22T03:17:39Z,page_view,/category/home,
E0003973,S001012,U0118,2025-11-22T03:27:09Z,page_view,/cart,
E0007916,S002010,U0145,2025-11-22T04:08:57Z,page_view,/,
E0007917,S002010,U0145,2025-11-22T04:15:33Z,page_view,/,
E0007918,S002010,U0145,2025-11-22T04:21:21Z,page_view,/search,
E0006425,S001625,U0171,2025-11-22T06:12:57Z,page_view,/,
E0005108,S001302,U0099,2025-11-22T08:32:54Z,page_view,/category/home,
E0005109,S001302,U0099,2025-11-22T08:34:10Z,view_item,/product/p0254,P0254
E0005110,S001302,U0099,2025-11-22T08:34:23Z,add_to_cart,/product/p0254,P0254
E0005111,S001302,U0099,2025-11-22T08:37:35Z,begin_checkout,/checkout,P0254
E0005112,S001302,U0099,2025-11-22T08:45:22Z,page_view,/category/home,
E0000914,S000235,U0141,2025-11-22T12:59:09Z,page_view,/,
E0000916,S000235,U0141,2025-11-22T13:03:42Z,page_view,/help,
E0004420,S001128,U0210,2025-11-22T13:06:47Z,page_view,/,
E0004421,S001128,U0210,2025-11-22T13:07:03Z,page_view,/,
E0004422,S001128,U0210,2025-11-22T13:07:18Z,page_view,/search,
E0004423,S001128,U0210,2025-11-22T13:09:36Z,view_item,/product/p0117,P0117
E0000915,S000235,U0141,2025-11-22T13:14:04Z,page_view,/category/electronics,
E0006590,S001669,U0099,2025-11-22T13:24:17Z,page_view,/category/shoes,
E0006592,S001669,U0099,2025-11-22T13:36:10Z,page_view,/category/shoes,
E0006591,S001669,U0099,2025-11-22T13:37:29Z,page_view,/pricing,
E0006593,S001669,U0099,2025-11-22T13:44:02Z,page_view,/search,
E0004735,S001202,U0222,2025-11-22T15:35:54Z,page_view,/,
E0004736,S001202,U0222,2025-11-22T15:37:05Z,page_view,/search,
E0004737,S001202,U0222,2025-11-22T15:37:50Z,view_item,/product/p0275,P0275
E0003366,S000859,U0068,2025-11-22T15:48:53Z,page_view,/category/electronics,
E0003367,S000859,U0068,2025-11-22T15:50:55Z,page_view,/cart,
E0003369,S000859,U0068,2025-11-22T15:54:07Z,page_view,/help,
E0003368,S000859,U0068,2025-11-22T15:54:21Z,page_view,/category/electronics,
E0004581,S001162,U0148,2025-11-22T17:38:46Z,page_view,/category/shoes,
E0004582,S001162,U0148,2025-11-22T17:39:02Z,page_view,/category/shoes,
E0004583,S001162,U0148,2025-11-22T17:40:39Z,page_view,/search,
E0004584,S001162,U0148,2025-11-22T17:41:24Z,view_item,/product/p0399,P0399
E0004585,S001162,U0148,2025-11-22T18:03:59Z,page_view,/category/home,
E0004587,S001162,U0148,2025-11-22T18:06:24Z,page_view,/search,
E0004586,S001162,U0148,2025-11-22T18:15:45Z,page_view,/cart,
E0003352,S000856,U0070,2025-11-22T19:55:57Z,page_view,/search,
E0003353,S000856,U0070,2025-11-22T19:57:01Z,view_item,/product/p0023,P0023
E0003354,S000856,U0070,2025-11-22T19:58:39Z,page_view,/help,
E0003355,S000856,U0070,2025-11-22T20:04:55Z,page_view,/,
E0010029,S002556,U0214,2025-11-22T21:32:04Z,page_view,/category/shoes,
E0010030,S002556,U0214,2025-11-22T21:32:21Z,page_view,/category/shoes,
E0010031,S002556,U0214,2025-11-22T21:34:47Z,view_item,/product/p0337,P0337
E0003976,S001014,U0141,2025-11-22T22:37:53Z,page_view,/category/electronics,
E0003977,S001014,U0141,2025-11-22T22:38:04Z,page_view,/category/electronics,
E0004159,S001063,U0104,2025-11-22T22:50:43Z,page_view,/category/electronics,
E0004161,S001063,U0104,2025-11-22T22:52:16Z,page_view,/category/home,
E0004160,S001063,U0104,2025-11-22T23:13:17Z,page_view,/category/beauty,
E0010086,S002571,U0049,2025-11-23T04:43:51Z,page_view,/category/beauty,
E0010088,S002571,U0049,2025-11-23T04:54:27Z,page_view,/pricing,
E0010087,S002571,U0049,2025-11-23T04:55:26Z,page_view,/category/beauty,
E0006802,S001727,U0037,2025-11-23T10:13:18Z,page_view,/category/shoes,
E0006804,S001727,U0037,2025-11-23T10:14:21Z,view_item,/product/p0163,P0163
E0006803,S001727,U0037,2025-11-23T10:14:31Z,page_view,/search,
E0006807,S001727,U0037,2025-11-23T10:16:01Z,page_view,/cart,
E0006805,S001727,U0037,2025-11-23T10:16:23Z,page_view,/category/shoes,
E0006806,S001727,U0037,2025-11-23T10:24:14Z,page_view,/category/beauty,
E0004551,S001157,U0199,2025-11-23T10:44:38Z,page_view,/,
E0004552,S001157,U0199,2025-11-23T10:44:51Z,page_view,/,
E0004553,S001157,U0199,2025-11-23T10:46:11Z,page_view,/search,
E0004554,S001157,U0199,2025-11-23T10:46:27Z,view_item,/product/p0231,P0231
E0004555,S001157,U0199,2025-11-23T10:46:36Z,page_view,/help,
E0004556,S001157,U0199,2025-11-23T11:21:19Z,page_view,/category/home,
E0003433,S000877,U0235,2025-11-23T12:45:34Z,page_view,/category/beauty,
E0002968,S000754,U0217,2025-11-23T12:48:38Z,page_view,/search,
E0003435,S000877,U0235,2025-11-23T12:57:48Z,page_view,/category/beauty,
E0003434,S000877,U0235,2025-11-23T12:59:29Z,page_view,/category/electronics,
E0002969,S000754,U0217,2025-11-23T13:00:41Z,page_view,/category/shoes,
E0003436,S000877,U0235,2025-11-23T13:02:04Z,page_view,/category/shoes,
E0002880,S000733,U0109,2025-11-23T15:22:01Z,page_view,/search,
E0002883,S000733,U0109,2025-11-23T15:34:44Z,page_view,/category/beauty,
E0002882,S000733,U0109,2025-11-23T15:45:04Z,page_view,/category/shoes,
E0002881,S000733,U0109,2025-11-23T16:00:55Z,page_view,/help,
E0003021,S000766,U0044,2025-11-23T16:08:34Z,page_view,/category/home,
E0003022,S000766,U0044,2025-11-23T16:10:18Z,page_view,/search,
E0003024,S000766,U0044,2025-11-23T16:10:48Z,page_view,/category/shoes,
E0003023,S000766,U0044,2025-11-23T16:11:26Z,view_item,/product/p0354,P0354
E0003025,S000766,U0044,2025-11-23T16:13:42Z,page_view,/,
E0003026,S000766,U0044,2025-11-23T16:48:08Z,page_view,/category/electronics,
E0009829,S002502,U0052,2025-11-23T18:52:48Z,page_view,/category/beauty,
E0009831,S002502,U0052,2025-11-23T18:53:24Z,page_view,/category/beauty,
E0009830,S002502,U0052,2025-11-23T18:53:54Z,page_view,/category/beauty,
E0009832,S002502,U0052,2025-11-23T18:57:48Z,page_view,/category/beauty,
E0009479,S002409,U0083,2025-11-23T19:08:02Z,page_view,/category/beauty,
E0009480,S002409,U0083,2025-11-23T19:10:55Z,view_item,/product/p0381,P0381
E0009790,S002489,U0051,2025-11-23T19:19:19Z,page_view,/category/shoes,
E0005894,S001496,U0145,2025-11-23T20:59:55Z,page_view,/,
E0005895,S001496,U0145,2025-11-23T21:03:00Z,view_item,/product/p0191,P0191
E0005896,S001496,U0145,2025-11-23T21:09:46Z,page_view,/category/electronics,
E0009939,S002534,U0170,2025-11-23T21:48:50Z,page_view,/category/beauty,
E0009940,S002534,U0170,2025-11-23T21:49:10Z,page_view,/category/beauty,
E0009941,S002534,U0170,2025-11-23T21:50:10Z,page_view,/search,
E0009942,S002534,U0170,2025-11-23T21:50:45Z,view_item,/product/p0323,P0323
E0009944,S002534,U0170,2025-11-23T21:52:16Z,page_view,/,
E0009943,S002534,U0170,2025-11-23T21:53:58Z,page_view,/category/home,
E0009945,S002534,U0170,2025-11-23T21:54:31Z,page_view,/pricing,
E0003939,S001004,U0196,2025-11-23T22:48:30Z,page_view,/category/shoes,
E0003940,S001004,U0196,2025-11-23T22:50:33Z,view_item,/product/p0406,P0406
E0003941,S001004,U0196,2025-11-23T22:58:09Z,page_view,/cart,
E0001300,S000338,U0109,2025-11-23T23:52:54Z,page_view,/category/shoes,
E0001301,S000338,U0109,2025-11-23T23:53:51Z,page_view,/cart,
E0006042,S001532,U0045,2025-11-24T01:42:43Z,page_view,/,
E0006043,S001532,U0045,2025-11-24T01:50:11Z,page_view,/search,
E0000482,S000121,U0090,2025-11-24T03:00:38Z,page_view,/category/electronics,
E0000483,S000121,U0090,2025-11-24T03:01:00Z,page_view,/category/electronics,
E0004547,S001156,U0049,2025-11-24T03:25:50Z,page_view,/category/beauty,
E0004548,S001156,U0049,2025-11-24T03:36:03Z,page_view,/,
E0004550,S001156,U0049,2025-11-24T03:36:37Z,page_view,/category/shoes,
E0004549,S001156,U0049,2025-11-24T03:42:10Z,page_view,/search,
E0007698,S001954,U0024,2025-11-24T04:08:10Z,page_view,/search,
E0007699,S001954,U0024,2025-11-24T04:09:28Z,page_view,/search,
E0007700,S001954,U0024,2025-11-24T04:09:54Z,view_item,/product/p0098,P0098
E0004495,S001147,U0177,2025-11-24T05:04:36Z,page_view,/category/shoes,
E0004496,S001147,U0177,2025-11-24T05:07:03Z,view_item,/product/p0244,P0244
E0004497,S001147,U0177,2025-11-24T05:26:53Z,page_view,/,
E0008271,S002098,U0141,2025-11-24T05:58:28Z,page_view,/category/shoes,
E0008272,S002098,U0141,2025-11-24T06:00:03Z,page_view,/search,
E0008273,S002098,U0141,2025-11-24T06:00:06Z,view_item,/product/p0074,P0074
E0008274,S002098,U0141,2025-11-24T06:01:53Z,add_to_cart,/product/p0074,P0074
E0008275,S002098,U0141,2025-11-24T06:03:50Z,begin_checkout,/checkout,P0074
E0007451,S001892,U0130,2025-11-24T07:21:39Z,page_view,/category/electronics,
E0007452,S001892,U0130,2025-11-24T07:22:02Z,page_view,/category/electronics,
E0006711,S001704,U0195,2025-11-24T07:33:07Z,page_view,/category/shoes,
E0006712,S001704,U0195,2025-11-24T07:34:50Z,page_view,/search,
E0007453,S001892,U0130,2025-11-24T07:35:30Z,page_view,/category/electronics,
E0006713,S001704,U0195,2025-11-24T07:35:54Z,view_item,/product/p0166,P0166
E0000132,S000033,U0043,2025-11-24T09:37:31Z,page_view,/category/beauty,
E0000133,S000033,U0043,2025-11-24T09:38:50Z,page_view,/search,
E0000134,S000033,U0043,2025-11-24T09:39:30Z,view_item,/product/p0041,P0041
E0000135,S000033,U0043,2025-11-24T09:40:30Z,add_to_cart,/product/p0041,P0041
E0000137,S000033,U0043,2025-11-24T09:40:47Z,page_view,/category/beauty,
E0000136,S000033,U0043,2025-11-24T09:41:30Z,begin_checkout,/checkout,P0041
E0005947,S001510,U0072,2025-11-24T09:42:30Z,page_view,/category/home,
E0000138,S000033,U0043,2025-11-24T09:43:16Z,page_view,/category/beauty,
E0005951,S001510,U0072,2025-11-24T09:43:44Z,page_view,/search,
E0005952,S001510,U0072,2025-11-24T09:43:53Z,page_view,/search,
E0005950,S001510,U0072,2025-11-24T09:43:59Z,page_view,/category/home,
E0005948,S001510,U0072,2025-11-24T09:44:08Z,page_view,/search,
E0005949,S001510,U0072,2025-11-24T09:44:54Z,view_item,/product/p0479,P0479
E0002715,S000698,U0045,2025-11-24T13:46:44Z,page_view,/category/shoes,
E0004382,S001119,U0035,2025-11-24T13:50:53Z,page_view,/,
E0004383,S001119,U0035,2025-11-24T13:50:58Z,page_view,/,
E0004386,S001119,U0035,2025-11-24T13:53:59Z,page_view,/,
E0002717,S000698,U0045,2025-11-24T13:54:23Z,page_view,/help,
E0000829,S000212,U0160,2025-11-24T13:54:43Z,page_view,/category/electronics,
E0000831,S000212,U0160,2025-11-24T13:55:45Z,page_view,/cart,
E0002716,S000698,U0045,2025-11-24T13:55:53Z,page_view,/pricing,
E0000830,S000212,U0160,2025-11-24T13:56:05Z,page_view,/category/electronics,
E0000832,S000212,U0160,2025-11-24T13:57:16Z,page_view,/cart,
E0004384,S001119,U0035,2025-11-24T13:57:17Z,page_view,/help,
E0004385,S001119,U0035,2025-11-24T14:04:07Z,page_view,/help,
E0005768,S001461,U0074,2025-11-24T14:13:06Z,page_view,/,
E0005769,S001461,U0074,2025-11-24T14:13:21Z,page_view,/,
E0005770,S001461,U0074,2025-11-24T14:37:42Z,page_view,/help,
E0006992,S001773,U0188,2025-11-24T15:41:41Z,page_view,/category/beauty,
E0001883,S000483,U0220,2025-11-24T18:01:47Z,page_view,/,
E0006545,S001659,U0003,2025-11-24T18:02:58Z,page_view,/category/electronics,
E0006546,S001659,U0003,2025-11-24T18:03:42Z,page_view,/search,
E0006547,S001659,U0003,2025-11-24T18:03:51Z,view_item,/product/p0018,P0018
E0006551,S001659,U0003,2025-11-24T18:04:23Z,page_view,/category/shoes,
E0006548,S001659,U0003,2025-11-24T18:06:09Z,add_to_cart,/product/p0018,P0018
E0006549,S001659,U0003,2025-11-24T18:07:49Z,begin_checkout,/checkout,P0018
E0006550,S001659,U0003,2025-11-24T18:27:29Z,page_view,/search,
E0000597,S000153,U0093,2025-11-24T21:13:54Z,page_view,/category/home,
E0000598,S000153,U0093,2025-11-24T21:14:04Z,page_view,/category/home,
E0000599,S000153,U0093,2025-11-24T21:15:06Z,view_item,/product/p0048,P0048
E0000601,S000153,U0093,2025-11-24T21:16:34Z,page_view,/cart,
E0000602,S000153,U0093,2025-11-24T21:22:08Z,page_view,/category/home,
E0000600,S000153,U0093,2025-11-24T21:35:47Z,page_view,/search,
E0007623,S001936,U0060,2025-11-24T22:27:21Z,page_view,/,
E0007625,S001936,U0060,2025-11-24T22:28:36Z,page_view,/pricing,
E0007624,S001936,U0060,2025-11-24T22:43:38Z,page_view,/help,
E0003039,S000771,U0025,2025-11-25T01:25:40Z,page_view,/category/electronics,
E0003040,S000771,U0025,2025-11-25T01:27:00Z,page_view,/search,
E0003041,S000771,U0025,2025-11-25T01:29:34Z,view_item,/product/p0440,P0440
E0003042,S000771,U0025,2025-11-25T01:31:09Z,add_to_cart,/product/p0440,P0440
E0003043,S000771,U0025,2025-11-25T01:33:14Z,begin_checkout,/checkout,P0440
E0005425,S001376,U0145,2025-11-25T03:25:55Z,page_view,/search,
E0005426,S001376,U0145,2025-11-25T03:27:45Z,view_item,/product/p0061,P0061
E0003673,S000936,U0035,2025-11-25T03:30:37Z,page_view,/category/shoes,
E0003674,S000936,U0035,2025-11-25T03:30:57Z,page_view,/category/shoes,
E0005428,S001376,U0145,2025-11-25T03:37:24Z,page_view,/category/shoes,
E0005427,S001376,U0145,2025-11-25T03:44:31Z,page_view,/help,
E0003675,S000936,U0035,2025-11-25T03:59:06Z,page_view,/category/home,
E0005429,S001376,U0145,2025-11-25T04:00:17Z,page_view,/,
E0001420,S000371,U0005,2025-11-25T06:54:29Z,page_view,/search,
E0001421,S000371,U0005,2025-11-25T06:56:30Z,view_item,/product/p0345,P0345
E0001422,S000371,U0005,2025-11-25T07:07:48Z,page_view,/category/home,
E0003430,S000876,U0077,2025-11-25T09:48:16Z,page_view,/,
E0003431,S000876,U0077,2025-11-25T09:50:37Z,page_view,/category/shoes,
E0003432,S000876,U0077,2025-11-25T10:12:35Z,page_view,/pricing,
E0002004,S000520,U0065,2025-11-25T10:29:41Z,page_view,/category/beauty,
E0002005,S000520,U0065,2025-11-25T10:35:48Z,page_view,/,
E0002006,S000520,U0065,2025-11-25T10:36:56Z,page_view,/category/beauty,
E0002007,S000520,U0065,2025-11-25T10:38:47Z,page_view,/category/beauty,
E0009601,S002439,U0200,2025-11-25T12:25:54Z,page_view,/category/electronics,
E0009602,S002439,U0200,2025-11-25T12:26:08Z,page_view,/category/electronics,
E0004900,S001246,U0008,2025-11-25T14:01:09Z,page_view,/search,
E0004902,S001246,U0008,2025-11-25T14:02:32Z,page_view,/cart,
E0004901,S001246,U0008,2025-11-25T14:03:05Z,page_view,/search,
E0007394,S001877,U0226,2025-11-25T15:51:19Z,page_view,/,
E0000438,S000109,U0114,2025-11-26T05:25:56Z,page_view,/search,
E0000439,S000109,U0114,2025-11-26T05:26:14Z,page_view,/search,
E0000440,S000109,U0114,2025-11-26T05:27:02Z,view_item,/product/p0362,P0362
E0000441,S000109,U0114,2025-11-26T05:28:19Z,page_view,/category/home,
E0000589,S000151,U0069,2025-11-26T06:38:36Z,page_view,/,
E0000590,S000151,U0069,2025-11-26T06:38:50Z,page_view,/,
E0000591,S000151,U0069,2025-11-26T06:39:24Z,view_item,/product/p0031,P0031
E0000592,S000151,U0069,2025-11-26T06:56:27Z,page_view,/category/beauty,
E0002457,S000631,U0133,2025-11-26T10:04:59Z,page_view,/category/electronics,
E0002458,S000631,U0133,2025-11-26T10:05:15Z,page_view,/category/electronics,
E0002461,S000631,U0133,2025-11-26T10:08:41Z,page_view,/search,
E0002460,S000631,U0133,2025-11-26T10:16:58Z,page_view,/cart,
E0002459,S000631,U0133,2025-11-26T10:42:34Z,page_view,/search,
E0009302,S002362,U0089,2025-11-26T11:42:23Z,page_view,/,
E0009303,S002362,U0089,2025-11-26T11:46:14Z,view_item,/product/p0227,P0227
E0009304,S002362,U0089,2025-11-26T11:47:40Z,page_view,/help,
E0009305,S002362,U0089,2025-11-26T11:57:37Z,page_view,/pricing,
E0009306,S002362,U0089,2025-11-26T12:01:31Z,page_view,/category/electronics,
E0004172,S001066,U0204,2025-11-26T12:25:45Z,page_view,/,
E0004173,S001066,U0204,2025-11-26T12:38:24Z,page_view,/category/shoes,
E0004174,S001066,U0204,2025-11-26T12:51:02Z,page_view,/search,
E0003578,S000910,U0188,2025-11-26T14:21:52Z,page_view,/category/beauty,
E0003579,S000910,U0188,2025-11-26T14:22:07Z,page_view,/category/beauty,
E0003580,S000910,U0188,2025-11-26T14:25:50Z,view_item,/product/p0130,P0130
E0000417,S000104,U0055,2025-11-26T15:27:19Z,page_view,/category/electronics,
E0004029,S001028,U0068,2025-11-26T16:45:17Z,page_view,/category/home,
E0004030,S001028,U0068,2025-11-26T16:45:46Z,page_view,/search,
E0004032,S001028,U0068,2025-11-26T16:46:59Z,page_view,/,
E0004031,S001028,U0068,2025-11-26T16:48:22Z,view_item,/product/p0186,P0186
E0004034,S001028,U0068,2025-11-26T17:06:29Z,page_view,/search,
E0004033,S001028,U0068,2025-11-26T17:09:51Z,page_view,/search,
E0001077,S000278,U0210,2025-11-26T18:18:07Z,page_view,/category/beauty,
E0002688,S000692,U0090,2025-11-26T19:07:26Z,page_view,/category/electronics,
E0002689,S000692,U0090,2025-11-26T19:09:03Z,page_view,/search,
E0002690,S000692,U0090,2025-11-26T19:09:40Z,view_item,/product/p0068,P0068
E0002692,S000692,U0090,2025-11-26T19:16:40Z,page_view,/category/shoes,
E0002691,S000692,U0090,2025-11-26T19:24:04Z,page_view,/category/home,
E0003788,S000968,U0239,2025-11-26T19:24:25Z,page_view,/category/electronics,
E0003789,S000968,U0239,2025-11-26T19:24:39Z,page_view,/category/electronics,
E0003792,S000968,U0239,2025-11-26T19:26:04Z,page_view,/category/shoes,
E0003790,S000968,U0239,2025-11-26T19:26:39Z,page_view,/category/shoes,
E0003791,S000968,U0239,2025-11-26T19:27:20Z,page_view,/cart,
E0001909,S000492,U0201,2025-11-26T20:03:05Z,page_view,/category/home,
E0001910,S000492,U0201,2025-11-26T20:06:42Z,view_item,/product/p0087,P0087
E0001912,S000492,U0201,2025-11-26T20:11:32Z,page_view,/category/electronics,
E0001911,S000492,U0201,2025-11-26T20:13:48Z,page_view,/search,
E0001913,S000492,U0201,2025-11-26T20:21:42Z,page_view,/help,
E0005697,S001443,U0035,2025-11-26T20:40:14Z,page_view,/category/electronics,
E0010069,S002567,U0170,2025-11-26T22:12:43Z,page_view,/,
E0010070,S002567,U0170,2025-11-26T22:13:03Z,page_view,/search,
E0010075,S002567,U0170,2025-11-26T22:13:46Z,page_view,/category/home,
E0010071,S002567,U0170,2025-11-26T22:15:20Z,view_item,/product/p0440,P0440
E0010072,S002567,U0170,2025-11-26T22:17:13Z,add_to_cart,/product/p0440,P0440
E0010073,S002567,U0170,2025-11-26T22:21:08Z,begin_checkout,/checkout,P0440
E0004227,S001081,U0137,2025-11-26T22:26:01Z,page_view,/category/home,
E0010074,S002567,U0170,2025-11-26T22:27:04Z,page_view,/category/electronics,
E0004228,S001081,U0137,2025-11-26T22:33:41Z,page_view,/category/home,
E0003572,S000909,U0062,2025-11-27T01:47:05Z,page_view,/category/beauty,
E0003573,S000909,U0062,2025-11-27T01:48:47Z,page_view,/search,
E0003574,S000909,U0062,2025-11-27T01:49:43Z,view_item,/product/p0063,P0063
E0003576,S000909,U0062,2025-11-27T01:58:55Z,page_view,/pricing,
E0003575,S000909,U0062,2025-11-27T02:02:50Z,page_view,/category/home,
E0003577,S000909,U0062,2025-11-27T02:14:44Z,page_view,/category/home,
E0007811,S001987,U0072,2025-11-27T02:48:00Z,page_view,/,
E0007812,S001987,U0072,2025-11-27T02:48:13Z,page_view,/,
E0007814,S001987,U0072,2025-11-27T02:49:01Z,view_item,/product/p0029,P0029
E0007813,S001987,U0072,2025-11-27T02:49:47Z,page_view,/search,
E0007487,S001902,U0236,2025-11-27T03:45:40Z,page_view,/category/electronics,
E0002876,S000732,U0130,2025-11-27T04:08:11Z,page_view,/,
E0007488,S001902,U0236,2025-11-27T04:22:11Z,page_view,/category/shoes,
E0002878,S000732,U0130,2025-11-27T04:23:15Z,page_view,/category/beauty,
E0002879,S000732,U0130,2025-11-27T04:45:08Z,page_view,/help,
E0002877,S000732,U0130,2025-11-27T04:48:17Z,page_view,/cart,
E0009277,S002357,U0232,2025-11-27T11:10:39Z,page_view,/category/home,
E0009278,S002357,U0232,2025-11-27T11:13:30Z,view_item,/product/p0442,P0442
E0009279,S002357,U0232,2025-11-27T11:23:25Z,page_view,/,
E0004574,S001161,U0177,2025-11-27T12:37:17Z,page_view,/search,
E0004575,S001161,U0177,2025-11-27T12:37:23Z,page_view,/search,
E0004576,S001161,U0177,2025-11-27T12:38:49Z,page_view,/search,
E0004577,S001161,U0177,2025-11-27T12:39:47Z,view_item,/product/p0022,P0022
E0004578,S001161,U0177,2025-11-27T12:42:30Z,page_view,/category/home,
E0004579,S001161,U0177,2025-11-27T12:48:15Z,page_view,/category/home,
E0004580,S001161,U0177,2025-11-27T12:53:23Z,page_view,/category/shoes,
E0008186,S002081,U0134,2025-11-27T13:02:52Z,page_view,/category/shoes,
E0008187,S002081,U0134,2025-11-27T13:03:22Z,page_view,/search,
E0008194,S002081,U0134,2025-11-27T13:03:53Z,page_view,/,
E0008188,S002081,U0134,2025-11-27T13:04:49Z,view_item,/product/p0449,P0449
E0008189,S002081,U0134,2025-11-27T13:05:21Z,add_to_cart,/product/p0449,P0449
E0008190,S002081,U0134,2025-11-27T13:07:55Z,begin_checkout,/checkout,P0449
E0008191,S002081,U0134,2025-11-27T13:09:49Z,purchase,/thank-you,P0449
E0008192,S002081,U0134,2025-11-27T13:22:48Z,page_view,/pricing,
E0008193,S002081,U0134,2025-11-27T13:23:13Z,page_view,/search,
E0001216,S000315,U0028,2025-11-27T17:35:42Z,page_view,/category/electronics,
E0001217,S000315,U0028,2025-11-27T17:35:49Z,page_view,/category/electronics,
E0005885,S001494,U0016,2025-11-27T17:36:36Z,page_view,/category/shoes,
E0005886,S001494,U0016,2025-11-27T17:36:55Z,page_view,/category/shoes,
E0005887,S001494,U0016,2025-11-27T17:41:45Z,page_view,/category/beauty,
E0001219,S000315,U0028,2025-11-27T18:04:28Z,page_view,/search,
E0001218,S000315,U0028,2025-11-27T18:07:12Z,page_view,/cart,
E0003115,S000793,U0180,2025-11-27T20:11:12Z,page_view,/category/electronics,
E0003116,S000793,U0180,2025-11-27T20:11:31Z,page_view,/category/electronics,
E0003117,S000793,U0180,2025-11-27T20:12:50Z,page_view,/search,
E0003118,S000793,U0180,2025-11-27T20:22:37Z,page_view,/search,
E0007326,S001862,U0007,2025-11-28T01:18:49Z,page_view,/category/home,
E0007329,S001862,U0007,2025-11-28T01:22:45Z,page_view,/help,
E0007327,S001862,U0007,2025-11-28T01:26:03Z,page_view,/pricing,
E0007328,S001862,U0007,2025-11-28T01:27:33Z,page_view,/category/home,
E0001694,S000440,U0203,2025-11-28T01:54:29Z,page_view,/category/home,
E0001697,S000440,U0203,2025-11-28T01:55:16Z,page_view,/category/home,
E0001695,S000440,U0203,2025-11-28T01:55:45Z,page_view,/search,
E0001696,S000440,U0203,2025-11-28T01:58:28Z,view_item,/product/p0464,P0464
E0001698,S000440,U0203,2025-11-28T02:03:50Z,page_view,/pricing,
E0001368,S000357,U0186,2025-11-28T02:08:48Z,page_view,/search,
E0001369,S000357,U0186,2025-11-28T02:09:02Z,page_view,/search,
E0001699,S000440,U0203,2025-11-28T02:21:00Z,page_view,/category/beauty,
E0001371,S000357,U0186,2025-11-28T02:30:35Z,page_view,/category/home,
E0001372,S000357,U0186,2025-11-28T02:34:47Z,page_view,/help,
E0002628,S000678,U0147,2025-11-28T02:38:26Z,page_view,/,
E0001370,S000357,U0186,2025-11-28T02:49:36Z,page_view,/category/shoes,
E0007820,S001989,U0018,2025-11-28T03:00:16Z,page_view,/category/shoes,
E0007822,S001989,U0018,2025-11-28T03:01:28Z,view_item,/product/p0073,P0073
E0007821,S001989,U0018,2025-11-28T03:01:40Z,page_view,/search,
E0007823,S001989,U0018,2025-11-28T03:01:59Z,add_to_cart,/product/p0073,P0073
E0007824,S001989,U0018,2025-11-28T03:04:21Z,begin_checkout,/checkout,P0073
E0007825,S001989,U0018,2025-11-28T03:07:27Z,purchase,/thank-you,P0073
E0004970,S001260,U0182,2025-11-28T03:14:35Z,page_view,/,
E0007828,S001989,U0018,2025-11-28T03:27:05Z,page_view,/category/beauty,
E0007827,S001989,U0018,2025-11-28T03:39:51Z,page_view,/category/home,
E0007826,S001989,U0018,2025-11-28T03:43:15Z,page_view,/category/electronics,
E0010172,S002590,U0242,2025-11-28T06:16:52Z,page_view,/,
E0010173,S002590,U0242,2025-11-28T06:19:34Z,view_item,/product/p0178,P0178
E0010175,S002590,U0242,2025-11-28T06:24:52Z,page_view,/cart,
E0009791,S002490,U0015,2025-11-28T06:28:50Z,page_view,/,
E0009792,S002490,U0015,2025-11-28T06:29:35Z,view_item,/product/p0369,P0369
E0009793,S002490,U0015,2025-11-28T06:40:16Z,page_view,/category/home,
E0010174,S002590,U0242,2025-11-28T06:45:55Z,page_view,/category/electronics,
E0002755,S000706,U0239,2025-11-28T07:56:47Z,page_view,/category/beauty,
E0002756,S000706,U0239,2025-11-28T07:56:53Z,page_view,/category/beauty,
E0002757,S000706,U0239,2025-11-28T07:58:23Z,view_item,/product/p0248,P0248
E0002758,S000706,U0239,2025-11-28T08:09:10Z,page_view,/,
E0005617,S001422,U0081,2025-11-28T13:56:53Z,page_view,/category/electronics,
E0000190,S000046,U0060,2025-11-28T15:23:06Z,page_view,/,
E0006232,S001584,U0184,2025-11-28T15:54:40Z,page_view,/search,
E0006233,S001584,U0184,2025-11-28T15:55:05Z,page_view,/search,
E0006237,S001584,U0184,2025-11-28T15:55:38Z,page_view,/category/beauty,
E0006234,S001584,U0184,2025-11-28T15:56:13Z,page_view,/search,
E0006235,S001584,U0184,2025-11-28T15:57:53Z,view_item,/product/p0157,P0157
E0006236,S001584,U0184,2025-11-28T16:01:53Z,page_view,/category/home,
E0004773,S001210,U0055,2025-11-28T19:19:07Z,page_view,/search,
E0004774,S001210,U0055,2025-11-28T19:20:13Z,page_view,/category/home,
E0004775,S001210,U0055,2025-11-28T19:20:35Z,page_view,/search,
E0008285,S002102,U0122,2025-11-28T19:25:14Z,page_view,/search,
E0008287,S002102,U0122,2025-11-28T19:33:15Z,page_view,/,
E0008286,S002102,U0122,2025-11-28T19:42:44Z,page_view,/help,
E0009434,S002397,U0125,2025-11-28T20:04:33Z,page_view,/category/electronics,
E0009438,S002397,U0125,2025-11-28T20:07:50Z,page_view,/search,
E0009435,S002397,U0125,2025-11-28T20:08:15Z,view_item,/product/p0280,P0280
E0009436,S002397,U0125,2025-11-28T20:10:02Z,add_to_cart,/product/p0280,P0280
E0009437,S002397,U0125,2025-11-28T20:11:18Z,page_view,/pricing,
E0009431,S002396,U0098,2025-11-28T22:57:12Z,page_view,/category/electronics,
E0009432,S002396,U0098,2025-11-28T22:58:09Z,page_view,/search,
E0009433,S002396,U0098,2025-11-28T23:00:23Z,view_item,/product/p0115,P0115
E0005630,S001427,U0201,2025-11-29T01:49:22Z,page_view,/,
E0005631,S001427,U0201,2025-11-29T01:49:47Z,page_view,/search,
E0005635,S001427,U0201,2025-11-29T01:51:40Z,page_view,/cart,
E0005632,S001427,U0201,2025-11-29T01:51:52Z,view_item,/product/p0278,P0278
E0004797,S001218,U0162,2025-11-29T01:53:48Z,page_view,/category/home,
E0005634,S001427,U0201,2025-11-29T01:54:53Z,page_view,/search,
E0004798,S001218,U0162,2025-11-29T01:55:38Z,page_view,/category/electronics,
E0005633,S001427,U0201,2025-11-29T01:57:03Z,page_view,/search,
E0006863,S001742,U0186,2025-11-29T02:32:34Z,page_view,/search,
E0006864,S001742,U0186,2025-11-29T02:36:13Z,view_item,/product/p0368,P0368
E0006865,S001742,U0186,2025-11-29T02:45:29Z,page_view,/help,
E0006866,S001742,U0186,2025-11-29T02:53:53Z,page_view,/category/beauty,
E0009350,S002375,U0090,2025-11-29T04:44:13Z,page_view,/search,
E0009351,S002375,U0090,2025-11-29T04:55:42Z,page_view,/category/electronics,
E0000956,S000246,U0008,2025-11-29T04:58:37Z,page_view,/category/shoes,
E0000957,S000246,U0008,2025-11-29T04:58:55Z,page_view,/category/shoes,
E0009352,S002375,U0090,2025-11-29T05:13:36Z,page_view,/cart,
E0008411,S002130,U0035,2025-11-29T07:42:26Z,page_view,/search,
E0008412,S002130,U0035,2025-11-29T07:42:41Z,page_view,/search,
E0008414,S002130,U0035,2025-11-29T07:43:35Z,view_item,/product/p0124,P0124
E0008413,S002130,U0035,2025-11-29T07:44:16Z,page_view,/search,
E0008415,S002130,U0035,2025-11-29T07:49:14Z,page_view,/pricing,
E0004856,S001237,U0054,2025-11-29T08:58:55Z,page_view,/,
E0004857,S001237,U0054,2025-11-29T08:59:35Z,view_item,/product/p0054,P0054
E0004858,S001237,U0054,2025-11-29T09:02:33Z,page_view,/help,
E0006597,S001671,U0122,2025-11-29T09:26:57Z,page_view,/category/shoes,
E0006598,S001671,U0122,2025-11-29T09:27:11Z,page_view,/category/shoes,
E0006601,S001671,U0122,2025-11-29T09:28:13Z,page_view,/category/home,
E0006602,S001671,U0122,2025-11-29T09:28:46Z,page_view,/search,
E0006599,S001671,U0122,2025-11-29T09:29:11Z,view_item,/product/p0243,P0243
E0006600,S001671,U0122,2025-11-29T09:31:04Z,add_to_cart,/product/p0243,P0243
E0008759,S002221,U0066,2025-11-29T10:23:33Z,page_view,/search,
E0008760,S002221,U0066,2025-11-29T10:23:50Z,page_view,/search,
E0008761,S002221,U0066,2025-11-29T10:25:08Z,view_item,/product/p0101,P0101
E0008762,S002221,U0066,2025-11-29T10:26:25Z,add_to_cart,/product/p0101,P0101
E0003485,S000889,U0013,2025-11-29T11:53:05Z,page_view,/category/beauty,
E0003486,S000889,U0013,2025-11-29T11:53:20Z,page_view,/category/beauty,
E0003487,S000889,U0013,2025-11-29T11:54:23Z,view_item,/product/p0492,P0492
E0009001,S002285,U0001,2025-11-29T12:06:47Z,page_view,/search,
E0009002,S002285,U0001,2025-11-29T12:07:52Z,view_item,/product/p0227,P0227
E0009005,S002285,U0001,2025-11-29T12:14:05Z,page_view,/pricing,
E0009676,S002461,U0048,2025-11-29T12:33:37Z,page_view,/search,
E0009004,S002285,U0001,2025-11-29T12:34:09Z,page_view,/category/shoes,
E0009003,S002285,U0001,2025-11-29T12:39:28Z,page_view,/category/electronics,
E0000205,S000051,U0173,2025-11-29T13:31:25Z,page_view,/category/shoes,
E0002922,S000742,U0151,2025-11-29T16:27:55Z,page_view,/category/beauty,
E0002926,S000742,U0151,2025-11-29T16:28:56Z,page_view,/category/home,
E0002923,S000742,U0151,2025-11-29T16:29:40Z,page_view,/search,
E0002924,S000742,U0151,2025-11-29T16:30:10Z,view_item,/product/p0182,P0182
E0002927,S000742,U0151,2025-11-29T16:34:11Z,page_view,/,
E0002925,S000742,U0151,2025-11-29T16:41:36Z,page_view,/pricing,
E0008781,S002227,U0204,2025-11-29T18:55:17Z,page_view,/,
E0008782,S002227,U0204,2025-11-29T19:03:39Z,page_view,/pricing,
E0010107,S002576,U0050,2025-11-29T19:28:12Z,page_view,/,
E0010108,S002576,U0050,2025-11-29T19:29:15Z,page_view,/search,
E0010109,S002576,U0050,2025-11-29T19:31:20Z,view_item,/product/p0353,P0353
E0010110,S002576,U0050,2025-11-29T19:47:50Z,page_view,/pricing,
E0010111,S002576,U0050,2025-11-29T19:50:19Z,page_view,/search,
E0006685,S001697,U0105,2025-11-29T21:25:02Z,page_view,/,
E0009382,S002385,U0169,2025-11-30T03:04:53Z,page_view,/category/electronics,
E0009383,S002385,U0169,2025-11-30T03:06:06Z,view_item,/product/p0083,P0083
E0009385,S002385,U0169,2025-11-30T03:07:52Z,page_view,/category/shoes,
E0009384,S002385,U0169,2025-11-30T03:10:39Z,page_view,/category/electronics,
E0001148,S000297,U0113,2025-11-30T05:42:11Z,page_view,/,
E0001149,S000297,U0113,2025-11-30T05:43:42Z,page_view,/search,
E0001150,S000297,U0113,2025-11-30T05:43:46Z,view_item,/product/p0184,P0184
E0000284,S000070,U0153,2025-11-30T06:25:16Z,page_view,/,
E0000285,S000070,U0153,2025-11-30T06:27:49Z,view_item,/product/p0084,P0084
E0000286,S000070,U0153,2025-11-30T06:35:39Z,page_view,/category/electronics,
E0000287,S000070,U0153,2025-11-30T06:40:05Z,page_view,/cart,
E0002895,S000736,U0187,2025-11-30T06:48:40Z,page_view,/category/electronics,
E0002896,S000736,U0187,2025-11-30T06:48:50Z,page_view,/category/electronics,
E0002897,S000736,U0187,2025-11-30T06:50:04Z,page_view,/search,
E0002900,S000736,U0187,2025-11-30T06:51:38Z,page_view,/category/home,
E0002898,S000736,U0187,2025-11-30T06:52:36Z,view_item,/product/p0232,P0232
E0002901,S000736,U0187,2025-11-30T06:57:45Z,page_view,/category/beauty,
E0002899,S000736,U0187,2025-11-30T06:58:16Z,page_view,/category/shoes,
E0009230,S002344,U0193,2025-11-30T07:41:04Z,page_view,/category/beauty,
E0009231,S002344,U0193,2025-11-30T07:44:21Z,page_view,/category/beauty,
E0002407,S000619,U0226,2025-11-30T09:31:42Z,page_view,/,
E0002410,S000619,U0226,2025-11-30T09:35:16Z,page_view,/category/electronics,
E0002408,S000619,U0226,2025-11-30T09:39:07Z,page_view,/category/electronics,
E0002409,S000619,U0226,2025-11-30T09:42:43Z,page_view,/category/beauty,
E0004981,S001263,U0223,2025-11-30T13:44:12Z,page_view,/,
E0004982,S001263,U0223,2025-11-30T13:46:26Z,view_item,/product/p0288,P0288
E0004983,S001263,U0223,2025-11-30T14:07:09Z,page_view,/help,
E0004985,S001263,U0223,2025-11-30T14:08:31Z,page_view,/help,
E0004984,S001263,U0223,2025-11-30T14:23:42Z,page_view,/category/shoes,
E0002796,S000717,U0008,2025-11-30T15:17:35Z,page_view,/search,
E0002797,S000717,U0008,2025-11-30T15:17:43Z,page_view,/search,
E0002798,S000717,U0008,2025-11-30T15:18:00Z,page_view,/search,
E0002802,S000717,U0008,2025-11-30T15:18:52Z,page_view,/,
E0002803,S000717,U0008,2025-11-30T15:19:33Z,page_view,/category/home,
E0002801,S000717,U0008,2025-11-30T15:20:30Z,page_view,/category/beauty,
E0002799,S000717,U0008,2025-11-30T15:20:52Z,view_item,/product/p0299,P0299
E0002800,S000717,U0008,2025-11-30T15:21:51Z,add_to_cart,/product/p0299,P0299
E0003453,S000881,U0178,2025-11-30T16:41:38Z,page_view,/search,
E0003454,S000881,U0178,2025-11-30T16:41:48Z,page_view,/search,
E0003456,S000881,U0178,2025-11-30T16:47:53Z,page_view,/help,
E0003455,S000881,U0178,2025-11-30T16:55:26Z,page_view,/category/electronics,
E0003881,S000989,U0157,2025-11-30T19:15:46Z,page_view,/,
E0003882,S000989,U0157,2025-11-30T19:15:51Z,page_view,/,
E0003883,S000989,U0157,2025-11-30T19:18:00Z,view_item,/product/p0125,P0125
E0003884,S000989,U0157,2025-11-30T19:19:53Z,add_to_cart,/product/p0125,P0125
E0003885,S000989,U0157,2025-11-30T19:31:09Z,page_view,/,
E0007983,S002027,U0002,2025-11-30T20:42:48Z,page_view,/,
E0001269,S000329,U0180,2025-11-30T22:04:37Z,page_view,/category/shoes,
E0001270,S000329,U0180,2025-11-30T22:26:56Z,page_view,/help,
E0001064,S000272,U0192,2025-12-01T04:21:55Z,page_view,/,
E0001065,S000272,U0192,2025-12-01T04:22:21Z,page_view,/search,
E0001066,S000272,U0192,2025-12-01T04:25:08Z,view_item,/product/p0061,P0061
E0006877,S001745,U0040,2025-12-01T05:23:16Z,page_view,/category/electronics,
E0006878,S001745,U0040,2025-12-01T05:25:49Z,view_item,/product/p0148,P0148
E0006879,S001745,U0040,2025-12-01T05:26:29Z,add_to_cart,/product/p0148,P0148
E0006884,S001745,U0040,2025-12-01T05:27:37Z,page_view,/category/electronics,
E0006883,S001745,U0040,2025-12-01T05:27:41Z,page_view,/pricing,
E0006882,S001745,U0040,2025-12-01T05:28:17Z,page_view,/,
E0006881,S001745,U0040,2025-12-01T05:28:55Z,purchase,/thank-you,P0148
E0006880,S001745,U0040,2025-12-01T05:29:57Z,begin_checkout,/checkout,P0148
E0006162,S001565,U0013,2025-12-01T05:35:29Z,page_view,/category/shoes,
E0000465,S000116,U0063,2025-12-01T05:59:35Z,page_view,/category/shoes,
E0000466,S000116,U0063,2025-12-01T06:04:30Z,page_view,/cart,
E0001010,S000260,U0075,2025-12-01T07:31:50Z,page_view,/category/electronics,
E0001011,S000260,U0075,2025-12-01T07:32:13Z,page_view,/search,
E0001013,S000260,U0075,2025-12-01T07:32:55Z,page_view,/category/electronics,
E0001012,S000260,U0075,2025-12-01T07:33:42Z,view_item,/product/p0417,P0417
E0001015,S000260,U0075,2025-12-01T07:42:53Z,page_view,/category/beauty,
E0001014,S000260,U0075,2025-12-01T07:52:21Z,page_view,/pricing,
E0000196,S000048,U0135,2025-12-01T07:54:01Z,page_view,/,
E0000197,S000048,U0135,2025-12-01T07:54:24Z,page_view,/,
E0000198,S000048,U0135,2025-12-01T07:58:05Z,page_view,/,
E0007603,S001932,U0236,2025-12-01T08:23:43Z,page_view,/category/beauty,
E0007604,S001932,U0236,2025-12-01T08:26:50Z,view_item,/product/p0421,P0421
E0007605,S001932,U0236,2025-12-01T08:43:33Z,page_view,/search,
E0003479,S000887,U0172,2025-12-01T09:27:16Z,page_view,/category/home,
E0003480,S000887,U0172,2025-12-01T09:31:41Z,page_view,/search,
E0002239,S000579,U0154,2025-12-01T09:47:08Z,page_view,/category/home,
E0000371,S000091,U0060,2025-12-01T11:18:50Z,page_view,/search,
E0000372,S000091,U0060,2025-12-01T11:26:12Z,page_view,/category/home,
E0009924,S002530,U0071,2025-12-01T13:16:13Z,page_view,/,
E0009925,S002530,U0071,2025-12-01T13:17:44Z,page_view,/search,
E0009926,S002530,U0071,2025-12-01T13:17:49Z,view_item,/product/p0204,P0204
E0009927,S002530,U0071,2025-12-01T13:36:34Z,page_view,/search,
E0009928,S002530,U0071,2025-12-01T13:39:23Z,page_view,/category/beauty,
E0005453,S001383,U0064,2025-12-01T14:28:09Z,page_view,/category/electronics,
E0005454,S001383,U0064,2025-12-01T14:31:04Z,view_item,/product/p0158,P0158
E0005455,S001383,U0064,2025-12-01T14:32:01Z,add_to_cart,/product/p0158,P0158
E0005456,S001383,U0064,2025-12-01T14:33:39Z,page_view,/help,
E0005457,S001383,U0064,2025-12-01T14:49:16Z,page_view,/pricing,
E0008749,S002216,U0145,2025-12-01T15:16:34Z,page_view,/category/beauty,
E0008750,S002216,U0145,2025-12-01T15:17:58Z,view_item,/product/p0013,P0013
E0004627,S001173,U0141,2025-12-01T16:05:02Z,page_view,/category/home,
E0006837,S001736,U0040,2025-12-01T16:43:07Z,page_view,/category/home,
E0006838,S001736,U0040,2025-12-01T17:04:34Z,page_view,/category/electronics,
E0007361,S001869,U0160,2025-12-01T17:30:03Z,page_view,/category/home,
E0005741,S001454,U0019,2025-12-01T18:32:51Z,page_view,/category/shoes,
E0005742,S001454,U0019,2025-12-01T18:33:35Z,view_item,/product/p0400,P0400
E0000744,S000189,U0069,2025-12-01T20:02:36Z,page_view,/category/shoes,
E0000745,S000189,U0069,2025-12-01T20:03:02Z,page_view,/search,
E0000746,S000189,U0069,2025-12-01T20:05:43Z,view_item,/product/p0330,P0330
E0000747,S000189,U0069,2025-12-01T20:15:09Z,page_view,/cart,
E0000749,S000189,U0069,2025-12-01T20:25:01Z,page_view,/category/home,
E0000748,S000189,U0069,2025-12-01T20:30:49Z,page_view,/,
E0008229,S002089,U0188,2025-12-02T00:48:15Z,page_view,/search,
E0008230,S002089,U0188,2025-12-02T00:49:12Z,page_view,/search,
E0008231,S002089,U0188,2025-12-02T00:49:36Z,view_item,/product/p0439,P0439
E0008232,S002089,U0188,2025-12-02T00:53:57Z,page_view,/category/home,
E0008233,S002089,U0188,2025-12-02T00:55:32Z,page_view,/category/beauty,
E0008234,S002089,U0188,2025-12-02T00:56:07Z,page_view,/help,
E0006298,S001596,U0177,2025-12-02T02:51:38Z,page_view,/category/shoes,
E0006299,S001596,U0177,2025-12-02T02:52:01Z,page_view,/category/shoes,
E0006300,S001596,U0177,2025-12-02T02:53:15Z,view_item,/product/p0328,P0328
E0007893,S002004,U0136,2025-12-02T06:46:09Z,page_view,/,
E0007894,S002004,U0136,2025-12-02T06:46:26Z,page_view,/,
E0007895,S002004,U0136,2025-12-02T06:48:59Z,view_item,/product/p0414,P0414
E0007898,S002004,U0136,2025-12-02T07:09:32Z,page_view,/help,
E0007897,S002004,U0136,2025-12-02T07:15:09Z,page_view,/pricing,
E0007896,S002004,U0136,2025-12-02T07:22:59Z,page_view,/help,
E0002862,S000729,U0215,2025-12-02T08:11:59Z,page_view,/,
E0002863,S000729,U0215,2025-12-02T08:12:18Z,page_view,/,
E0002864,S000729,U0215,2025-12-02T08:12:48Z,view_item,/product/p0457,P0457
E0002866,S000729,U0215,2025-12-02T08:17:15Z,page_view,/category/home,
E0002865,S000729,U0215,2025-12-02T08:19:28Z,page_view,/cart,
E0005051,S001285,U0148,2025-12-02T08:49:50Z,page_view,/,
E0005052,S001285,U0148,2025-12-02T08:50:04Z,page_view,/,
E0005053,S001285,U0148,2025-12-02T08:50:57Z,page_view,/search,
E0005054,S001285,U0148,2025-12-02T08:51:01Z,view_item,/product/p0136,P0136
E0005055,S001285,U0148,2025-12-02T08:53:34Z,add_to_cart,/product/p0136,P0136
E0005056,S001285,U0148,2025-12-02T08:54:23Z,begin_checkout,/checkout,P0136
E0005057,S001285,U0148,2025-12-02T09:07:04Z,page_view,/category/home,
E0003628,S000925,U0150,2025-12-02T10:41:34Z,page_view,/search,
E0003632,S000925,U0150,2025-12-02T10:42:46Z,page_view,/category/shoes,
E0003631,S000925,U0150,2025-12-02T10:44:33Z,page_view,/cart,
E0003629,S000925,U0150,2025-12-02T10:45:03Z,view_item,/product/p0107,P0107
E0003630,S000925,U0150,2025-12-02T10:47:59Z,add_to_cart,/product/p0107,P0107
E0007966,S002022,U0202,2025-12-02T12:55:54Z,page_view,/category/home,
E0007967,S002022,U0202,2025-12-02T12:57:50Z,view_item,/product/p0357,P0357
E0007543,S001918,U0058,2025-12-02T13:37:54Z,page_view,/search,
E0007544,S001918,U0058,2025-12-02T13:40:05Z,page_view,/category/beauty,
E0007545,S001918,U0058,2025-12-02T13:47:26Z,page_view,/cart,
E0003138,S000797,U0187,2025-12-02T15:37:58Z,page_view,/category/electronics,
E0003139,S000797,U0187,2025-12-02T15:40:00Z,view_item,/product/p0138,P0138
E0008539,S002163,U0098,2025-12-02T15:45:22Z,page_view,/search,
E0008540,S002163,U0098,2025-12-02T15:45:44Z,page_view,/search,
E0008543,S002163,U0098,2025-12-02T15:46:42Z,page_view,/pricing,
E0008541,S002163,U0098,2025-12-02T15:47:08Z,view_item,/product/p0237,P0237
E0008542,S002163,U0098,2025-12-02T15:55:43Z,page_view,/category/beauty,
E0009788,S002488,U0203,2025-12-02T19:08:32Z,page_view,/search,
E0009789,S002488,U0203,2025-12-02T19:08:45Z,page_view,/search,
E0000752,S000191,U0034,2025-12-02T23:38:41Z,page_view,/,
E0000754,S000191,U0034,2025-12-02T23:43:59Z,page_view,/cart,
E0000753,S000191,U0034,2025-12-02T23:46:24Z,page_view,/,
E0001685,S000437,U0080,2025-12-03T01:40:45Z,page_view,/category/electronics,
E0001686,S000437,U0080,2025-12-03T01:41:29Z,page_view,/search,
E0001687,S000437,U0080,2025-12-03T01:44:32Z,view_item,/product/p0143,P0143
E0001100,S000283,U0151,2025-12-03T04:36:59Z,page_view,/category/electronics,
E0001103,S000283,U0151,2025-12-03T04:37:49Z,page_view,/help,
E0001102,S000283,U0151,2025-12-03T04:37:50Z,view_item,/product/p0065,P0065
E0001101,S000283,U0151,2025-12-03T04:37:55Z,page_view,/search,
E0002264,S000588,U0193,2025-12-03T05:15:43Z,page_view,/category/shoes,
E0002265,S000588,U0193,2025-12-03T05:16:56Z,page_view,/pricing,
E0002266,S000588,U0193,2025-12-03T05:19:28Z,page_view,/category/home,
E0002267,S000588,U0193,2025-12-03T05:19:51Z,page_view,/help,
E0007347,S001866,U0134,2025-12-03T09:58:21Z,page_view,/category/home,
E0007348,S001866,U0134,2025-12-03T09:58:47Z,page_view,/search,
E0007349,S001866,U0134,2025-12-03T10:02:08Z,view_item,/product/p0315,P0315
E0007350,S001866,U0134,2025-12-03T10:13:10Z,page_view,/category/shoes,
E0004132,S001056,U0141,2025-12-03T10:17:28Z,page_view,/category/electronics,
E0004133,S001056,U0141,2025-12-03T10:17:47Z,page_view,/category/electronics,
E0004134,S001056,U0141,2025-12-03T10:19:57Z,page_view,/category/home,
E0004135,S001056,U0141,2025-12-03T10:28:35Z,page_view,/cart,
E0004136,S001056,U0141,2025-12-03T10:30:03Z,page_view,/category/shoes,
E0005799,S001470,U0083,2025-12-03T10:36:55Z,page_view,/category/beauty,
E0005800,S001470,U0083,2025-12-03T10:43:17Z,page_view,/category/shoes,
E0005801,S001470,U0083,2025-12-03T10:57:27Z,page_view,/help,
E0005802,S001470,U0083,2025-12-03T11:00:48Z,page_view,/cart,
E0002329,S000601,U0085,2025-12-03T12:32:49Z,page_view,/category/shoes,
E0002332,S000601,U0085,2025-12-03T12:47:08Z,page_view,/category/home,
E0002330,S000601,U0085,2025-12-03T12:54:55Z,page_view,/category/home,
E0002331,S000601,U0085,2025-12-03T13:10:05Z,page_view,/category/shoes,
E0003161,S000804,U0033,2025-12-03T13:16:13Z,page_view,/category/home,
E0003162,S000804,U0033,2025-12-03T13:16:29Z,page_view,/category/home,
E0003164,S000804,U0033,2025-12-03T13:18:41Z,page_view,/category/beauty,
E0003163,S000804,U0033,2025-12-03T13:20:34Z,page_view,/category/electronics,
E0003165,S000804,U0033,2025-12-03T13:22:12Z,page_view,/help,
E0004749,S001206,U0132,2025-12-03T14:26:38Z,page_view,/category/shoes,
E0004750,S001206,U0132,2025-12-03T14:26:52Z,page_view,/category/shoes,
E0006097,S001547,U0093,2025-12-03T14:39:52Z,page_view,/search,
E0006099,S001547,U0093,2025-12-03T14:47:35Z,page_view,/,
E0006098,S001547,U0093,2025-12-03T14:49:36Z,page_view,/help,
E0003099,S000788,U0083,2025-12-03T15:06:29Z,page_view,/search,
E0003100,S000788,U0083,2025-12-03T15:06:36Z,page_view,/search,
E0003101,S000788,U0083,2025-12-03T15:07:56Z,page_view,/search,
E0003102,S000788,U0083,2025-12-03T15:09:26Z,view_item,/product/p0283,P0283
E0003103,S000788,U0083,2025-12-03T15:10:42Z,add_to_cart,/product/p0283,P0283
E0003104,S000788,U0083,2025-12-03T15:11:31Z,begin_checkout,/checkout,P0283
E0002106,S000543,U0006,2025-12-03T17:52:12Z,page_view,/search,
E0002107,S000543,U0006,2025-12-03T17:52:42Z,page_view,/search,
E0002108,S000543,U0006,2025-12-03T17:56:07Z,view_item,/product/p0427,P0427
E0001125,S000290,U0013,2025-12-03T18:16:50Z,page_view,/search,
E0001126,S000290,U0013,2025-12-03T18:18:19Z,page_view,/search,
E0001127,S000290,U0013,2025-12-03T18:20:45Z,view_item,/product/p0339,P0339
E0009135,S002320,U0151,2025-12-03T18:33:23Z,page_view,/,
E0009137,S002320,U0151,2025-12-03T18:34:18Z,page_view,/category/beauty,
E0009136,S002320,U0151,2025-12-03T18:35:27Z,page_view,/cart,
E0002333,S000602,U0142,2025-12-03T18:41:30Z,page_view,/search,
E0002334,S000602,U0142,2025-12-03T18:41:54Z,page_view,/search,
E0002335,S000602,U0142,2025-12-03T18:42:14Z,page_view,/search,
E0002336,S000602,U0142,2025-12-03T18:44:24Z,view_item,/product/p0376,P0376
E0002337,S000602,U0142,2025-12-03T18:59:15Z,page_view,/pricing,
E0002338,S000602,U0142,2025-12-03T19:07:59Z,page_view,/cart,
E0009477,S002408,U0023,2025-12-04T00:29:54Z,page_view,/category/shoes,
E0009478,S002408,U0023,2025-12-04T00:39:04Z,page_view,/category/electronics,
E0004156,S001062,U0111,2025-12-04T01:20:31Z,page_view,/,
E0004157,S001062,U0111,2025-12-04T01:20:39Z,page_view,/,
E0004158,S001062,U0111,2025-12-04T01:25:49Z,page_view,/category/beauty,
E0007992,S002031,U0205,2025-12-04T05:34:20Z,page_view,/category/electronics,
E0007993,S002031,U0205,2025-12-04T05:35:36Z,page_view,/search,
E0007994,S002031,U0205,2025-12-04T05:36:53Z,view_item,/product/p0293,P0293
E0007997,S002031,U0205,2025-12-04T05:37:21Z,page_view,/cart,
E0007995,S002031,U0205,2025-12-04T05:56:38Z,page_view,/category/home,
E0007996,S002031,U0205,2025-12-04T06:14:36Z,page_view,/category/beauty,
E0008529,S002159,U0105,2025-12-04T06:48:24Z,page_view,/,
E0008530,S002159,U0105,2025-12-04T06:49:19Z,page_view,/category/beauty,
E0003637,S000927,U0064,2025-12-04T09:43:10Z,page_view,/,
E0003638,S000927,U0064,2025-12-04T09:43:32Z,page_view,/search,
E0003642,S000927,U0064,2025-12-04T09:44:11Z,page_view,/cart,
E0003641,S000927,U0064,2025-12-04T09:44:33Z,page_view,/,
E0003639,S000927,U0064,2025-12-04T09:46:21Z,view_item,/product/p0147,P0147
E0003640,S000927,U0064,2025-12-04T09:48:04Z,add_to_cart,/product/p0147,P0147
E0004291,S001095,U0090,2025-12-04T11:07:00Z,page_view,/category/home,
E0004292,S001095,U0090,2025-12-04T11:07:35Z,page_view,/search,
E0004293,S001095,U0090,2025-12-04T11:09:27Z,view_item,/product/p0445,P0445
E0009522,S002420,U0076,2025-12-04T14:17:38Z,page_view,/,
E0009523,S002420,U0076,2025-12-04T14:19:26Z,view_item,/product/p0057,P0057
E0009528,S002420,U0076,2025-12-04T14:19:32Z,page_view,/cart,
E0009529,S002420,U0076,2025-12-04T14:19:36Z,page_view,/category/electronics,
E0009524,S002420,U0076,2025-12-04T14:19:56Z,add_to_cart,/product/p0057,P0057
E0009525,S002420,U0076,2025-12-04T14:20:56Z,begin_checkout,/checkout,P0057
E0009526,S002420,U0076,2025-12-04T14:22:10Z,purchase,/thank-you,P0057
E0009527,S002420,U0076,2025-12-04T14:33:35Z,page_view,/category/home,
E0006719,S001706,U0226,2025-12-04T14:54:48Z,page_view,/category/electronics,
E0006720,S001706,U0226,2025-12-04T14:55:42Z,view_item,/product/p0487,P0487
E0006721,S001706,U0226,2025-12-04T14:56:19Z,add_to_cart,/product/p0487,P0487
E0006722,S001706,U0226,2025-12-04T14:59:14Z,begin_checkout,/checkout,P0487
E0006723,S001706,U0226,2025-12-04T15:10:16Z,page_view,/category/home,
E0006724,S001706,U0226,2025-12-04T15:10:54Z,page_view,/cart,
E0010003,S002550,U0123,2025-12-04T17:01:42Z,page_view,/category/beauty,
E0010004,S002550,U0123,2025-12-04T17:01:51Z,page_view,/category/beauty,
E0010005,S002550,U0123,2025-12-04T17:04:30Z,view_item,/product/p0393,P0393
E0010006,S002550,U0123,2025-12-04T17:09:03Z,page_view,/,
E0000579,S000149,U0192,2025-12-04T17:46:07Z,page_view,/category/home,
E0000580,S000149,U0192,2025-12-04T17:46:16Z,page_view,/category/home,
E0000581,S000149,U0192,2025-12-04T17:46:28Z,page_view,/search,
E0000582,S000149,U0192,2025-12-04T17:49:12Z,view_item,/product/p0041,P0041
E0000583,S000149,U0192,2025-12-04T17:51:49Z,page_view,/search,
E0000585,S000149,U0192,2025-12-04T17:52:56Z,page_view,/help,
E0000584,S000149,U0192,2025-12-04T18:12:50Z,page_view,/category/home,
E0004194,S001072,U0120,2025-12-04T21:00:58Z,page_view,/,
E0004195,S001072,U0120,2025-12-04T21:01:41Z,page_view,/search,
E0004196,S001072,U0120,2025-12-04T21:04:27Z,view_item,/product/p0299,P0299
E0004197,S001072,U0120,2025-12-04T21:05:28Z,page_view,/,
E0009082,S002305,U0226,2025-12-04T21:52:57Z,page_view,/,
E0009083,S002305,U0226,2025-12-04T22:01:27Z,page_view,/category/shoes,
E0000039,S000010,U0234,2025-12-04T22:06:57Z,page_view,/category/home,
E0000040,S000010,U0234,2025-12-04T22:16:36Z,page_view,/category/beauty,
E0010146,S002585,U0147,2025-12-05T01:05:07Z,page_view,/category/home,
E0010147,S002585,U0147,2025-12-05T01:07:24Z,view_item,/product/p0314,P0314
E0010148,S002585,U0147,2025-12-05T01:18:59Z,page_view,/search,
E0006389,S001615,U0049,2025-12-05T02:27:37Z,page_view,/,
E0006390,S001615,U0049,2025-12-05T02:27:50Z,page_view,/,
E0006393,S001615,U0049,2025-12-05T02:31:22Z,page_view,/category/home,
E0006391,S001615,U0049,2025-12-05T02:48:57Z,page_view,/,
E0006392,S001615,U0049,2025-12-05T02:59:13Z,page_view,/search,
E0002638,S000680,U0005,2025-12-05T04:11:25Z,page_view,/search,
E0002639,S000680,U0005,2025-12-05T04:11:34Z,page_view,/search,
E0002642,S000680,U0005,2025-12-05T04:12:18Z,page_view,/,
E0002641,S000680,U0005,2025-12-05T04:15:21Z,page_view,/help,
E0002640,S000680,U0005,2025-12-05T04:17:21Z,page_view,/search,
E0001463,S000382,U0145,2025-12-05T04:28:56Z,page_view,/category/electronics,
E0001464,S000382,U0145,2025-12-05T04:29:06Z,page_view,/category/electronics,
E0001465,S000382,U0145,2025-12-05T04:29:28Z,page_view,/search,
E0001466,S000382,U0145,2025-12-05T04:30:23Z,view_item,/product/p0172,P0172
E0001467,S000382,U0145,2025-12-05T04:40:46Z,page_view,/category/beauty,
E0008131,S002071,U0062,2025-12-05T05:01:12Z,page_view,/,
E0008132,S002071,U0062,2025-12-05T05:01:30Z,page_view,/,
E0001468,S000382,U0145,2025-12-05T05:01:32Z,page_view,/cart,
E0008133,S002071,U0062,2025-12-05T05:02:31Z,page_view,/search,
E0008134,S002071,U0062,2025-12-05T05:03:28Z,view_item,/product/p0279,P0279
E0008135,S002071,U0062,2025-12-05T05:06:12Z,add_to_cart,/product/p0279,P0279
E0008136,S002071,U0062,2025-12-05T05:08:30Z,begin_checkout,/checkout,P0279
E0008139,S002071,U0062,2025-12-05T05:08:31Z,page_view,/category/beauty,
E0008137,S002071,U0062,2025-12-05T05:09:06Z,purchase,/thank-you,P0279
E0008138,S002071,U0062,2025-12-05T05:14:46Z,page_view,/cart,
E0007159,S001818,U0158,2025-12-05T05:31:48Z,page_view,/search,
E0008140,S002071,U0062,2025-12-05T05:36:10Z,page_view,/search,
E0006024,S001528,U0152,2025-12-05T05:46:27Z,page_view,/category/shoes,
E0006025,S001528,U0152,2025-12-05T05:50:04Z,view_item,/product/p0430,P0430
E0006027,S001528,U0152,2025-12-05T05:52:23Z,page_view,/cart,
E0006026,S001528,U0152,2025-12-05T06:02:10Z,page_view,/category/shoes,
E0006725,S001707,U0076,2025-12-05T07:46:53Z,page_view,/category/shoes,
E0006726,S001707,U0076,2025-12-05T07:47:09Z,page_view,/category/shoes,
E0006727,S001707,U0076,2025-12-05T07:47:31Z,page_view,/search,
E0006728,S001707,U0076,2025-12-05T07:48:20Z,view_item,/product/p0259,P0259
E0005837,S001479,U0198,2025-12-05T08:39:02Z,page_view,/search,
E0008082,S002057,U0134,2025-12-05T09:56:44Z,page_view,/category/shoes,
E0008083,S002057,U0134,2025-12-05T09:56:49Z,page_view,/category/shoes,
E0008084,S002057,U0134,2025-12-05T10:05:10Z,page_view,/search,
E0008085,S002057,U0134,2025-12-05T10:09:48Z,page_view,/help,
E0008086,S002057,U0134,2025-12-05T10:12:17Z,page_view,/pricing,
E0006676,S001695,U0098,2025-12-05T10:49:43Z,page_view,/category/beauty,
E0006677,S001695,U0098,2025-12-05T10:49:56Z,page_view,/category/beauty,
E0006679,S001695,U0098,2025-12-05T10:51:36Z,page_view,/help,
E0006678,S001695,U0098,2025-12-05T10:51:40Z,view_item,/product/p0381,P0381
E0004732,S001201,U0114,2025-12-05T13:42:03Z,page_view,/,
E0004733,S001201,U0114,2025-12-05T13:42:32Z,page_view,/search,
E0004734,S001201,U0114,2025-12-05T13:44:18Z,view_item,/product/p0425,P0425
E0004796,S001217,U0110,2025-12-05T16:37:41Z,page_view,/category/electronics,
E0001584,S000410,U0200,2025-12-05T17:46:27Z,page_view,/,
E0001587,S000410,U0200,2025-12-05T17:53:03Z,page_view,/,
E0001585,S000410,U0200,2025-12-05T17:56:44Z,page_view,/category/shoes,
E0001586,S000410,U0200,2025-12-05T18:03:58Z,page_view,/help,
E0007172,S001822,U0224,2025-12-05T18:39:32Z,page_view,/category/electronics,
E0000513,S000131,U0129,2025-12-05T19:59:28Z,page_view,/search,
E0000514,S000131,U0129,2025-12-05T20:00:10Z,page_view,/search,
E0000515,S000131,U0129,2025-12-05T20:00:56Z,view_item,/product/p0093,P0093
E0009861,S002509,U0136,2025-12-05T20:02:40Z,page_view,/,
E0000516,S000131,U0129,2025-12-05T20:22:18Z,page_view,/cart,
E0009863,S002509,U0136,2025-12-05T20:22:41Z,page_view,/category/electronics,
E0009862,S002509,U0136,2025-12-05T20:24:02Z,page_view,/search,
E0000088,S000022,U0151,2025-12-05T20:58:23Z,page_view,/category/beauty,
E0000089,S000022,U0151,2025-12-05T20:58:33Z,page_view,/category/beauty,
E0000090,S000022,U0151,2025-12-05T20:59:24Z,page_view,/search,
E0000091,S000022,U0151,2025-12-05T21:00:25Z,view_item,/product/p0263,P0263
E0000092,S000022,U0151,2025-12-05T21:04:12Z,page_view,/pricing,
E0008622,S002185,U0099,2025-12-06T00:17:51Z,page_view,/category/shoes,
E0008623,S002185,U0099,2025-12-06T00:17:59Z,page_view,/category/shoes,
E0006430,S001627,U0198,2025-12-06T00:35:39Z,page_view,/search,
E0006431,S001627,U0198,2025-12-06T00:36:02Z,page_view,/search,
E0006954,S001763,U0013,2025-12-06T00:42:57Z,page_view,/category/shoes,
E0008624,S002185,U0099,2025-12-06T00:43:30Z,page_view,/cart,
E0006955,S001763,U0013,2025-12-06T00:46:36Z,view_item,/product/p0439,P0439
E0006433,S001627,U0198,2025-12-06T00:47:24Z,page_view,/category/home,
E0006432,S001627,U0198,2025-12-06T01:07:23Z,page_view,/category/beauty,
E0001315,S000342,U0167,2025-12-06T05:54:00Z,page_view,/,
E0001316,S000342,U0167,2025-12-06T05:58:00Z,view_item,/product/p0311,P0311
E0001286,S000334,U0151,2025-12-06T05:59:07Z,page_view,/category/shoes,
E0001287,S000334,U0151,2025-12-06T06:00:55Z,view_item,/product/p0134,P0134
E0001288,S000334,U0151,2025-12-06T06:11:24Z,page_view,/category/shoes,
E0004035,S001029,U0076,2025-12-06T07:17:16Z,page_view,/category/home,
E0004036,S001029,U0076,2025-12-06T07:19:27Z,view_item,/product/p0452,P0452
E0004037,S001029,U0076,2025-12-06T07:24:36Z,page_view,/pricing,
E0009074,S002302,U0216,2025-12-06T07:49:20Z,page_view,/,
E0009075,S002302,U0216,2025-12-06T07:51:04Z,view_item,/product/p0300,P0300
E0009853,S002507,U0156,2025-12-06T17:14:17Z,page_view,/search,
E0003058,S000777,U0146,2025-12-06T20:45:50Z,page_view,/category/electronics,
E0003059,S000777,U0146,2025-12-06T20:45:58Z,page_view,/category/electronics,
E0003060,S000777,U0146,2025-12-06T20:47:23Z,page_view,/search,
E0003061,S000777,U0146,2025-12-06T20:47:41Z,view_item,/product/p0299,P0299
E0003062,S000777,U0146,2025-12-06T20:49:20Z,add_to_cart,/product/p0299,P0299
E0003065,S000777,U0146,2025-12-06T20:52:15Z,page_view,/category/electronics,
E0003063,S000777,U0146,2025-12-06T21:05:38Z,page_view,/help,
E0003064,S000777,U0146,2025-12-06T21:10:24Z,page_view,/category/beauty,
E0006125,S001555,U0170,2025-12-06T22:38:19Z,page_view,/category/shoes,
E0006126,S001555,U0170,2025-12-06T22:52:25Z,page_view,/search,
E0003356,S000857,U0154,2025-12-07T06:01:04Z,page_view,/,
E0003357,S000857,U0154,2025-12-07T06:01:42Z,page_view,/search,
E0003358,S000857,U0154,2025-12-07T06:03:42Z,view_item,/product/p0274,P0274
E0003361,S000857,U0154,2025-12-07T06:07:41Z,page_view,/help,
E0003360,S000857,U0154,2025-12-07T06:19:24Z,page_view,/category/beauty,
E0003359,S000857,U0154,2025-12-07T06:24:39Z,page_view,/category/electronics,
E0003078,S000781,U0214,2025-12-07T07:11:34Z,page_view,/search,
E0003081,S000781,U0214,2025-12-07T07:13:07Z,page_view,/help,
E0003080,S000781,U0214,2025-12-07T07:13:19Z,page_view,/category/shoes,
E0003082,S000781,U0214,2025-12-07T07:13:44Z,page_view,/cart,
E0003079,S000781,U0214,2025-12-07T07:15:09Z,view_item,/product/p0018,P0018
E0002016,S000522,U0224,2025-12-07T07:20:52Z,page_view,/category/electronics,
E0008126,S002069,U0178,2025-12-07T07:21:47Z,page_view,/category/beauty,
E0002018,S000522,U0224,2025-12-07T07:23:16Z,page_view,/pricing,
E0002017,S000522,U0224,2025-12-07T07:30:15Z,page_view,/category/electronics,
E0000771,S000197,U0186,2025-12-07T09:28:28Z,page_view,/category/shoes,
E0000772,S000197,U0186,2025-12-07T09:28:35Z,page_view,/category/shoes,
E0000773,S000197,U0186,2025-12-07T09:30:15Z,page_view,/search,
E0000774,S000197,U0186,2025-12-07T09:30:55Z,view_item,/product/p0321,P0321
E0000776,S000197,U0186,2025-12-07T09:32:58Z,page_view,/pricing,
E0000775,S000197,U0186,2025-12-07T09:34:32Z,page_view,/cart,
E0009444,S002400,U0132,2025-12-07T09:40:40Z,page_view,/category/home,
E0009446,S002400,U0132,2025-12-07T09:43:21Z,page_view,/category/shoes,
E0009447,S002400,U0132,2025-12-07T09:51:46Z,page_view,/category/shoes,
E0009445,S002400,U0132,2025-12-07T09:58:12Z,page_view,/search,
E0006054,S001536,U0171,2025-12-07T11:01:18Z,page_view,/category/beauty,
E0006055,S001536,U0171,2025-12-07T11:01:59Z,view_item,/product/p0285,P0285
E0006056,S001536,U0171,2025-12-07T11:03:48Z,add_to_cart,/product/p0285,P0285
E0006057,S001536,U0171,2025-12-07T11:04:15Z,begin_checkout,/checkout,P0285
E0006058,S001536,U0171,2025-12-07T11:04:54Z,page_view,/help,
E0000070,S000018,U0114,2025-12-07T11:54:42Z,page_view,/search,
E0000467,S000117,U0019,2025-12-07T11:54:54Z,page_view,/search,
E0000468,S000117,U0019,2025-12-07T11:55:05Z,page_view,/search,
E0000071,S000018,U0114,2025-12-07T11:55:22Z,page_view,/search,
E0000469,S000117,U0019,2025-12-07T11:55:53Z,view_item,/product/p0229,P0229
E0000072,S000018,U0114,2025-12-07T11:56:05Z,view_item,/product/p0421,P0421
E0000470,S000117,U0019,2025-12-07T11:56:48Z,page_view,/category/home,
E0000471,S000117,U0019,2025-12-07T11:57:32Z,page_view,/cart,
E0000778,S000199,U0001,2025-12-07T12:09:36Z,page_view,/,
E0000779,S000199,U0001,2025-12-07T12:10:00Z,page_view,/,
E0002665,S000687,U0070,2025-12-07T12:10:49Z,page_view,/search,
E0002666,S000687,U0070,2025-12-07T12:12:27Z,page_view,/search,
E0002668,S000687,U0070,2025-12-07T12:14:15Z,page_view,/help,
E0002667,S000687,U0070,2025-12-07T12:14:27Z,view_item,/product/p0469,P0469
E0002669,S000687,U0070,2025-12-07T12:29:28Z,page_view,/pricing,
E0003402,S000869,U0142,2025-12-07T13:46:33Z,page_view,/category/shoes,
E0003403,S000869,U0142,2025-12-07T13:46:45Z,page_view,/category/shoes,
E0003406,S000869,U0142,2025-12-07T13:48:22Z,page_view,/category/home,
E0003404,S000869,U0142,2025-12-07T13:49:51Z,page_view,/category/home,
E0003405,S000869,U0142,2025-12-07T13:50:15Z,page_view,/search,
E0006742,S001712,U0025,2025-12-07T18:39:46Z,page_view,/category/home,
E0006743,S001712,U0025,2025-12-07T18:43:40Z,view_item,/product/p0140,P0140
E0006744,S001712,U0025,2025-12-07T18:44:24Z,add_to_cart,/product/p0140,P0140
E0006745,S001712,U0025,2025-12-07T18:44:40Z,begin_checkout,/checkout,P0140
E0006746,S001712,U0025,2025-12-07T18:48:04Z,purchase,/thank-you,P0140
E0003257,S000829,U0152,2025-12-07T19:46:21Z,page_view,/search,
E0004562,S001159,U0084,2025-12-07T20:02:03Z,page_view,/search,
E0004563,S001159,U0084,2025-12-07T20:02:16Z,page_view,/search,
E0004564,S001159,U0084,2025-12-07T20:02:24Z,page_view,/search,
E0004565,S001159,U0084,2025-12-07T20:05:57Z,view_item,/product/p0081,P0081
E0004566,S001159,U0084,2025-12-07T20:06:44Z,page_view,/category/electronics,
E0004145,S001059,U0210,2025-12-07T22:11:46Z,page_view,/search,
E0004146,S001059,U0210,2025-12-07T22:14:50Z,view_item,/product/p0161,P0161
E0001814,S000467,U0200,2025-12-07T22:45:07Z,page_view,/category/electronics,
E0001816,S000467,U0200,2025-12-07T22:46:14Z,page_view,/category/electronics,
E0001817,S000467,U0200,2025-12-07T22:55:04Z,page_view,/category/shoes,
E0001815,S000467,U0200,2025-12-07T23:01:47Z,page_view,/,
E0008308,S002107,U0173,2025-12-08T00:00:40Z,page_view,/search,
E0008309,S002107,U0173,2025-12-08T00:12:07Z,page_view,/help,
E0008311,S002107,U0173,2025-12-08T00:35:09Z,page_view,/category/shoes,
E0008310,S002107,U0173,2025-12-08T00:36:41Z,page_view,/category/beauty,
E0002383,S000614,U0030,2025-12-08T00:37:32Z,page_view,/category/electronics,
E0002384,S000614,U0030,2025-12-08T00:38:19Z,page_view,/search,
E0002385,S000614,U0030,2025-12-08T00:38:50Z,view_item,/product/p0425,P0425
E0002386,S000614,U0030,2025-12-08T00:47:09Z,page_view,/help,
E0002387,S000614,U0030,2025-12-08T00:57:04Z,page_view,/search,
E0003134,S000796,U0226,2025-12-08T00:59:08Z,page_view,/,
E0003135,S000796,U0226,2025-12-08T01:00:14Z,page_view,/search,
E0003137,S000796,U0226,2025-12-08T01:01:46Z,page_view,/category/beauty,
E0003136,S000796,U0226,2025-12-08T01:02:53Z,view_item,/product/p0326,P0326
E0008758,S002220,U0028,2025-12-08T01:30:53Z,page_view,/,
E0003293,S000842,U0248,2025-12-08T02:22:08Z,page_view,/category/home,
E0003294,S000842,U0248,2025-12-08T02:22:17Z,page_view,/category/home,
E0005998,S001522,U0187,2025-12-08T02:27:08Z,page_view,/category/shoes,
E0005999,S001522,U0187,2025-12-08T02:27:32Z,page_view,/category/shoes,
E0003296,S000842,U0248,2025-12-08T02:31:00Z,page_view,/category/shoes,
E0006000,S001522,U0187,2025-12-08T02:34:07Z,page_view,/search,
E0003295,S000842,U0248,2025-12-08T02:45:47Z,page_view,/pricing,
E0009243,S002348,U0171,2025-12-08T03:43:56Z,page_view,/category/electronics,
E0009244,S002348,U0171,2025-12-08T03:57:02Z,page_view,/search,
E0008966,S002276,U0148,2025-12-08T04:54:33Z,page_view,/category/electronics,
E0008968,S002276,U0148,2025-12-08T04:56:59Z,page_view,/category/electronics,
E0008967,S002276,U0148,2025-12-08T05:03:56Z,page_view,/category/beauty,
E0008969,S002276,U0148,2025-12-08T05:04:31Z,page_view,/,
E0005516,S001400,U0187,2025-12-08T07:00:48Z,page_view,/search,
E0005517,S001400,U0187,2025-12-08T07:02:02Z,page_view,/search,
E0005522,S001400,U0187,2025-12-08T07:03:14Z,page_view,/cart,
E0005518,S001400,U0187,2025-12-08T07:03:47Z,view_item,/product/p0425,P0425
E0005519,S001400,U0187,2025-12-08T07:04:15Z,add_to_cart,/product/p0425,P0425
E0005523,S001400,U0187,2025-12-08T07:05:23Z,page_view,/category/electronics,
E0005520,S001400,U0187,2025-12-08T07:07:44Z,begin_checkout,/checkout,P0425
E0005524,S001400,U0187,2025-12-08T07:08:13Z,page_view,/category/beauty,
E0005521,S001400,U0187,2025-12-08T07:08:24Z,purchase,/thank-you,P0425
E0004090,S001045,U0104,2025-12-08T07:25:39Z,page_view,/category/shoes,
E0004093,S001045,U0104,2025-12-08T07:26:37Z,page_view,/pricing,
E0004092,S001045,U0104,2025-12-08T07:27:03Z,page_view,/pricing,
E0004091,S001045,U0104,2025-12-08T07:27:38Z,view_item,/product/p0259,P0259
E0004616,S001170,U0071,2025-12-08T07:31:08Z,page_view,/category/home,
E0004617,S001170,U0071,2025-12-08T07:31:47Z,page_view,/search,
E0004618,S001170,U0071,2025-12-08T07:32:46Z,view_item,/product/p0431,P0431
E0004619,S001170,U0071,2025-12-08T07:33:31Z,page_view,/pricing,
E0004620,S001170,U0071,2025-12-08T07:37:29Z,page_view,/help,
E0007351,S001867,U0111,2025-12-08T07:45:29Z,page_view,/,
E0007352,S001867,U0111,2025-12-08T07:46:28Z,view_item,/product/p0204,P0204
E0007353,S001867,U0111,2025-12-08T08:01:12Z,page_view,/,
E0007355,S001867,U0111,2025-12-08T08:16:02Z,page_view,/,
E0007354,S001867,U0111,2025-12-08T08:17:46Z,page_view,/category/electronics,
E0007356,S001868,U0079,2025-12-08T08:50:54Z,page_view,/category/electronics,
E0007357,S001868,U0079,2025-12-08T08:51:03Z,page_view,/category/electronics,
E0007359,S001868,U0079,2025-12-08T08:51:48Z,page_view,/,
E0007360,S001868,U0079,2025-12-08T09:06:51Z,page_view,/category/beauty,
E0007358,S001868,U0079,2025-12-08T09:08:24Z,page_view,/help,
E0005914,S001502,U0135,2025-12-08T11:09:49Z,page_view,/category/electronics,
E0005915,S001502,U0135,2025-12-08T11:13:04Z,view_item,/product/p0444,P0444
E0003396,S000867,U0001,2025-12-08T14:21:58Z,page_view,/,
E0003397,S000867,U0001,2025-12-08T14:22:04Z,page_view,/,
E0003398,S000867,U0001,2025-12-08T14:38:44Z,page_view,/cart,
E0003399,S000867,U0001,2025-12-08T14:52:02Z,page_view,/pricing,
E0001931,S000497,U0220,2025-12-08T15:13:50Z,page_view,/search,
E0001933,S000497,U0220,2025-12-08T15:17:42Z,page_view,/category/beauty,
E0001934,S000497,U0220,2025-12-08T15:20:28Z,page_view,/category/electronics,
E0001932,S000497,U0220,2025-12-08T15:21:18Z,page_view,/help,
E0008386,S002124,U0105,2025-12-08T17:41:49Z,page_view,/,
E0008387,S002124,U0105,2025-12-08T17:41:59Z,page_view,/,
E0008389,S002124,U0105,2025-12-08T17:48:53Z,page_view,/search,
E0008388,S002124,U0105,2025-12-08T17:52:30Z,page_view,/help,
E0003648,S000930,U0011,2025-12-08T22:26:09Z,page_view,/category/electronics,
E0003649,S000930,U0011,2025-12-08T22:27:08Z,page_view,/search,
E0003651,S000930,U0011,2025-12-08T22:27:23Z,page_view,/category/electronics,
E0003650,S000930,U0011,2025-12-08T22:30:04Z,view_item,/product/p0277,P0277
E0004450,S001136,U0108,2025-12-08T22:46:27Z,page_view,/,
E0004451,S001136,U0108,2025-12-08T22:46:52Z,page_view,/,
E0004453,S001136,U0108,2025-12-08T22:51:54Z,page_view,/category/electronics,
E0004454,S001136,U0108,2025-12-08T22:55:10Z,page_view,/pricing,
E0004452,S001136,U0108,2025-12-08T23:04:03Z,page_view,/cart,
E0006626,S001678,U0082,2025-12-09T01:03:20Z,page_view,/,
E0006627,S001678,U0082,2025-12-09T01:03:45Z,page_view,/,
E0006629,S001678,U0082,2025-12-09T01:04:05Z,view_item,/product/p0237,P0237
E0006628,S001678,U0082,2025-12-09T01:04:11Z,page_view,/search,
E0006630,S001678,U0082,2025-12-09T01:08:05Z,page_view,/category/electronics,
E0002622,S000675,U0061,2025-12-09T01:45:19Z,page_view,/search,
E0002624,S000675,U0061,2025-12-09T01:55:32Z,page_view,/pricing,
E0002623,S000675,U0061,2025-12-09T02:01:57Z,page_view,/pricing,
E0001381,S000361,U0007,2025-12-09T02:06:11Z,page_view,/,
E0001383,S000361,U0007,2025-12-09T02:10:35Z,page_view,/category/electronics,
E0001382,S000361,U0007,2025-12-09T02:12:20Z,page_view,/category/electronics,
E0002766,S000709,U0107,2025-12-09T02:46:20Z,page_view,/search,
E0002768,S000709,U0107,2025-12-09T02:47:44Z,page_view,/category/beauty,
E0002767,S000709,U0107,2025-12-09T02:50:19Z,view_item,/product/p0143,P0143
E0001189,S000307,U0100,2025-12-09T03:39:44Z,page_view,/category/shoes,
E0001192,S000307,U0100,2025-12-09T03:43:15Z,page_view,/pricing,
E0001191,S000307,U0100,2025-12-09T03:52:53Z,page_view,/cart,
E0001190,S000307,U0100,2025-12-09T03:54:31Z,page_view,/category/shoes,
E0004628,S001174,U0222,2025-12-09T05:33:25Z,page_view,/,
E0004629,S001174,U0222,2025-12-09T05:33:30Z,page_view,/,
E0004631,S001174,U0222,2025-12-09T05:34:22Z,view_item,/product/p0130,P0130
E0004630,S001174,U0222,2025-12-09T05:34:41Z,page_view,/search,
E0006631,S001679,U0062,2025-12-09T06:09:30Z,page_view,/,
E0007829,S001990,U0222,2025-12-09T06:14:51Z,page_view,/category/electronics,
E0007835,S001990,U0222,2025-12-09T06:17:58Z,page_view,/category/shoes,
E0007830,S001990,U0222,2025-12-09T06:18:32Z,view_item,/product/p0294,P0294
E0007831,S001990,U0222,2025-12-09T06:18:42Z,add_to_cart,/product/p0294,P0294
E0007832,S001990,U0222,2025-12-09T06:21:22Z,begin_checkout,/checkout,P0294
E0007834,S001990,U0222,2025-12-09T06:24:10Z,page_view,/category/electronics,
E0007833,S001990,U0222,2025-12-09T06:24:24Z,purchase,/thank-you,P0294
E0007555,S001920,U0166,2025-12-09T10:09:51Z,page_view,/category/electronics,
E0007556,S001920,U0166,2025-12-09T10:10:32Z,view_item,/product/p0429,P0429
E0007558,S001920,U0166,2025-12-09T10:38:50Z,page_view,/help,
E0007557,S001920,U0166,2025-12-09T10:40:45Z,page_view,/category/electronics,
E0000918,S000237,U0095,2025-12-09T11:20:11Z,page_view,/search,
E0000919,S000237,U0095,2025-12-09T11:20:31Z,page_view,/search,
E0000921,S000237,U0095,2025-12-09T11:29:20Z,page_view,/search,
E0000920,S000237,U0095,2025-12-09T11:37:17Z,page_view,/search,
E0009158,S002326,U0178,2025-12-09T12:05:02Z,page_view,/category/shoes,
E0009159,S002326,U0178,2025-12-09T12:05:12Z,page_view,/category/shoes,
E0009160,S002326,U0178,2025-12-09T12:06:26Z,view_item,/product/p0007,P0007
E0009163,S002326,U0178,2025-12-09T12:24:11Z,page_view,/search,
E0009161,S002326,U0178,2025-12-09T12:30:42Z,page_view,/cart,
E0008169,S002077,U0203,2025-12-09T12:34:01Z,page_view,/category/shoes,
E0009162,S002326,U0178,2025-12-09T12:38:08Z,page_view,/category/electronics,
E0008170,S002077,U0203,2025-12-09T12:39:32Z,page_view,/category/electronics,
E0008172,S002077,U0203,2025-12-09T12:40:40Z,page_view,/pricing,
E0008171,S002077,U0203,2025-12-09T12:46:27Z,page_view,/category/beauty,
E0007785,S001980,U0130,2025-12-09T15:11:18Z,page_view,/category/electronics,
E0005084,S001295,U0037,2025-12-09T15:15:28Z,page_view,/category/shoes,
E0007786,S001980,U0130,2025-12-09T15:17:20Z,page_view,/category/home,
E0001659,S000430,U0044,2025-12-09T16:58:40Z,page_view,/category/shoes,
E0001660,S000430,U0044,2025-12-09T17:08:01Z,page_view,/search,
E0010076,S002568,U0072,2025-12-09T18:12:53Z,page_view,/search,
E0010077,S002568,U0072,2025-12-09T18:13:02Z,page_view,/search,
E0010078,S002568,U0072,2025-12-09T18:14:03Z,view_item,/product/p0282,P0282
E0010079,S002568,U0072,2025-12-09T18:14:17Z,page_view,/help,
E0005869,S001489,U0109,2025-12-09T19:40:28Z,page_view,/category/shoes,
E0005870,S001489,U0109,2025-12-09T19:40:46Z,page_view,/category/shoes,
E0002809,S000719,U0099,2025-12-09T20:33:10Z,page_view,/,
E0002810,S000719,U0099,2025-12-09T20:33:50Z,page_view,/search,
E0002814,S000719,U0099,2025-12-09T20:36:26Z,page_view,/pricing,
E0002811,S000719,U0099,2025-12-09T20:36:47Z,view_item,/product/p0437,P0437
E0002812,S000719,U0099,2025-12-09T20:36:53Z,page_view,/category/electronics,
E0002813,S000719,U0099,2025-12-09T20:38:10Z,page_view,/category/beauty,
E0004357,S001113,U0202,2025-12-09T21:14:13Z,page_view,/category/beauty,
E0004358,S001113,U0202,2025-12-09T21:14:22Z,page_view,/category/beauty,
E0004363,S001113,U0202,2025-12-09T21:15:09Z,page_view,/cart,
E0004359,S001113,U0202,2025-12-09T21:15:23Z,view_item,/product/p0398,P0398
E0004362,S001113,U0202,2025-12-09T21:15:32Z,purchase,/thank-you,P0398
E0004360,S001113,U0202,2025-12-09T21:17:11Z,add_to_cart,/product/p0398,P0398
E0004361,S001113,U0202,2025-12-09T21:20:54Z,begin_checkout,/checkout,P0398
E0008077,S002056,U0123,2025-12-09T21:23:15Z,page_view,/category/home,
E0008078,S002056,U0123,2025-12-09T21:23:35Z,page_view,/category/home,
E0008080,S002056,U0123,2025-12-09T21:25:57Z,page_view,/help,
E0008079,S002056,U0123,2025-12-09T21:38:53Z,page_view,/category/home,
E0008081,S002056,U0123,2025-12-09T21:47:31Z,page_view,/category/electronics,
E0007720,S001960,U0015,2025-12-09T22:03:01Z,page_view,/,
E0007721,S001960,U0015,2025-12-09T22:03:06Z,page_view,/,
E0009298,S002361,U0072,2025-12-10T02:21:50Z,page_view,/,
E0009299,S002361,U0072,2025-12-10T02:23:12Z,view_item,/product/p0376,P0376
E0009300,S002361,U0072,2025-12-10T02:24:02Z,add_to_cart,/product/p0376,P0376
E0009301,S002361,U0072,2025-12-10T02:51:59Z,page_view,/,
E0008281,S002101,U0243,2025-12-10T03:21:06Z,page_view,/category/electronics,
E0008282,S002101,U0243,2025-12-10T03:21:54Z,view_item,/product/p0367,P0367
E0010132,S002582,U0202,2025-12-10T03:22:59Z,page_view,/category/home,
E0010133,S002582,U0202,2025-12-10T03:23:58Z,page_view,/search,
E0010134,S002582,U0202,2025-12-10T03:25:53Z,view_item,/product/p0313,P0313
E0010136,S002582,U0202,2025-12-10T03:30:09Z,page_view,/pricing,
E0008283,S002101,U0243,2025-12-10T03:30:38Z,page_view,/category/shoes,
E0010135,S002582,U0202,2025-12-10T03:33:33Z,page_view,/category/electronics,
E0008284,S002101,U0243,2025-12-10T03:40:06Z,page_view,/search,
E0003611,S000918,U0162,2025-12-10T03:55:39Z,page_view,/,
E0003612,S000918,U0162,2025-12-10T03:58:49Z,view_item,/product/p0475,P0475
E0007177,S001825,U0156,2025-12-10T04:27:36Z,page_view,/search,
E0007178,S001825,U0156,2025-12-10T04:27:58Z,page_view,/search,
E0007179,S001825,U0156,2025-12-10T04:31:17Z,view_item,/product/p0016,P0016
E0007180,S001825,U0156,2025-12-10T04:36:56Z,page_view,/category/electronics,
E0007181,S001825,U0156,2025-12-10T04:58:30Z,page_view,/help,
E0003732,S000951,U0040,2025-12-10T06:26:02Z,page_view,/category/shoes,
E0003733,S000951,U0040,2025-12-10T06:26:22Z,page_view,/category/shoes,
E0003734,S000951,U0040,2025-12-10T06:34:45Z,page_view,/category/electronics,
E0002643,S000681,U0210,2025-12-10T08:15:38Z,page_view,/category/home,
E0002644,S000681,U0210,2025-12-10T08:17:40Z,view_item,/product/p0449,P0449
E0002645,S000681,U0210,2025-12-10T08:19:59Z,add_to_cart,/product/p0449,P0449
E0002646,S000681,U0210,2025-12-10T08:23:48Z,begin_checkout,/checkout,P0449
E0002647,S000681,U0210,2025-12-10T08:27:08Z,purchase,/thank-you,P0449
E0005231,S001332,U0238,2025-12-10T08:44:26Z,page_view,/category/electronics,
E0005232,S001332,U0238,2025-12-10T08:45:30Z,view_item,/product/p0076,P0076
E0005233,S001332,U0238,2025-12-10T08:46:15Z,add_to_cart,/product/p0076,P0076
E0005234,S001332,U0238,2025-12-10T08:49:14Z,begin_checkout,/checkout,P0076
E0005235,S001332,U0238,2025-12-10T09:21:47Z,page_view,/,
E0002135,S000552,U0023,2025-12-10T09:56:44Z,page_view,/category/electronics,
E0002137,S000552,U0023,2025-12-10T10:16:38Z,page_view,/pricing,
E0002136,S000552,U0023,2025-12-10T10:23:43Z,page_view,/cart,
E0002138,S000552,U0023,2025-12-10T10:23:46Z,page_view,/category/beauty,
E0009167,S002328,U0124,2025-12-10T10:57:57Z,page_view,/category/home,
E0009169,S002328,U0124,2025-12-10T11:04:24Z,page_view,/,
E0009168,S002328,U0124,2025-12-10T11:24:38Z,page_view,/,
E0000109,S000027,U0130,2025-12-10T11:34:56Z,page_view,/category/electronics,
E0000110,S000027,U0130,2025-12-10T11:35:01Z,page_view,/category/electronics,
E0001311,S000341,U0186,2025-12-10T15:46:50Z,page_view,/,
E0001313,S000341,U0186,2025-12-10T15:48:13Z,page_view,/pricing,
E0001312,S000341,U0186,2025-12-10T15:48:24Z,page_view,/category/electronics,
E0001314,S000341,U0186,2025-12-10T15:52:53Z,page_view,/pricing,
E0003016,S000765,U0126,2025-12-10T18:59:19Z,page_view,/,
E0003017,S000765,U0126,2025-12-10T18:59:31Z,page_view,/,
E0003018,S000765,U0126,2025-12-10T19:03:44Z,page_view,/category/home,
E0003020,S000765,U0126,2025-12-10T19:08:41Z,page_view,/help,
E0003019,S000765,U0126,2025-12-10T19:09:24Z,page_view,/help,
E0003494,S000891,U0130,2025-12-10T20:57:50Z,page_view,/category/home,
E0003496,S000891,U0130,2025-12-10T20:58:47Z,page_view,/pricing,
E0003495,S000891,U0130,2025-12-10T20:59:02Z,page_view,/category/home,
E0004829,S001229,U0065,2025-12-10T21:34:20Z,page_view,/,
E0009314,S002365,U0033,2025-12-11T01:55:22Z,page_view,/category/home,
E0009318,S002365,U0033,2025-12-11T01:56:19Z,page_view,/,
E0009317,S002365,U0033,2025-12-11T01:56:34Z,page_view,/category/shoes,
E0009315,S002365,U0033,2025-12-11T01:57:03Z,page_view,/search,
E0009316,S002365,U0033,2025-12-11T01:57:30Z,view_item,/product/p0114,P0114
E0007846,S001994,U0239,2025-12-11T03:59:03Z,page_view,/,
E0007847,S001994,U0239,2025-12-11T03:59:08Z,page_view,/,
E0007848,S001994,U0239,2025-12-11T04:21:10Z,page_view,/,
E0004621,S001171,U0001,2025-12-11T04:43:12Z,page_view,/search,
E0004622,S001171,U0001,2025-12-11T04:45:08Z,page_view,/search,
E0004623,S001171,U0001,2025-12-11T04:45:18Z,view_item,/product/p0174,P0174
E0002427,S000625,U0079,2025-12-11T04:46:21Z,page_view,/,
E0004624,S001171,U0001,2025-12-11T04:47:13Z,page_view,/category/shoes,
E0001648,S000427,U0117,2025-12-11T05:06:20Z,page_view,/category/shoes,
E0002430,S000625,U0079,2025-12-11T05:06:58Z,page_view,/pricing,
E0001649,S000427,U0117,2025-12-11T05:07:11Z,page_view,/search,
E0001650,S000427,U0117,2025-12-11T05:10:13Z,view_item,/product/p0364,P0364
E0001653,S000427,U0117,2025-12-11T05:10:55Z,page_view,/help,
E0001651,S000427,U0117,2025-12-11T05:11:38Z,add_to_cart,/product/p0364,P0364
E0001652,S000427,U0117,2025-12-11T05:13:48Z,page_view,/help,
E0002428,S000625,U0079,2025-12-11T05:16:52Z,page_view,/category/shoes,
E0002429,S000625,U0079,2025-12-11T05:17:26Z,page_view,/cart,
E0006905,S001751,U0033,2025-12-11T06:42:17Z,page_view,/category/electronics,
E0006906,S001751,U0033,2025-12-11T06:42:36Z,page_view,/category/electronics,
E0006907,S001751,U0033,2025-12-11T06:45:37Z,page_view,/search,
E0004430,S001131,U0091,2025-12-11T08:45:28Z,page_view,/search,
E0004431,S001131,U0091,2025-12-11T08:47:10Z,page_view,/search,
E0004432,S001131,U0091,2025-12-11T08:48:29Z,view_item,/product/p0203,P0203
E0004433,S001131,U0091,2025-12-11T08:51:01Z,add_to_cart,/product/p0203,P0203
E0004434,S001131,U0091,2025-12-11T09:10:28Z,page_view,/pricing,
E0009424,S002394,U0203,2025-12-11T14:53:15Z,page_view,/,
E0009425,S002394,U0203,2025-12-11T14:56:34Z,view_item,/product/p0308,P0308
E0009426,S002394,U0203,2025-12-11T15:24:15Z,page_view,/cart,
E0003094,S000785,U0168,2025-12-11T15:52:22Z,page_view,/category/shoes,
E0007454,S001893,U0175,2025-12-11T16:24:55Z,page_view,/,
E0007455,S001893,U0175,2025-12-11T16:26:31Z,page_view,/search,
E0007456,S001893,U0175,2025-12-11T16:26:32Z,view_item,/product/p0030,P0030
E0007457,S001893,U0175,2025-12-11T16:26:53Z,add_to_cart,/product/p0030,P0030
E0004221,S001079,U0031,2025-12-11T17:32:06Z,page_view,/,
E0004224,S001079,U0031,2025-12-11T17:32:48Z,page_view,/pricing,
E0004223,S001079,U0031,2025-12-11T17:32:52Z,view_item,/product/p0131,P0131
E0004222,S001079,U0031,2025-12-11T17:33:25Z,page_view,/search,
E0000007,S000002,U0213,2025-12-11T18:25:08Z,page_view,/,
E0000008,S000002,U0213,2025-12-11T18:26:42Z,page_view,/category/shoes,
E0000009,S000002,U0213,2025-12-11T19:00:10Z,page_view,/pricing,
E0005030,S001279,U0188,2025-12-11T19:40:40Z,page_view,/category/electronics,
E0005031,S001279,U0188,2025-12-11T19:41:20Z,page_view,/pricing,
E0005032,S001279,U0188,2025-12-11T19:41:38Z,page_view,/category/electronics,
E0005033,S001279,U0188,2025-12-11T19:41:55Z,page_view,/help,
E0009815,S002499,U0196,2025-12-11T20:41:07Z,page_view,/search,
E0009816,S002499,U0196,2025-12-11T20:42:00Z,page_view,/search,
E0009817,S002499,U0196,2025-12-11T20:43:17Z,view_item,/product/p0228,P0228
E0009818,S002499,U0196,2025-12-11T20:45:10Z,add_to_cart,/product/p0228,P0228
E0009820,S002499,U0196,2025-12-11T20:47:29Z,purchase,/thank-you,P0228
E0009819,S002499,U0196,2025-12-11T20:48:03Z,begin_checkout,/checkout,P0228
E0000839,S000214,U0084,2025-12-11T21:08:11Z,page_view,/category/home,
E0000840,S000214,U0084,2025-12-11T21:10:00Z,page_view,/search,
E0000841,S000214,U0084,2025-12-11T21:10:47Z,view_item,/product/p0025,P0025
E0010089,S002572,U0154,2025-12-11T22:33:38Z,page_view,/category/electronics,
E0010092,S002572,U0154,2025-12-11T22:35:21Z,page_view,/,
E0010091,S002572,U0154,2025-12-11T22:47:48Z,page_view,/help,
E0005717,S001447,U0108,2025-12-11T22:55:33Z,page_view,/search,
E0010090,S002572,U0154,2025-12-11T22:56:46Z,page_view,/,
E0005720,S001447,U0108,2025-12-11T23:15:27Z,page_view,/search,
E0005719,S001447,U0108,2025-12-11T23:17:11Z,page_view,/category/shoes,
E0005718,S001447,U0108,2025-12-11T23:17:20Z,page_view,/category/shoes,
E0008041,S002045,U0242,2025-12-11T23:28:59Z,page_view,/category/shoes,
E0008042,S002045,U0242,2025-12-11T23:29:19Z,page_view,/category/shoes,
E0008043,S002045,U0242,2025-12-11T23:46:08Z,page_view,/search,
E0001006,S000259,U0237,2025-12-12T01:55:38Z,page_view,/,
E0001009,S000259,U0237,2025-12-12T02:05:47Z,page_view,/category/beauty,
E0001007,S000259,U0237,2025-12-12T02:08:56Z,page_view,/category/shoes,
E0001008,S000259,U0237,2025-12-12T02:19:11Z,page_view,/pricing,
E0005008,S001273,U0147,2025-12-12T02:38:33Z,page_view,/category/electronics,
E0009506,S002418,U0143,2025-12-12T03:52:16Z,page_view,/category/beauty,
E0009507,S002418,U0143,2025-12-12T03:53:06Z,page_view,/search,
E0009508,S002418,U0143,2025-12-12T03:54:41Z,view_item,/product/p0017,P0017
E0009509,S002418,U0143,2025-12-12T03:56:24Z,add_to_cart,/product/p0017,P0017
E0009510,S002418,U0143,2025-12-12T03:58:24Z,begin_checkout,/checkout,P0017
E0009513,S002418,U0143,2025-12-12T03:59:33Z,page_view,/category/beauty,
E0009511,S002418,U0143,2025-12-12T04:00:34Z,purchase,/thank-you,P0017
E0009512,S002418,U0143,2025-12-12T04:10:59Z,page_view,/search,
E0009514,S002418,U0143,2025-12-12T04:19:40Z,page_view,/category/shoes,
E0000497,S000126,U0023,2025-12-12T04:43:43Z,page_view,/category/home,
E0000498,S000126,U0023,2025-12-12T04:44:05Z,page_view,/category/home,
E0000502,S000126,U0023,2025-12-12T04:44:52Z,page_view,/category/beauty,
E0000499,S000126,U0023,2025-12-12T04:45:20Z,page_view,/search,
E0000500,S000126,U0023,2025-12-12T04:45:57Z,view_item,/product/p0333,P0333
E0000501,S000126,U0023,2025-12-12T04:47:22Z,page_view,/category/shoes,
E0006283,S001594,U0065,2025-12-12T05:25:45Z,page_view,/category/electronics,
E0006284,S001594,U0065,2025-12-12T05:25:56Z,page_view,/category/electronics,
E0006285,S001594,U0065,2025-12-12T05:27:43Z,page_view,/search,
E0006286,S001594,U0065,2025-12-12T05:28:15Z,view_item,/product/p0297,P0297
E0006289,S001594,U0065,2025-12-12T05:35:28Z,page_view,/pricing,
E0006287,S001594,U0065,2025-12-12T05:59:21Z,page_view,/search,
E0006288,S001594,U0065,2025-12-12T05:59:30Z,page_view,/category/electronics,
E0007639,S001940,U0093,2025-12-12T07:54:06Z,page_view,/category/electronics,
E0007640,S001940,U0093,2025-12-12T08:36:37Z,page_view,/category/electronics,
E0007641,S001940,U0093,2025-12-12T08:38:36Z,page_view,/cart,
E0000418,S000105,U0168,2025-12-12T09:37:58Z,page_view,/category/home,
E0000419,S000105,U0168,2025-12-12T09:39:53Z,page_view,/search,
E0000420,S000105,U0168,2025-12-12T09:40:02Z,view_item,/product/p0069,P0069
E0000421,S000105,U0168,2025-12-12T10:01:15Z,page_view,/category/electronics,
E0003507,S000894,U0063,2025-12-12T10:33:00Z,page_view,/category/electronics,
E0003508,S000894,U0063,2025-12-12T10:33:14Z,page_view,/category/electronics,
E0003510,S000894,U0063,2025-12-12T10:34:10Z,view_item,/product/p0066,P0066
E0003512,S000894,U0063,2025-12-12T10:34:22Z,page_view,/category/electronics,
E0003509,S000894,U0063,2025-12-12T10:34:38Z,page_view,/search,
E0003513,S000894,U0063,2025-12-12T10:38:08Z,page_view,/help,
E0003511,S000894,U0063,2025-12-12T10:44:50Z,page_view,/pricing,
E0000929,S000240,U0243,2025-12-12T15:32:33Z,page_view,/category/electronics,
E0000932,S000240,U0243,2025-12-12T15:34:48Z,page_view,/search,
E0000931,S000240,U0243,2025-12-12T15:36:48Z,page_view,/category/shoes,
E0000930,S000240,U0243,2025-12-12T15:39:25Z,page_view,/category/electronics,
E0006210,S001578,U0221,2025-12-12T15:44:13Z,page_view,/category/electronics,
E0004339,S001109,U0175,2025-12-12T17:10:56Z,page_view,/,
E0004341,S001109,U0175,2025-12-12T17:18:13Z,page_view,/help,
E0004340,S001109,U0175,2025-12-12T17:18:20Z,page_view,/cart,
E0001721,S000446,U0185,2025-12-12T20:57:45Z,page_view,/search,
E0001723,S000446,U0185,2025-12-12T21:13:55Z,page_view,/category/electronics,
E0001724,S000446,U0185,2025-12-12T21:16:15Z,page_view,/cart,
E0001722,S000446,U0185,2025-12-12T21:16:42Z,page_view,/cart,
E0004391,S001121,U0244,2025-12-12T22:39:51Z,page_view,/category/home,
E0004392,S001121,U0244,2025-12-12T22:40:42Z,view_item,/product/p0032,P0032
E0004393,S001121,U0244,2025-12-12T22:43:16Z,page_view,/cart,
E0004394,S001121,U0244,2025-12-12T22:48:09Z,page_view,/pricing,
E0006975,S001769,U0100,2025-12-12T22:49:13Z,page_view,/category/home,
E0006976,S001769,U0100,2025-12-12T22:50:05Z,page_view,/search,
E0006978,S001769,U0100,2025-12-12T22:50:37Z,page_view,/help,
E0006977,S001769,U0100,2025-12-12T22:53:10Z,view_item,/product/p0138,P0138
E0000853,S000220,U0033,2025-12-12T22:54:00Z,page_view,/,
E0000854,S000220,U0033,2025-12-12T23:05:38Z,page_view,/category/shoes,
E0000855,S000220,U0033,2025-12-12T23:21:01Z,page_view,/category/home,
E0008357,S002117,U0198,2025-12-12T23:46:50Z,page_view,/category/electronics,
E0008358,S002117,U0198,2025-12-12T23:50:21Z,view_item,/product/p0434,P0434
E0008359,S002117,U0198,2025-12-12T23:53:09Z,add_to_cart,/product/p0434,P0434
E0008360,S002117,U0198,2025-12-12T23:53:42Z,begin_checkout,/checkout,P0434
E0001226,S000318,U0128,2025-12-13T01:42:04Z,page_view,/category/shoes,
E0001227,S000318,U0128,2025-12-13T01:43:02Z,page_view,/search,
E0001228,S000318,U0128,2025-12-13T01:44:50Z,view_item,/product/p0396,P0396
E0001229,S000318,U0128,2025-12-13T01:52:29Z,page_view,/pricing,
E0001230,S000318,U0128,2025-12-13T01:53:46Z,page_view,/help,
E0001231,S000318,U0128,2025-12-13T01:55:51Z,page_view,/category/electronics,
E0004787,S001215,U0202,2025-12-13T02:43:38Z,page_view,/category/electronics,
E0004788,S001215,U0202,2025-12-13T02:44:02Z,page_view,/category/electronics,
E0004789,S001215,U0202,2025-12-13T02:59:05Z,page_view,/search,
E0008045,S002047,U0226,2025-12-13T03:10:30Z,page_view,/,
E0008046,S002047,U0226,2025-12-13T03:11:05Z,page_view,/search,
E0008047,S002047,U0226,2025-12-13T03:13:08Z,view_item,/product/p0393,P0393
E0008048,S002047,U0226,2025-12-13T03:15:53Z,add_to_cart,/product/p0393,P0393
E0003400,S000868,U0090,2025-12-13T03:52:57Z,page_view,/category/home,
E0003401,S000868,U0090,2025-12-13T04:02:12Z,page_view,/cart,
E0006360,S001609,U0193,2025-12-13T07:10:52Z,page_view,/category/beauty,
E0002917,S000741,U0111,2025-12-13T07:27:57Z,page_view,/search,
E0002918,S000741,U0111,2025-12-13T07:28:19Z,page_view,/search,
E0002919,S000741,U0111,2025-12-13T07:34:00Z,page_view,/category/beauty,
E0002921,S000741,U0111,2025-12-13T07:34:48Z,page_view,/,
E0002920,S000741,U0111,2025-12-13T07:39:28Z,page_view,/category/beauty,
E0006361,S001609,U0193,2025-12-13T07:43:05Z,page_view,/category/electronics,
E0008049,S002048,U0106,2025-12-13T07:59:19Z,page_view,/category/electronics,
E0007230,S001840,U0017,2025-12-13T10:33:50Z,page_view,/search,
E0007231,S001840,U0017,2025-12-13T10:34:01Z,page_view,/search,
E0007232,S001840,U0017,2025-12-13T10:58:28Z,page_view,/category/beauty,
E0000638,S000162,U0185,2025-12-13T12:02:47Z,page_view,/category/electronics,
E0000639,S000162,U0185,2025-12-13T12:03:12Z,page_view,/category/electronics,
E0000641,S000162,U0185,2025-12-13T12:04:00Z,view_item,/product/p0394,P0394
E0000640,S000162,U0185,2025-12-13T12:04:47Z,page_view,/search,
E0000642,S000162,U0185,2025-12-13T12:24:42Z,page_view,/pricing,
E0000643,S000162,U0185,2025-12-13T12:32:38Z,page_view,/cart,
E0009552,S002425,U0147,2025-12-13T12:35:25Z,page_view,/,
E0006014,S001525,U0017,2025-12-13T12:42:40Z,page_view,/category/electronics,
E0006015,S001525,U0017,2025-12-13T12:44:47Z,view_item,/product/p0105,P0105
E0006016,S001525,U0017,2025-12-13T12:50:15Z,page_view,/category/shoes,
E0009555,S002425,U0147,2025-12-13T12:52:01Z,page_view,/pricing,
E0009554,S002425,U0147,2025-12-13T12:55:58Z,page_view,/pricing,
E0009553,S002425,U0147,2025-12-13T13:03:14Z,page_view,/,
E0007243,S001843,U0145,2025-12-13T13:11:31Z,page_view,/category/electronics,
E0007244,S001843,U0145,2025-12-13T13:11:49Z,page_view,/category/electronics,
E0007245,S001843,U0145,2025-12-13T13:23:33Z,page_view,/help,
E0007564,S001922,U0162,2025-12-13T14:03:50Z,page_view,/,
E0007565,S001922,U0162,2025-12-13T14:04:34Z,page_view,/search,
E0007566,S001922,U0162,2025-12-13T14:07:08Z,view_item,/product/p0159,P0159
E0007787,S001981,U0088,2025-12-13T15:04:49Z,page_view,/category/shoes,
E0007788,S001981,U0088,2025-12-13T15:06:34Z,page_view,/category/shoes,
E0000412,S000103,U0099,2025-12-13T15:53:22Z,page_view,/category/shoes,
E0000413,S000103,U0099,2025-12-13T15:54:28Z,page_view,/search,
E0000415,S000103,U0099,2025-12-13T15:54:57Z,page_view,/category/shoes,
E0000414,S000103,U0099,2025-12-13T15:55:51Z,view_item,/product/p0203,P0203
E0000416,S000103,U0099,2025-12-13T15:57:46Z,page_view,/category/shoes,
E0003212,S000817,U0094,2025-12-13T16:14:49Z,page_view,/category/home,
E0003213,S000817,U0094,2025-12-13T16:14:55Z,page_view,/category/home,
E0003214,S000817,U0094,2025-12-13T16:15:24Z,page_view,/search,
E0003215,S000817,U0094,2025-12-13T16:17:43Z,view_item,/product/p0310,P0310
E0003216,S000817,U0094,2025-12-13T16:19:07Z,page_view,/category/beauty,
E0003217,S000817,U0094,2025-12-13T16:33:49Z,page_view,/category/shoes,
E0009356,S002377,U0220,2025-12-13T18:12:29Z,page_view,/category/electronics,
E0009357,S002377,U0220,2025-12-13T18:12:41Z,page_view,/category/electronics,
E0009358,S002377,U0220,2025-12-13T18:18:14Z,page_view,/search,
E0009156,S002325,U0080,2025-12-13T19:27:47Z,page_view,/category/electronics,
E0009157,S002325,U0080,2025-12-13T19:52:06Z,page_view,/search,
E0008980,S002279,U0130,2025-12-13T20:27:08Z,page_view,/search,
E0005968,S001515,U0082,2025-12-13T20:28:36Z,page_view,/category/beauty,
E0008981,S002279,U0130,2025-12-13T20:29:27Z,page_view,/category/electronics,
E0005970,S001515,U0082,2025-12-13T20:30:03Z,view_item,/product/p0021,P0021
E0005969,S001515,U0082,2025-12-13T20:30:29Z,page_view,/search,
E0005971,S001515,U0082,2025-12-13T20:48:11Z,page_view,/pricing,
E0008420,S002132,U0093,2025-12-13T20:48:44Z,page_view,/category/beauty,
E0008424,S002132,U0093,2025-12-13T20:50:16Z,purchase,/thank-you,P0471
E0008421,S002132,U0093,2025-12-13T20:50:21Z,view_item,/product/p0471,P0471
E0008425,S002132,U0093,2025-12-13T20:50:32Z,page_view,/category/beauty,
E0008422,S002132,U0093,2025-12-13T20:51:55Z,add_to_cart,/product/p0471,P0471
E0008423,S002132,U0093,2025-12-13T20:55:18Z,begin_checkout,/checkout,P0471
E0005972,S001515,U0082,2025-12-13T21:00:02Z,page_view,/category/shoes,
E0009680,S002463,U0207,2025-12-13T21:49:17Z,page_view,/,
E0009681,S002463,U0207,2025-12-13T21:49:30Z,page_view,/,
E0009682,S002463,U0207,2025-12-13T21:51:50Z,view_item,/product/p0488,P0488
E0009683,S002463,U0207,2025-12-13T21:52:02Z,add_to_cart,/product/p0488,P0488
E0009684,S002463,U0207,2025-12-13T21:55:20Z,begin_checkout,/checkout,P0488
E0009685,S002463,U0207,2025-12-13T22:02:59Z,page_view,/category/beauty,
E0009686,S002463,U0207,2025-12-13T22:03:21Z,page_view,/category/beauty,
E0009687,S002463,U0207,2025-12-13T22:04:07Z,page_view,/cart,
E0000821,S000209,U0241,2025-12-13T23:14:15Z,page_view,/category/electronics,
E0005832,S001477,U0118,2025-12-14T00:56:00Z,page_view,/,
E0005833,S001477,U0118,2025-12-14T00:57:49Z,view_item,/product/p0193,P0193
E0000660,S000165,U0220,2025-12-14T03:17:15Z,page_view,/category/shoes,
E0000661,S000165,U0220,2025-12-14T03:21:21Z,page_view,/category/shoes,
E0000663,S000165,U0220,2025-12-14T03:23:09Z,page_view,/search,
E0000662,S000165,U0220,2025-12-14T03:25:10Z,page_view,/cart,
E0005382,S001365,U0134,2025-12-14T03:40:05Z,page_view,/category/beauty,
E0001384,S000362,U0174,2025-12-14T03:42:18Z,page_view,/category/shoes,
E0001385,S000362,U0174,2025-12-14T03:42:38Z,page_view,/category/shoes,
E0001386,S000362,U0174,2025-12-14T03:43:59Z,view_item,/product/p0257,P0257
E0001389,S000362,U0174,2025-12-14T03:49:00Z,page_view,/category/beauty,
E0001387,S000362,U0174,2025-12-14T03:49:31Z,page_view,/help,
E0001388,S000362,U0174,2025-12-14T03:51:02Z,page_view,/category/shoes,
E0005386,S001367,U0168,2025-12-14T04:01:24Z,page_view,/category/home,
E0005388,S001367,U0168,2025-12-14T04:02:38Z,view_item,/product/p0445,P0445
E0005387,S001367,U0168,2025-12-14T04:03:22Z,page_view,/search,
E0005389,S001367,U0168,2025-12-14T04:04:29Z,add_to_cart,/product/p0445,P0445
E0005390,S001367,U0168,2025-12-14T04:30:26Z,page_view,/help,
E0002595,S000669,U0096,2025-12-14T04:52:50Z,page_view,/category/beauty,
E0002596,S000669,U0096,2025-12-14T04:53:02Z,page_view,/category/beauty,
E0002597,S000669,U0096,2025-12-14T04:54:22Z,page_view,/search,
E0002598,S000669,U0096,2025-12-14T04:55:27Z,view_item,/product/p0368,P0368
E0002599,S000669,U0096,2025-12-14T04:57:45Z,page_view,/category/shoes,
E0003685,S000939,U0005,2025-12-14T08:56:39Z,page_view,/category/electronics,
E0003688,S000939,U0005,2025-12-14T08:57:23Z,page_view,/category/home,
E0003689,S000939,U0005,2025-12-14T08:57:30Z,page_view,/category/home,
E0003690,S000939,U0005,2025-12-14T08:57:50Z,page_view,/,
E0003686,S000939,U0005,2025-12-14T09:00:23Z,view_item,/product/p0076,P0076
E0003687,S000939,U0005,2025-12-14T09:02:00Z,add_to_cart,/product/p0076,P0076
E0008288,S002103,U0147,2025-12-14T09:13:00Z,page_view,/category/electronics,
E0008289,S002103,U0147,2025-12-14T09:15:02Z,page_view,/cart,
E0008290,S002103,U0147,2025-12-14T09:16:42Z,page_view,/category/home,
E0007288,S001854,U0175,2025-12-14T11:16:56Z,page_view,/category/shoes,
E0007289,S001854,U0175,2025-12-14T11:17:54Z,page_view,/search,
E0007290,S001854,U0175,2025-12-14T11:19:04Z,view_item,/product/p0041,P0041
E0007291,S001854,U0175,2025-12-14T11:32:31Z,page_view,/pricing,
E0007292,S001854,U0175,2025-12-14T11:48:29Z,page_view,/cart,
E0006816,S001730,U0205,2025-12-14T15:06:39Z,page_view,/category/shoes,
E0006817,S001730,U0205,2025-12-14T15:19:18Z,page_view,/cart,
E0006818,S001730,U0205,2025-12-14T15:21:55Z,page_view,/pricing,
E0005555,S001407,U0111,2025-12-14T17:03:50Z,page_view,/search,
E0005556,S001407,U0111,2025-12-14T17:04:10Z,page_view,/search,
E0005559,S001407,U0111,2025-12-14T17:06:02Z,page_view,/category/shoes,
E0005557,S001407,U0111,2025-12-14T17:06:17Z,view_item,/product/p0280,P0280
E0005558,S001407,U0111,2025-12-14T17:32:44Z,page_view,/search,
E0003348,S000855,U0133,2025-12-14T19:32:20Z,page_view,/search,
E0003349,S000855,U0133,2025-12-14T19:34:18Z,view_item,/product/p0342,P0342
E0003350,S000855,U0133,2025-12-14T19:34:40Z,add_to_cart,/product/p0342,P0342
E0003351,S000855,U0133,2025-12-14T19:52:57Z,page_view,/help,
E0009092,S002308,U0029,2025-12-14T21:49:57Z,page_view,/category/shoes,
E0009093,S002308,U0029,2025-12-14T21:50:06Z,page_view,/category/shoes,
E0009094,S002308,U0029,2025-12-14T21:51:45Z,page_view,/search,
E0009095,S002308,U0029,2025-12-14T21:53:26Z,view_item,/product/p0100,P0100
E0004645,S001178,U0184,2025-12-14T23:32:45Z,page_view,/search,
E0004646,S001178,U0184,2025-12-14T23:32:54Z,page_view,/search,
E0004647,S001178,U0184,2025-12-14T23:34:01Z,page_view,/search,
E0004648,S001178,U0184,2025-12-14T23:36:29Z,view_item,/product/p0452,P0452
E0004650,S001178,U0184,2025-12-14T23:38:05Z,page_view,/category/electronics,
E0004649,S001178,U0184,2025-12-14T23:39:04Z,page_view,/cart,
E0005128,S001306,U0108,2025-12-15T02:33:56Z,page_view,/category/electronics,
E0005129,S001306,U0108,2025-12-15T02:34:44Z,view_item,/product/p0098,P0098
E0005130,S001306,U0108,2025-12-15T02:34:46Z,page_view,/category/beauty,
E0002781,S000712,U0061,2025-12-15T05:35:13Z,page_view,/search,
E0002782,S000712,U0061,2025-12-15T05:37:18Z,view_item,/product/p0243,P0243
E0005598,S001417,U0148,2025-12-15T05:37:59Z,page_view,/search,
E0005599,S001417,U0148,2025-12-15T05:39:39Z,page_view,/category/beauty,
E0000755,S000192,U0180,2025-12-15T05:53:21Z,page_view,/search,
E0000756,S000192,U0180,2025-12-15T05:56:32Z,view_item,/product/p0006,P0006
E0000757,S000192,U0180,2025-12-15T05:59:20Z,add_to_cart,/product/p0006,P0006
E0005250,S001336,U0029,2025-12-15T06:45:18Z,page_view,/category/home,
E0005251,S001336,U0029,2025-12-15T06:47:02Z,page_view,/cart,
E0005252,S001336,U0029,2025-12-15T06:50:49Z,page_view,/cart,
E0001758,S000454,U0001,2025-12-15T09:51:59Z,page_view,/category/shoes,
E0001759,S000454,U0001,2025-12-15T09:52:10Z,page_view,/category/shoes,
E0001760,S000454,U0001,2025-12-15T09:53:05Z,page_view,/search,
E0001761,S000454,U0001,2025-12-15T09:54:04Z,view_item,/product/p0240,P0240
E0001762,S000454,U0001,2025-12-15T09:55:20Z,add_to_cart,/product/p0240,P0240
E0001764,S000454,U0001,2025-12-15T09:56:47Z,page_view,/pricing,
E0001763,S000454,U0001,2025-12-15T09:58:46Z,begin_checkout,/checkout,P0240
E0007395,S001878,U0029,2025-12-15T10:54:27Z,page_view,/,
E0007398,S001878,U0029,2025-12-15T10:56:33Z,page_view,/category/home,
E0007397,S001878,U0029,2025-12-15T11:01:16Z,page_view,/help,
E0007396,S001878,U0029,2025-12-15T11:11:26Z,page_view,/category/beauty,
E0002652,S000684,U0061,2025-12-15T11:55:11Z,page_view,/search,
E0002653,S000684,U0061,2025-12-15T11:55:23Z,page_view,/search,
E0006567,S001663,U0005,2025-12-15T12:11:32Z,page_view,/category/shoes,
E0006568,S001663,U0005,2025-12-15T12:11:54Z,page_view,/category/shoes,
E0006569,S001663,U0005,2025-12-15T12:13:01Z,view_item,/product/p0115,P0115
E0006570,S001663,U0005,2025-12-15T12:13:55Z,add_to_cart,/product/p0115,P0115
E0006573,S001663,U0005,2025-12-15T12:14:34Z,page_view,/search,
E0006571,S001663,U0005,2025-12-15T12:16:22Z,begin_checkout,/checkout,P0115
E0006572,S001663,U0005,2025-12-15T12:17:22Z,purchase,/thank-you,P0115
E0000298,S000073,U0190,2025-12-15T15:23:14Z,page_view,/category/shoes,
E0000299,S000073,U0190,2025-12-15T15:23:20Z,page_view,/category/shoes,
E0000300,S000073,U0190,2025-12-15T15:25:02Z,page_view,/search,
E0000302,S000073,U0190,2025-12-15T15:25:20Z,page_view,/help,
E0000301,S000073,U0190,2025-12-15T15:26:26Z,view_item,/product/p0204,P0204
E0000304,S000073,U0190,2025-12-15T15:30:20Z,page_view,/,
E0000303,S000073,U0190,2025-12-15T15:31:43Z,page_view,/category/shoes,
E0006149,S001561,U0170,2025-12-15T16:29:04Z,page_view,/,
E0006150,S001561,U0170,2025-12-15T16:33:34Z,page_view,/cart,
E0003044,S000772,U0068,2025-12-15T19:01:01Z,page_view,/,
E0003045,S000772,U0068,2025-12-15T19:02:20Z,page_view,/search,
E0003046,S000772,U0068,2025-12-15T19:03:26Z,view_item,/product/p0444,P0444
E0005086,S001297,U0222,2025-12-15T22:44:03Z,page_view,/category/home,
E0007874,S002000,U0217,2025-12-16T00:27:54Z,page_view,/category/electronics,
E0007875,S002000,U0217,2025-12-16T00:28:16Z,page_view,/category/electronics,
E0007878,S002000,U0217,2025-12-16T00:29:26Z,page_view,/category/beauty,
E0007876,S002000,U0217,2025-12-16T00:29:29Z,page_view,/search,
E0007877,S002000,U0217,2025-12-16T00:29:44Z,view_item,/product/p0473,P0473
E0007879,S002000,U0217,2025-12-16T00:33:41Z,page_view,/help,
E0007880,S002000,U0217,2025-12-16T00:34:01Z,page_view,/help,
E0006585,S001667,U0177,2025-12-16T01:15:30Z,page_view,/category/home,
E0006586,S001667,U0177,2025-12-16T01:25:31Z,page_view,/category/beauty,
E0004108,S001048,U0200,2025-12-16T02:29:19Z,page_view,/category/electronics,
E0004109,S001048,U0200,2025-12-16T02:31:00Z,view_item,/product/p0269,P0269
E0004110,S001048,U0200,2025-12-16T02:44:26Z,page_view,/category/home,
E0009371,S002381,U0198,2025-12-16T03:46:27Z,page_view,/category/home,
E0005618,S001423,U0190,2025-12-16T03:59:52Z,page_view,/category/home,
E0005619,S001423,U0190,2025-12-16T04:00:38Z,page_view,/search,
E0005620,S001423,U0190,2025-12-16T04:03:36Z,view_item,/product/p0163,P0163
E0003057,S000776,U0109,2025-12-16T04:09:06Z,page_view,/,
E0001988,S000514,U0109,2025-12-16T05:11:53Z,page_view,/category/shoes,
E0001989,S000514,U0109,2025-12-16T05:12:05Z,page_view,/category/shoes,
E0001990,S000514,U0109,2025-12-16T05:14:30Z,view_item,/product/p0295,P0295
E0001993,S000514,U0109,2025-12-16T05:14:38Z,page_view,/help,
E0001992,S000514,U0109,2025-12-16T05:27:19Z,page_view,/pricing,
E0001991,S000514,U0109,2025-12-16T05:32:36Z,page_view,/category/electronics,
E0001044,S000267,U0164,2025-12-16T07:52:49Z,page_view,/category/beauty,
E0001045,S000267,U0164,2025-12-16T07:53:36Z,view_item,/product/p0192,P0192
E0001046,S000267,U0164,2025-12-16T08:00:56Z,page_view,/search,
E0009149,S002324,U0052,2025-12-16T08:12:10Z,page_view,/search,
E0009151,S002324,U0052,2025-12-16T08:12:50Z,view_item,/product/p0035,P0035
E0009150,S002324,U0052,2025-12-16T08:13:43Z,page_view,/search,
E0009155,S002324,U0052,2025-12-16T08:13:44Z,page_view,/category/beauty,
E0009152,S002324,U0052,2025-12-16T08:15:00Z,add_to_cart,/product/p0035,P0035
E0009153,S002324,U0052,2025-12-16T08:15:42Z,begin_checkout,/checkout,P0035
E0009154,S002324,U0052,2025-12-16T08:19:07Z,purchase,/thank-you,P0035
E0001047,S000267,U0164,2025-12-16T08:24:17Z,page_view,/,
E0005309,S001348,U0041,2025-12-16T08:28:48Z,page_view,/category/home,
E0005310,S001348,U0041,2025-12-16T08:29:00Z,page_view,/category/home,
E0006038,S001531,U0188,2025-12-16T08:30:05Z,page_view,/category/home,
E0005311,S001348,U0041,2025-12-16T08:30:46Z,view_item,/product/p0140,P0140
E0006040,S001531,U0188,2025-12-16T08:31:24Z,page_view,/category/shoes,
E0006041,S001531,U0188,2025-12-16T08:31:36Z,page_view,/,
E0006039,S001531,U0188,2025-12-16T08:31:51Z,page_view,/help,
E0005312,S001348,U0041,2025-12-16T08:32:43Z,add_to_cart,/product/p0140,P0140
E0005315,S001348,U0041,2025-12-16T08:33:20Z,page_view,/category/beauty,
E0005314,S001348,U0041,2025-12-16T08:34:46Z,page_view,/,
E0005313,S001348,U0041,2025-12-16T08:48:15Z,page_view,/category/electronics,
E0001488,S000388,U0070,2025-12-16T11:23:42Z,page_view,/category/home,
E0001492,S000388,U0070,2025-12-16T11:24:33Z,page_view,/help,
E0001490,S000388,U0070,2025-12-16T11:25:24Z,view_item,/product/p0105,P0105
E0001489,S000388,U0070,2025-12-16T11:25:34Z,page_view,/search,
E0001491,S000388,U0070,2025-12-16T11:27:56Z,add_to_cart,/product/p0105,P0105
E0001493,S000388,U0070,2025-12-16T11:32:36Z,page_view,/category/shoes,
E0009836,S002504,U0027,2025-12-16T11:54:08Z,page_view,/category/beauty,
E0009837,S002504,U0027,2025-12-16T11:57:17Z,view_item,/product/p0221,P0221
E0010013,S002553,U0150,2025-12-16T11:57:44Z,page_view,/category/beauty,
E0009838,S002504,U0027,2025-12-16T11:57:47Z,add_to_cart,/product/p0221,P0221
E0009839,S002504,U0027,2025-12-16T11:58:49Z,begin_checkout,/checkout,P0221
E0009840,S002504,U0027,2025-12-16T12:02:22Z,purchase,/thank-you,P0221
E0009841,S002504,U0027,2025-12-16T12:07:12Z,page_view,/,
E0010014,S002553,U0150,2025-12-16T12:07:12Z,page_view,/category/home,
E0005240,S001334,U0154,2025-12-16T12:16:05Z,page_view,/category/electronics,
E0005241,S001334,U0154,2025-12-16T12:16:58Z,page_view,/search,
E0005242,S001334,U0154,2025-12-16T12:19:41Z,view_item,/product/p0455,P0455
E0005243,S001334,U0154,2025-12-16T12:24:46Z,page_view,/category/beauty,
E0009286,S002359,U0076,2025-12-16T12:50:23Z,page_view,/search,
E0009287,S002359,U0076,2025-12-16T12:51:23Z,page_view,/search,
E0009288,S002359,U0076,2025-12-16T12:53:40Z,view_item,/product/p0300,P0300
E0009290,S002359,U0076,2025-12-16T12:53:56Z,page_view,/pricing,
E0009289,S002359,U0076,2025-12-16T12:56:20Z,add_to_cart,/product/p0300,P0300
E0009291,S002359,U0076,2025-12-16T13:00:06Z,page_view,/cart,
E0005407,S001371,U0249,2025-12-16T13:10:59Z,page_view,/category/beauty,
E0005409,S001371,U0249,2025-12-16T13:12:38Z,page_view,/search,
E0005408,S001371,U0249,2025-12-16T13:12:45Z,page_view,/,
E0009023,S002291,U0059,2025-12-16T15:34:31Z,page_view,/category/beauty,
E0009024,S002291,U0059,2025-12-16T15:35:25Z,page_view,/search,
E0009025,S002291,U0059,2025-12-16T15:37:14Z,view_item,/product/p0496,P0496
E0009027,S002291,U0059,2025-12-16T15:40:55Z,page_view,/category/beauty,
E0009026,S002291,U0059,2025-12-16T15:42:32Z,page_view,/cart,
E0004125,S001053,U0107,2025-12-16T16:35:06Z,page_view,/category/home,
E0004126,S001053,U0107,2025-12-16T16:36:26Z,view_item,/product/p0187,P0187
E0004127,S001053,U0107,2025-12-16T16:37:22Z,add_to_cart,/product/p0187,P0187
E0005749,S001456,U0044,2025-12-16T17:12:56Z,page_view,/category/shoes,
E0005750,S001456,U0044,2025-12-16T17:13:09Z,page_view,/category/shoes,
E0005751,S001456,U0044,2025-12-16T17:14:49Z,page_view,/search,
E0005752,S001456,U0044,2025-12-16T17:15:12Z,view_item,/product/p0235,P0235
E0005753,S001456,U0044,2025-12-16T17:17:17Z,add_to_cart,/product/p0235,P0235
E0007050,S001790,U0159,2025-12-16T17:27:28Z,page_view,/category/shoes,
E0005755,S001456,U0044,2025-12-16T17:27:46Z,page_view,/category/shoes,
E0004042,S001031,U0130,2025-12-16T17:33:04Z,page_view,/category/shoes,
E0004044,S001031,U0130,2025-12-16T17:34:20Z,page_view,/category/home,
E0004045,S001031,U0130,2025-12-16T17:34:44Z,page_view,/category/electronics,
E0004043,S001031,U0130,2025-12-16T17:35:41Z,view_item,/product/p0498,P0498
E0007051,S001790,U0159,2025-12-16T17:39:31Z,page_view,/help,
E0005754,S001456,U0044,2025-12-16T17:43:34Z,page_view,/category/shoes,
E0009204,S002338,U0102,2025-12-16T18:56:51Z,page_view,/,
E0009206,S002338,U0102,2025-12-16T18:58:53Z,page_view,/category/electronics,
E0009205,S002338,U0102,2025-12-16T18:59:22Z,page_view,/category/electronics,
E0007559,S001921,U0015,2025-12-16T19:32:20Z,page_view,/category/electronics,
E0007560,S001921,U0015,2025-12-16T19:32:28Z,page_view,/category/electronics,
E0007562,S001921,U0015,2025-12-16T19:35:06Z,page_view,/search,
E0007563,S001921,U0015,2025-12-16T19:44:21Z,page_view,/category/electronics,
E0007561,S001921,U0015,2025-12-16T19:55:19Z,page_view,/search,
E0006455,S001633,U0011,2025-12-16T20:28:30Z,page_view,/category/beauty,
E0006456,S001633,U0011,2025-12-16T20:29:50Z,page_view,/search,
E0009588,S002435,U0102,2025-12-17T02:33:52Z,page_view,/category/electronics,
E0009590,S002435,U0102,2025-12-17T02:40:46Z,page_view,/category/home,
E0009589,S002435,U0102,2025-12-17T02:54:27Z,page_view,/pricing,
E0003374,S000861,U0212,2025-12-17T05:00:01Z,page_view,/,
E0003375,S000861,U0212,2025-12-17T05:01:57Z,page_view,/search,
E0003376,S000861,U0212,2025-12-17T05:02:36Z,view_item,/product/p0174,P0174
E0005840,S001481,U0025,2025-12-17T06:05:10Z,page_view,/category/electronics,
E0003907,S000995,U0164,2025-12-17T06:26:41Z,page_view,/category/beauty,
E0003908,S000995,U0164,2025-12-17T06:28:30Z,view_item,/product/p0403,P0403
E0003910,S000995,U0164,2025-12-17T06:28:55Z,page_view,/,
E0003909,S000995,U0164,2025-12-17T06:29:45Z,page_view,/,
E0003911,S000995,U0164,2025-12-17T06:32:57Z,page_view,/,
E0009307,S002363,U0046,2025-12-17T07:04:36Z,page_view,/search,
E0009308,S002363,U0046,2025-12-17T07:05:23Z,view_item,/product/p0237,P0237
E0009309,S002363,U0046,2025-12-17T07:05:32Z,page_view,/pricing,
E0002364,S000608,U0192,2025-12-17T07:33:46Z,page_view,/category/shoes,
E0002366,S000608,U0192,2025-12-17T07:34:41Z,view_item,/product/p0036,P0036
E0002365,S000608,U0192,2025-12-17T07:35:15Z,page_view,/search,
E0002368,S000608,U0192,2025-12-17T07:39:47Z,page_view,/,
E0002369,S000608,U0192,2025-12-17T07:53:12Z,page_view,/category/beauty,
E0002367,S000608,U0192,2025-12-17T07:58:12Z,page_view,/category/home,
E0002693,S000693,U0046,2025-12-17T09:59:08Z,page_view,/category/beauty,
E0002694,S000693,U0046,2025-12-17T09:59:18Z,page_view,/category/beauty,
E0001682,S000436,U0149,2025-12-17T12:24:45Z,page_view,/,
E0001684,S000436,U0149,2025-12-17T12:26:24Z,page_view,/category/electronics,
E0001683,S000436,U0149,2025-12-17T12:28:21Z,view_item,/product/p0409,P0409
E0000702,S000178,U0176,2025-12-17T12:54:19Z,page_view,/,
E0000703,S000178,U0176,2025-12-17T12:55:54Z,page_view,/category/electronics,
E0000704,S000178,U0176,2025-12-17T13:05:12Z,page_view,/search,
E0003342,S000854,U0044,2025-12-17T14:14:46Z,page_view,/category/electronics,
E0003343,S000854,U0044,2025-12-17T14:16:11Z,page_view,/search,
E0003344,S000854,U0044,2025-12-17T14:18:17Z,view_item,/product/p0217,P0217
E0003347,S000854,U0044,2025-12-17T14:39:08Z,page_view,/,
E0003345,S000854,U0044,2025-12-17T14:49:26Z,page_view,/search,
E0003346,S000854,U0044,2025-12-17T14:52:52Z,page_view,/search,
E0005780,S001466,U0012,2025-12-17T16:18:24Z,page_view,/,
E0005782,S001466,U0012,2025-12-17T16:19:22Z,page_view,/help,
E0005781,S001466,U0012,2025-12-17T16:19:37Z,page_view,/search,
E0005783,S001466,U0012,2025-12-17T16:19:59Z,page_view,/cart,
E0004903,S001247,U0162,2025-12-17T17:23:53Z,page_view,/,
E0004904,S001247,U0162,2025-12-17T17:24:25Z,page_view,/search,
E0004906,S001247,U0162,2025-12-17T17:24:48Z,page_view,/cart,
E0004905,S001247,U0162,2025-12-17T17:25:32Z,view_item,/product/p0224,P0224
E0004907,S001247,U0162,2025-12-17T17:57:46Z,page_view,/pricing,
E0010149,S002586,U0164,2025-12-17T18:00:25Z,page_view,/category/home,
E0010150,S002586,U0164,2025-12-17T18:00:42Z,page_view,/category/home,
E0010151,S002586,U0164,2025-12-17T18:01:09Z,page_view,/search,
E0010152,S002586,U0164,2025-12-17T18:03:02Z,view_item,/product/p0411,P0411
E0010153,S002586,U0164,2025-12-17T18:04:30Z,add_to_cart,/product/p0411,P0411
E0010154,S002586,U0164,2025-12-17T18:05:29Z,begin_checkout,/checkout,P0411
E0010156,S002586,U0164,2025-12-17T18:06:39Z,page_view,/help,
E0010155,S002586,U0164,2025-12-17T18:08:14Z,purchase,/thank-you,P0411
E0010157,S002586,U0164,2025-12-17T18:10:21Z,page_view,/category/beauty,
E0010158,S002586,U0164,2025-12-17T18:13:38Z,page_view,/category/shoes,
E0001035,S000265,U0021,2025-12-17T22:05:04Z,page_view,/category/home,
E0001036,S000265,U0021,2025-12-17T22:06:50Z,page_view,/search,
E0001037,S000265,U0021,2025-12-17T22:07:45Z,view_item,/product/p0341,P0341
E0001038,S000265,U0021,2025-12-17T22:30:57Z,page_view,/pricing,
E0002783,S000713,U0081,2025-12-18T00:21:38Z,page_view,/category/beauty,
E0002784,S000713,U0081,2025-12-18T00:29:44Z,page_view,/search,
E0002785,S000713,U0081,2025-12-18T00:36:16Z,page_view,/category/electronics,
E0002786,S000713,U0081,2025-12-18T00:37:06Z,page_view,/,
E0001469,S000383,U0071,2025-12-18T04:58:36Z,page_view,/category/beauty,
E0001470,S000383,U0071,2025-12-18T04:59:00Z,page_view,/category/beauty,
E0001471,S000383,U0071,2025-12-18T05:02:23Z,view_item,/product/p0295,P0295
E0001472,S000383,U0071,2025-12-18T05:16:40Z,page_view,/category/beauty,
E0007757,S001972,U0176,2025-12-18T05:31:44Z,page_view,/,
E0007758,S001972,U0176,2025-12-18T05:35:16Z,view_item,/product/p0477,P0477
E0007761,S001972,U0176,2025-12-18T05:36:20Z,page_view,/category/shoes,
E0007759,S001972,U0176,2025-12-18T05:36:23Z,add_to_cart,/product/p0477,P0477
E0007762,S001972,U0176,2025-12-18T05:38:34Z,page_view,/category/home,
E0007760,S001972,U0176,2025-12-18T05:43:29Z,page_view,/cart,
E0007257,S001847,U0022,2025-12-18T05:59:46Z,page_view,/category/shoes,
E0007258,S001847,U0022,2025-12-18T06:09:39Z,page_view,/,
E0007259,S001847,U0022,2025-12-18T06:22:07Z,page_view,/help,
E0009117,S002316,U0151,2025-12-18T08:27:36Z,page_view,/category/home,
E0009119,S002316,U0151,2025-12-18T08:28:35Z,view_item,/product/p0001,P0001
E0009118,S002316,U0151,2025-12-18T08:28:59Z,page_view,/search,
E0009120,S002316,U0151,2025-12-18T08:30:23Z,page_view,/category/home,
E0009121,S002316,U0151,2025-12-18T08:50:57Z,page_view,/help,
E0009122,S002316,U0151,2025-12-18T08:54:32Z,page_view,/search,
E0003285,S000840,U0113,2025-12-18T09:20:37Z,page_view,/category/beauty,
E0003286,S000840,U0113,2025-12-18T09:24:37Z,view_item,/product/p0282,P0282
E0003287,S000840,U0113,2025-12-18T09:27:18Z,add_to_cart,/product/p0282,P0282
E0003288,S000840,U0113,2025-12-18T09:28:34Z,page_view,/cart,
E0009794,S002491,U0068,2025-12-18T09:51:10Z,page_view,/category/beauty,
E0009795,S002491,U0068,2025-12-18T10:14:36Z,page_view,/,
E0005190,S001323,U0040,2025-12-18T10:36:38Z,page_view,/category/shoes,
E0005191,S001323,U0040,2025-12-18T10:36:47Z,page_view,/category/shoes,
E0005193,S001323,U0040,2025-12-18T10:37:28Z,page_view,/help,
E0005192,S001323,U0040,2025-12-18T10:43:03Z,page_view,/search,
E0002089,S000541,U0240,2025-12-18T10:58:23Z,page_view,/,
E0002090,S000541,U0240,2025-12-18T11:00:07Z,page_view,/search,
E0002094,S000541,U0240,2025-12-18T11:00:07Z,page_view,/,
E0002091,S000541,U0240,2025-12-18T11:01:59Z,view_item,/product/p0393,P0393
E0002095,S000541,U0240,2025-12-18T11:02:06Z,page_view,/,
E0002092,S000541,U0240,2025-12-18T11:04:52Z,add_to_cart,/product/p0393,P0393
E0002093,S000541,U0240,2025-12-18T11:05:47Z,begin_checkout,/checkout,P0393
E0002096,S000541,U0240,2025-12-18T11:08:08Z,page_view,/category/beauty,
E0008914,S002261,U0175,2025-12-18T12:28:07Z,page_view,/search,
E0008915,S002261,U0175,2025-12-18T12:30:01Z,page_view,/category/electronics,
E0008590,S002176,U0125,2025-12-18T13:00:38Z,page_view,/category/beauty,
E0008591,S002176,U0125,2025-12-18T13:01:45Z,page_view,/search,
E0008592,S002176,U0125,2025-12-18T13:02:55Z,view_item,/product/p0489,P0489
E0008593,S002176,U0125,2025-12-18T13:03:13Z,page_view,/category/beauty,
E0008594,S002176,U0125,2025-12-18T13:04:37Z,page_view,/help,
E0008595,S002176,U0125,2025-12-18T13:07:37Z,page_view,/,
E0001802,S000465,U0224,2025-12-18T13:45:50Z,page_view,/,
E0001803,S000465,U0224,2025-12-18T13:45:58Z,page_view,/,
E0001804,S000465,U0224,2025-12-18T13:47:12Z,page_view,/search,
E0001805,S000465,U0224,2025-12-18T13:49:39Z,view_item,/product/p0108,P0108
E0001807,S000465,U0224,2025-12-18T13:49:44Z,page_view,/category/home,
E0001806,S000465,U0224,2025-12-18T13:53:34Z,page_view,/category/electronics,
E0006686,S001698,U0184,2025-12-18T14:10:35Z,page_view,/search,
E0006688,S001698,U0184,2025-12-18T14:11:26Z,page_view,/help,
E0006687,S001698,U0184,2025-12-18T14:42:49Z,page_view,/category/electronics,
E0002272,S000590,U0236,2025-12-18T16:09:19Z,page_view,/category/electronics,
E0002273,S000590,U0236,2025-12-18T16:09:32Z,page_view,/category/electronics,
E0002275,S000590,U0236,2025-12-18T16:34:19Z,page_view,/cart,
E0002274,S000590,U0236,2025-12-18T16:40:39Z,page_view,/category/beauty,
E0009400,S002388,U0013,2025-12-18T17:19:24Z,page_view,/,
E0009401,S002388,U0013,2025-12-18T17:19:33Z,page_view,/,
E0009404,S002388,U0013,2025-12-18T17:20:25Z,page_view,/category/shoes,
E0009402,S002388,U0013,2025-12-18T17:21:17Z,page_view,/search,
E0009403,S002388,U0013,2025-12-18T17:21:36Z,view_item,/product/p0030,P0030
E0005034,S001280,U0082,2025-12-18T18:09:26Z,page_view,/,
E0005036,S001280,U0082,2025-12-18T18:18:17Z,page_view,/category/beauty,
E0005035,S001280,U0082,2025-12-18T18:22:56Z,page_view,/category/electronics,
E0005037,S001280,U0082,2025-12-18T18:26:45Z,page_view,/pricing,
E0006426,S001626,U0124,2025-12-18T18:41:12Z,page_view,/category/home,
E0006427,S001626,U0124,2025-12-18T18:43:45Z,page_view,/help,
E0006428,S001626,U0124,2025-12-18T18:46:09Z,page_view,/category/electronics,
E0006429,S001626,U0124,2025-12-18T18:46:13Z,page_view,/pricing,
E0009502,S002417,U0213,2025-12-18T19:09:25Z,page_view,/category/home,
E0009503,S002417,U0213,2025-12-18T19:09:43Z,page_view,/category/home,
E0009504,S002417,U0213,2025-12-18T19:12:25Z,view_item,/product/p0288,P0288
E0009505,S002417,U0213,2025-12-18T19:23:46Z,page_view,/category/electronics,
E0004738,S001203,U0166,2025-12-18T19:56:58Z,page_view,/category/home,
E0002222,S000575,U0092,2025-12-18T20:23:28Z,page_view,/category/home,
E0002224,S000575,U0092,2025-12-18T20:24:17Z,view_item,/product/p0464,P0464
E0002226,S000575,U0092,2025-12-18T20:24:24Z,page_view,/,
E0002223,S000575,U0092,2025-12-18T20:24:37Z,page_view,/search,
E0002225,S000575,U0092,2025-12-18T20:24:44Z,page_view,/cart,
E0005244,S001335,U0186,2025-12-18T20:25:13Z,page_view,/category/shoes,
E0005245,S001335,U0186,2025-12-18T20:25:24Z,page_view,/category/shoes,
E0005248,S001335,U0186,2025-12-18T20:25:51Z,page_view,/search,
E0005247,S001335,U0186,2025-12-18T20:26:00Z,page_view,/search,
E0005246,S001335,U0186,2025-12-18T20:26:49Z,view_item,/product/p0082,P0082
E0008694,S002202,U0041,2025-12-18T20:29:14Z,page_view,/category/electronics,
E0008695,S002202,U0041,2025-12-18T20:30:19Z,page_view,/search,
E0005249,S001335,U0186,2025-12-18T20:30:44Z,page_view,/category/beauty,
E0008696,S002202,U0041,2025-12-18T20:31:19Z,view_item,/product/p0151,P0151
E0008699,S002202,U0041,2025-12-18T20:45:40Z,page_view,/help,
E0008698,S002202,U0041,2025-12-18T20:49:13Z,page_view,/category/home,
E0008697,S002202,U0041,2025-12-18T21:00:42Z,page_view,/category/beauty,
E0002961,S000752,U0015,2025-12-18T21:13:34Z,page_view,/category/electronics,
E0002962,S000752,U0015,2025-12-18T21:13:39Z,page_view,/category/electronics,
E0002963,S000752,U0015,2025-12-18T21:14:40Z,page_view,/search,
E0002965,S000752,U0015,2025-12-18T21:15:47Z,page_view,/category/shoes,
E0002964,S000752,U0015,2025-12-18T21:15:57Z,view_item,/product/p0245,P0245
E0002966,S000752,U0015,2025-12-18T21:19:13Z,page_view,/cart,
E0001271,S000330,U0123,2025-12-18T21:38:00Z,page_view,/,
E0001272,S000330,U0123,2025-12-18T21:48:38Z,page_view,/category/electronics,
E0006169,S001569,U0096,2025-12-18T22:16:48Z,page_view,/category/home,
E0006170,S001569,U0096,2025-12-18T22:18:40Z,page_view,/search,
E0006171,S001569,U0096,2025-12-18T22:19:37Z,view_item,/product/p0039,P0039
E0009396,S002387,U0176,2025-12-18T22:36:04Z,page_view,/category/electronics,
E0009397,S002387,U0176,2025-12-18T22:38:45Z,view_item,/product/p0414,P0414
E0009399,S002387,U0176,2025-12-18T22:43:49Z,page_view,/,
E0009398,S002387,U0176,2025-12-18T22:52:43Z,page_view,/help,
E0007789,S001982,U0072,2025-12-19T00:14:24Z,page_view,/category/shoes,
E0007790,S001982,U0072,2025-12-19T00:14:31Z,page_view,/category/shoes,
E0007791,S001982,U0072,2025-12-19T00:15:08Z,page_view,/search,
E0007792,S001982,U0072,2025-12-19T00:16:19Z,view_item,/product/p0080,P0080
E0007793,S001982,U0072,2025-12-19T00:16:51Z,add_to_cart,/product/p0080,P0080
E0007794,S001982,U0072,2025-12-19T00:18:48Z,begin_checkout,/checkout,P0080
E0007795,S001982,U0072,2025-12-19T00:21:52Z,purchase,/thank-you,P0080
E0007797,S001982,U0072,2025-12-19T00:28:17Z,page_view,/category/shoes,
E0007796,S001982,U0072,2025-12-19T00:39:40Z,page_view,/,
E0000442,S000110,U0124,2025-12-19T02:26:43Z,page_view,/category/beauty,
E0000443,S000110,U0124,2025-12-19T02:27:27Z,page_view,/search,
E0000444,S000110,U0124,2025-12-19T02:28:00Z,view_item,/product/p0206,P0206
E0000445,S000110,U0124,2025-12-19T02:33:30Z,page_view,/category/shoes,
E0000533,S000136,U0034,2025-12-19T02:38:14Z,page_view,/category/beauty,
E0000292,S000072,U0063,2025-12-19T05:31:39Z,page_view,/,
E0000293,S000072,U0063,2025-12-19T05:31:47Z,page_view,/,
E0000294,S000072,U0063,2025-12-19T05:32:05Z,page_view,/search,
E0000295,S000072,U0063,2025-12-19T05:32:49Z,view_item,/product/p0243,P0243
E0000297,S000072,U0063,2025-12-19T05:47:01Z,page_view,/cart,
E0000296,S000072,U0063,2025-12-19T05:52:28Z,page_view,/category/home,
E0000380,S000095,U0103,2025-12-19T06:12:09Z,page_view,/,
E0000381,S000095,U0103,2025-12-19T06:12:34Z,page_view,/,
E0000382,S000095,U0103,2025-12-19T06:12:40Z,page_view,/search,
E0000383,S000095,U0103,2025-12-19T06:13:31Z,view_item,/product/p0374,P0374
E0003247,S000826,U0040,2025-12-19T07:58:53Z,page_view,/,
E0003248,S000826,U0040,2025-12-19T07:59:04Z,page_view,/,
E0003250,S000826,U0040,2025-12-19T08:02:13Z,page_view,/pricing,
E0007902,S002006,U0214,2025-12-19T08:04:38Z,page_view,/,
E0007903,S002006,U0214,2025-12-19T08:05:18Z,view_item,/product/p0085,P0085
E0003249,S000826,U0040,2025-12-19T08:19:17Z,page_view,/pricing,
E0004162,S001064,U0060,2025-12-19T09:34:23Z,page_view,/,
E0004163,S001064,U0060,2025-12-19T09:34:29Z,page_view,/,
E0004164,S001064,U0060,2025-12-19T09:36:09Z,page_view,/search,
E0004165,S001064,U0060,2025-12-19T09:37:42Z,view_item,/product/p0202,P0202
E0004166,S001064,U0060,2025-12-19T09:39:09Z,add_to_cart,/product/p0202,P0202
E0001674,S000433,U0173,2025-12-19T13:42:19Z,page_view,/category/beauty,
E0001675,S000433,U0173,2025-12-19T13:42:58Z,page_view,/search,
E0001676,S000433,U0173,2025-12-19T13:44:10Z,view_item,/product/p0159,P0159
E0007783,S001979,U0117,2025-12-19T15:04:34Z,page_view,/,
E0007784,S001979,U0117,2025-12-19T15:04:45Z,page_view,/,
E0008651,S002192,U0042,2025-12-19T17:14:41Z,page_view,/category/electronics,
E0008653,S002192,U0042,2025-12-19T17:16:07Z,page_view,/,
E0008652,S002192,U0042,2025-12-19T17:19:47Z,page_view,/,
E0008654,S002192,U0042,2025-12-19T17:22:57Z,page_view,/,
E0002673,S000689,U0133,2025-12-19T17:46:31Z,page_view,/category/shoes,
E0002674,S000689,U0133,2025-12-19T17:49:49Z,view_item,/product/p0119,P0119
E0002676,S000689,U0133,2025-12-19T17:52:14Z,page_view,/category/shoes,
E0002675,S000689,U0133,2025-12-19T17:52:46Z,add_to_cart,/product/p0119,P0119
E0008774,S002224,U0005,2025-12-19T19:30:38Z,page_view,/,
E0008775,S002224,U0005,2025-12-19T19:59:37Z,page_view,/help,
E0006587,S001668,U0009,2025-12-19T20:24:39Z,page_view,/category/electronics,
E0006588,S001668,U0009,2025-12-19T20:25:28Z,page_view,/search,
E0006589,S001668,U0009,2025-12-19T20:26:50Z,view_item,/product/p0319,P0319
E0007518,S001911,U0084,2025-12-19T21:18:15Z,page_view,/category/electronics,
E0007519,S001911,U0084,2025-12-19T21:19:48Z,page_view,/search,
E0007520,S001911,U0084,2025-12-19T21:21:28Z,view_item,/product/p0278,P0278
E0007521,S001911,U0084,2025-12-19T21:22:44Z,add_to_cart,/product/p0278,P0278
E0007524,S001911,U0084,2025-12-19T21:22:47Z,page_view,/category/electronics,
E0007522,S001911,U0084,2025-12-19T21:23:52Z,begin_checkout,/checkout,P0278
E0007523,S001911,U0084,2025-12-19T21:24:13Z,page_view,/help,
E0007735,S001966,U0126,2025-12-19T21:57:37Z,page_view,/,
E0007738,S001966,U0126,2025-12-19T21:59:23Z,page_view,/category/home,
E0007737,S001966,U0126,2025-12-19T22:08:22Z,page_view,/category/home,
E0007736,S001966,U0126,2025-12-19T22:35:41Z,page_view,/search,
E0005270,S001340,U0037,2025-12-19T23:08:27Z,page_view,/category/electronics,
E0005271,S001340,U0037,2025-12-19T23:09:33Z,page_view,/cart,
E0005272,S001340,U0037,2025-12-19T23:17:51Z,page_view,/,
E0000563,S000143,U0237,2025-12-19T23:33:02Z,page_view,/category/electronics,
E0000564,S000143,U0237,2025-12-19T23:33:19Z,page_view,/category/electronics,
E0000565,S000143,U0237,2025-12-19T23:35:48Z,view_item,/product/p0255,P0255
E0000566,S000143,U0237,2025-12-19T23:40:05Z,page_view,/search,
E0003853,S000984,U0042,2025-12-20T01:09:46Z,page_view,/category/electronics,
E0003854,S000984,U0042,2025-12-20T01:13:43Z,view_item,/product/p0306,P0306
E0003855,S000984,U0042,2025-12-20T01:17:43Z,page_view,/category/beauty,
E0003857,S000984,U0042,2025-12-20T01:21:22Z,page_view,/help,
E0003856,S000984,U0042,2025-12-20T01:25:01Z,page_view,/pricing,
E0002945,S000748,U0250,2025-12-20T02:13:46Z,page_view,/category/beauty,
E0002946,S000748,U0250,2025-12-20T02:14:10Z,page_view,/category/beauty,
E0002948,S000748,U0250,2025-12-20T02:15:25Z,page_view,/category/beauty,
E0002947,S000748,U0250,2025-12-20T02:15:35Z,page_view,/category/home,
E0004859,S001238,U0249,2025-12-20T03:07:27Z,page_view,/,
E0004861,S001238,U0249,2025-12-20T03:11:44Z,page_view,/pricing,
E0002629,S000679,U0021,2025-12-20T03:15:19Z,page_view,/category/home,
E0002630,S000679,U0021,2025-12-20T03:15:31Z,page_view,/category/home,
E0002631,S000679,U0021,2025-12-20T03:16:55Z,view_item,/product/p0085,P0085
E0002637,S000679,U0021,2025-12-20T03:16:58Z,page_view,/cart,
E0004860,S001238,U0249,2025-12-20T03:17:03Z,page_view,/search,
E0002632,S000679,U0021,2025-12-20T03:17:05Z,add_to_cart,/product/p0085,P0085
E0002635,S000679,U0021,2025-12-20T03:17:56Z,page_view,/category/electronics,
E0002636,S000679,U0021,2025-12-20T03:18:05Z,page_view,/,
E0002633,S000679,U0021,2025-12-20T03:18:38Z,begin_checkout,/checkout,P0085
E0002634,S000679,U0021,2025-12-20T03:20:36Z,purchase,/thank-you,P0085
E0004862,S001238,U0249,2025-12-20T03:27:00Z,page_view,/category/electronics,
E0009333,S002370,U0142,2025-12-20T03:36:23Z,page_view,/category/shoes,
E0009334,S002370,U0142,2025-12-20T03:37:54Z,page_view,/search,
E0009335,S002370,U0142,2025-12-20T03:39:20Z,view_item,/product/p0213,P0213
E0007626,S001937,U0174,2025-12-20T06:20:26Z,page_view,/category/beauty,
E0007627,S001937,U0174,2025-12-20T06:22:56Z,view_item,/product/p0443,P0443
E0009643,S002450,U0048,2025-12-20T09:28:14Z,page_view,/search,
E0001282,S000333,U0053,2025-12-20T10:19:23Z,page_view,/,
E0001283,S000333,U0053,2025-12-20T10:23:23Z,view_item,/product/p0138,P0138
E0001284,S000333,U0053,2025-12-20T10:28:54Z,page_view,/pricing,
E0001285,S000333,U0053,2025-12-20T10:43:01Z,page_view,/pricing,
E0005729,S001451,U0102,2025-12-20T13:01:35Z,page_view,/,
E0005730,S001451,U0102,2025-12-20T13:01:51Z,page_view,/,
E0005731,S001451,U0102,2025-12-20T13:04:39Z,page_view,/help,
E0005732,S001451,U0102,2025-12-20T13:09:27Z,page_view,/search,
E0005733,S001451,U0102,2025-12-20T13:11:51Z,page_view,/pricing,
E0005290,S001344,U0128,2025-12-20T13:48:31Z,page_view,/category/electronics,
E0005291,S001344,U0128,2025-12-20T13:52:24Z,page_view,/category/home,
E0007683,S001950,U0093,2025-12-20T14:16:00Z,page_view,/category/shoes,
E0007685,S001950,U0093,2025-12-20T14:17:02Z,view_item,/product/p0190,P0190
E0007684,S001950,U0093,2025-12-20T14:17:13Z,page_view,/search,
E0006594,S001670,U0020,2025-12-20T14:57:03Z,page_view,/category/beauty,
E0006595,S001670,U0020,2025-12-20T14:59:56Z,page_view,/search,
E0006596,S001670,U0020,2025-12-20T15:02:11Z,page_view,/category/shoes,
E0006494,S001646,U0054,2025-12-20T15:03:05Z,page_view,/,
E0006496,S001646,U0054,2025-12-20T15:04:17Z,view_item,/product/p0197,P0197
E0006495,S001646,U0054,2025-12-20T15:05:01Z,page_view,/search,
E0001612,S000417,U0205,2025-12-20T15:20:53Z,page_view,/category/home,
E0001613,S000417,U0205,2025-12-20T15:21:41Z,page_view,/search,
E0001614,S000417,U0205,2025-12-20T15:22:08Z,view_item,/product/p0326,P0326
E0002530,S000649,U0043,2025-12-20T15:57:07Z,page_view,/category/beauty,
E0000988,S000254,U0135,2025-12-20T18:45:56Z,page_view,/category/electronics,
E0000989,S000254,U0135,2025-12-20T19:20:18Z,page_view,/,
E0002377,S000611,U0050,2025-12-20T20:39:49Z,page_view,/,
E0002378,S000611,U0050,2025-12-20T20:40:47Z,page_view,/help,
E0001430,S000375,U0083,2025-12-20T20:45:08Z,page_view,/,
E0002380,S000611,U0050,2025-12-20T20:45:24Z,page_view,/pricing,
E0001431,S000375,U0083,2025-12-20T20:46:10Z,view_item,/product/p0291,P0291
E0001432,S000375,U0083,2025-12-20T20:48:55Z,page_view,/category/beauty,
E0001434,S000375,U0083,2025-12-20T20:49:00Z,page_view,/,
E0002379,S000611,U0050,2025-12-20T20:49:10Z,page_view,/,
E0001433,S000375,U0083,2025-12-20T20:49:53Z,page_view,/cart,
E0008927,S002264,U0165,2025-12-20T21:31:32Z,page_view,/,
E0008928,S002264,U0165,2025-12-20T21:33:20Z,page_view,/search,
E0008929,S002264,U0165,2025-12-20T21:35:28Z,view_item,/product/p0360,P0360
E0008930,S002264,U0165,2025-12-20T21:37:11Z,add_to_cart,/product/p0360,P0360
E0008931,S002264,U0165,2025-12-20T21:38:12Z,begin_checkout,/checkout,P0360
E0008932,S002264,U0165,2025-12-20T21:40:56Z,purchase,/thank-you,P0360
E0008934,S002264,U0165,2025-12-20T21:43:20Z,page_view,/pricing,
E0008933,S002264,U0165,2025-12-20T21:47:30Z,page_view,/pricing,
E0008935,S002264,U0165,2025-12-20T21:47:34Z,page_view,/category/beauty,
E0006732,S001709,U0009,2025-12-20T22:28:54Z,page_view,/category/home,
E0006733,S001709,U0009,2025-12-20T22:29:51Z,page_view,/search,
E0006734,S001709,U0009,2025-12-20T22:32:21Z,view_item,/product/p0340,P0340
E0005943,S001509,U0176,2025-12-20T23:17:41Z,page_view,/search,
E0005944,S001509,U0176,2025-12-20T23:17:47Z,page_view,/search,
E0005946,S001509,U0176,2025-12-20T23:20:32Z,page_view,/cart,
E0005945,S001509,U0176,2025-12-20T23:25:09Z,page_view,/search,
E0003561,S000907,U0049,2025-12-21T01:25:52Z,page_view,/category/home,
E0003562,S000907,U0049,2025-12-21T01:26:07Z,page_view,/category/home,
E0003563,S000907,U0049,2025-12-21T01:28:57Z,view_item,/product/p0080,P0080
E0003564,S000907,U0049,2025-12-21T01:54:36Z,page_view,/category/home,
E0003768,S000962,U0063,2025-12-21T03:49:05Z,page_view,/category/beauty,
E0003769,S000962,U0063,2025-12-21T03:49:18Z,page_view,/category/beauty,
E0003772,S000962,U0063,2025-12-21T03:52:18Z,page_view,/category/home,
E0006368,S001611,U0238,2025-12-21T03:58:12Z,page_view,/category/beauty,
E0003771,S000962,U0063,2025-12-21T03:58:20Z,page_view,/category/electronics,
E0006369,S001611,U0238,2025-12-21T03:58:34Z,page_view,/search,
E0003770,S000962,U0063,2025-12-21T03:59:17Z,page_view,/category/home,
E0006370,S001611,U0238,2025-12-21T03:59:31Z,view_item,/product/p0211,P0211
E0006372,S001611,U0238,2025-12-21T04:04:25Z,page_view,/category/shoes,
E0006373,S001611,U0238,2025-12-21T04:09:19Z,page_view,/category/beauty,
E0006371,S001611,U0238,2025-12-21T04:26:13Z,page_view,/category/electronics,
E0003932,S001002,U0183,2025-12-21T05:18:52Z,page_view,/,
E0003933,S001002,U0183,2025-12-21T05:19:21Z,page_view,/search,
E0003934,S001002,U0183,2025-12-21T05:21:33Z,view_item,/product/p0351,P0351
E0009915,S002526,U0074,2025-12-21T11:27:11Z,page_view,/category/shoes,
E0009916,S002526,U0074,2025-12-21T11:27:17Z,page_view,/category/shoes,
E0007031,S001785,U0160,2025-12-21T13:57:22Z,page_view,/category/home,
E0007032,S001785,U0160,2025-12-21T14:00:05Z,view_item,/product/p0464,P0464
E0006910,S001753,U0216,2025-12-21T14:10:05Z,page_view,/category/home,
E0006913,S001753,U0216,2025-12-21T14:14:29Z,page_view,/category/electronics,
E0006911,S001753,U0216,2025-12-21T14:17:25Z,page_view,/category/beauty,
E0006912,S001753,U0216,2025-12-21T14:21:23Z,page_view,/cart,
E0000827,S000211,U0128,2025-12-21T17:51:04Z,page_view,/category/beauty,
E0000828,S000211,U0128,2025-12-21T17:56:40Z,page_view,/help,
E0002871,S000731,U0216,2025-12-21T19:40:35Z,page_view,/category/shoes,
E0002872,S000731,U0216,2025-12-21T19:40:57Z,page_view,/category/shoes,
E0002873,S000731,U0216,2025-12-21T19:42:02Z,page_view,/category/shoes,
E0002874,S000731,U0216,2025-12-21T19:58:36Z,page_view,/,
E0002875,S000731,U0216,2025-12-21T20:06:29Z,page_view,/search,
E0001145,S000295,U0030,2025-12-21T22:55:54Z,page_view,/category/electronics,
E0009708,S002470,U0070,2025-12-21T23:52:57Z,page_view,/,
E0009710,S002470,U0070,2025-12-21T23:54:14Z,page_view,/cart,
E0009709,S002470,U0070,2025-12-21T23:57:23Z,page_view,/search,
E0009711,S002470,U0070,2025-12-22T00:30:51Z,page_view,/pricing,
E0006269,S001591,U0103,2025-12-22T01:38:46Z,page_view,/category/home,
E0006270,S001591,U0103,2025-12-22T01:40:17Z,view_item,/product/p0411,P0411
E0006272,S001591,U0103,2025-12-22T01:40:31Z,page_view,/cart,
E0006271,S001591,U0103,2025-12-22T01:42:11Z,add_to_cart,/product/p0411,P0411
E0006274,S001591,U0103,2025-12-22T01:55:17Z,page_view,/category/electronics,
E0006273,S001591,U0103,2025-12-22T02:14:21Z,page_view,/help,
E0008982,S002280,U0201,2025-12-22T02:15:02Z,page_view,/,
E0008983,S002280,U0201,2025-12-22T02:15:27Z,page_view,/,
E0008984,S002280,U0201,2025-12-22T02:16:07Z,page_view,/search,
E0008985,S002280,U0201,2025-12-22T02:18:07Z,view_item,/product/p0394,P0394
E0008986,S002280,U0201,2025-12-22T02:19:57Z,add_to_cart,/product/p0394,P0394
E0008987,S002280,U0201,2025-12-22T02:23:36Z,begin_checkout,/checkout,P0394
E0008988,S002280,U0201,2025-12-22T02:38:49Z,page_view,/,
E0001947,S000503,U0134,2025-12-22T04:36:08Z,page_view,/search,
E0001948,S000503,U0134,2025-12-22T04:36:24Z,page_view,/search,
E0001949,S000503,U0134,2025-12-22T04:42:12Z,page_view,/category/shoes,
E0006634,S001682,U0003,2025-12-22T04:44:40Z,page_view,/category/electronics,
E0006635,S001682,U0003,2025-12-22T04:44:51Z,page_view,/category/electronics,
E0006637,S001682,U0003,2025-12-22T04:52:18Z,page_view,/search,
E0006636,S001682,U0003,2025-12-22T04:53:04Z,page_view,/help,
E0005774,S001464,U0241,2025-12-22T05:09:32Z,page_view,/,
E0005775,S001464,U0241,2025-12-22T05:09:54Z,page_view,/,
E0001111,S000287,U0012,2025-12-22T05:26:03Z,page_view,/category/home,
E0001112,S000287,U0012,2025-12-22T05:26:23Z,page_view,/category/home,
E0001116,S000287,U0012,2025-12-22T05:27:58Z,page_view,/category/shoes,
E0001113,S000287,U0012,2025-12-22T05:28:56Z,view_item,/product/p0105,P0105
E0001114,S000287,U0012,2025-12-22T05:31:27Z,add_to_cart,/product/p0105,P0105
E0001115,S000287,U0012,2025-12-22T05:33:17Z,begin_checkout,/checkout,P0105
E0005776,S001464,U0241,2025-12-22T05:35:17Z,page_view,/search,
E0003783,S000967,U0225,2025-12-22T06:01:02Z,page_view,/category/electronics,
E0003784,S000967,U0225,2025-12-22T06:01:25Z,page_view,/category/electronics,
E0003785,S000967,U0225,2025-12-22T06:08:06Z,page_view,/pricing,
E0003786,S000967,U0225,2025-12-22T06:11:53Z,page_view,/,
E0002462,S000632,U0029,2025-12-22T06:23:01Z,page_view,/category/electronics,
E0002463,S000632,U0029,2025-12-22T06:23:10Z,page_view,/category/electronics,
E0003787,S000967,U0225,2025-12-22T06:23:44Z,page_view,/,
E0002464,S000632,U0029,2025-12-22T06:43:14Z,page_view,/search,
E0008954,S002271,U0111,2025-12-22T07:48:52Z,page_view,/search,
E0008955,S002271,U0111,2025-12-22T07:49:33Z,page_view,/search,
E0001774,S000459,U0144,2025-12-22T09:59:19Z,page_view,/,
E0001780,S000459,U0144,2025-12-22T10:00:00Z,page_view,/pricing,
E0001775,S000459,U0144,2025-12-22T10:03:08Z,view_item,/product/p0456,P0456
E0001779,S000459,U0144,2025-12-22T10:03:31Z,page_view,/help,
E0001778,S000459,U0144,2025-12-22T10:04:20Z,page_view,/search,
E0001776,S000459,U0144,2025-12-22T10:04:42Z,add_to_cart,/product/p0456,P0456
E0001777,S000459,U0144,2025-12-22T10:07:42Z,begin_checkout,/checkout,P0456
E0001069,S000274,U0177,2025-12-22T10:16:43Z,page_view,/category/electronics,
E0001070,S000274,U0177,2025-12-22T10:19:31Z,view_item,/product/p0266,P0266
E0002928,S000743,U0238,2025-12-22T10:25:44Z,page_view,/category/beauty,
E0004766,S001209,U0157,2025-12-22T13:16:39Z,page_view,/search,
E0004767,S001209,U0157,2025-12-22T13:18:09Z,view_item,/product/p0083,P0083
E0004771,S001209,U0157,2025-12-22T13:18:51Z,page_view,/help,
E0004768,S001209,U0157,2025-12-22T13:20:39Z,add_to_cart,/product/p0083,P0083
E0004769,S001209,U0157,2025-12-22T13:21:50Z,begin_checkout,/checkout,P0083
E0004772,S001209,U0157,2025-12-22T13:28:54Z,page_view,/search,
E0004770,S001209,U0157,2025-12-22T13:45:24Z,page_view,/help,
E0000338,S000083,U0015,2025-12-22T13:49:10Z,page_view,/,
E0000339,S000083,U0015,2025-12-22T13:52:21Z,page_view,/category/beauty,
E0006486,S001643,U0148,2025-12-22T14:42:07Z,page_view,/,
E0006487,S001643,U0148,2025-12-22T14:42:27Z,page_view,/,
E0002584,S000665,U0132,2025-12-22T15:25:51Z,page_view,/category/beauty,
E0002585,S000665,U0132,2025-12-22T15:38:32Z,page_view,/cart,
E0006068,S001539,U0183,2025-12-22T18:13:34Z,page_view,/,
E0006069,S001539,U0183,2025-12-22T18:39:40Z,page_view,/category/home,
E0006071,S001539,U0183,2025-12-22T18:46:15Z,page_view,/category/home,
E0006070,S001539,U0183,2025-12-22T18:53:09Z,page_view,/category/home,
E0001204,S000312,U0076,2025-12-22T22:39:56Z,page_view,/category/electronics,
E0001205,S000312,U0076,2025-12-22T22:40:06Z,page_view,/category/electronics,
E0001206,S000312,U0076,2025-12-22T22:43:38Z,view_item,/product/p0135,P0135
E0001241,S000321,U0250,2025-12-22T22:46:57Z,page_view,/category/beauty,
E0001244,S000321,U0250,2025-12-22T22:47:37Z,page_view,/category/home,
E0001242,S000321,U0250,2025-12-22T22:48:20Z,view_item,/product/p0430,P0430
E0001243,S000321,U0250,2025-12-22T22:48:40Z,add_to_cart,/product/p0430,P0430
E0009325,S002368,U0031,2025-12-22T23:56:44Z,page_view,/category/beauty,
E0009326,S002368,U0031,2025-12-22T23:57:06Z,page_view,/category/beauty,
E0009327,S002368,U0031,2025-12-22T23:57:29Z,view_item,/product/p0474,P0474
E0009328,S002368,U0031,2025-12-23T00:14:40Z,page_view,/category/beauty,
E0002546,S000654,U0249,2025-12-23T00:30:17Z,page_view,/category/beauty,
E0002547,S000654,U0249,2025-12-23T00:32:06Z,page_view,/search,
E0002548,S000654,U0249,2025-12-23T00:32:37Z,view_item,/product/p0154,P0154
E0002549,S000654,U0249,2025-12-23T00:33:02Z,add_to_cart,/product/p0154,P0154
E0002550,S000654,U0249,2025-12-23T00:33:20Z,begin_checkout,/checkout,P0154
E0002551,S000654,U0249,2025-12-23T00:35:55Z,purchase,/thank-you,P0154
E0004186,S001069,U0240,2025-12-23T01:00:06Z,page_view,/category/beauty,
E0004187,S001069,U0240,2025-12-23T01:02:21Z,view_item,/product/p0358,P0358
E0003462,S000883,U0010,2025-12-23T02:23:01Z,page_view,/search,
E0003463,S000883,U0010,2025-12-23T02:25:46Z,view_item,/product/p0014,P0014
E0004067,S001038,U0026,2025-12-23T02:39:14Z,page_view,/,
E0004068,S001038,U0026,2025-12-23T02:39:24Z,page_view,/,
E0004069,S001038,U0026,2025-12-23T02:40:34Z,page_view,/search,
E0004070,S001038,U0026,2025-12-23T02:40:39Z,view_item,/product/p0070,P0070
E0003466,S000883,U0010,2025-12-23T02:42:57Z,page_view,/category/electronics,
E0003465,S000883,U0010,2025-12-23T02:52:54Z,page_view,/category/home,
E0003464,S000883,U0010,2025-12-23T02:56:17Z,page_view,/,
E0004071,S001038,U0026,2025-12-23T03:04:37Z,page_view,/search,
E0004072,S001038,U0026,2025-12-23T03:06:53Z,page_view,/category/beauty,
E0002513,S000644,U0053,2025-12-23T03:55:07Z,page_view,/category/electronics,
E0002515,S000644,U0053,2025-12-23T03:56:19Z,view_item,/product/p0211,P0211
E0002514,S000644,U0053,2025-12-23T03:56:54Z,page_view,/search,
E0000990,S000255,U0196,2025-12-23T04:14:59Z,page_view,/category/shoes,
E0000991,S000255,U0196,2025-12-23T04:15:08Z,page_view,/category/shoes,
E0000992,S000255,U0196,2025-12-23T04:15:40Z,view_item,/product/p0160,P0160
E0000993,S000255,U0196,2025-12-23T04:17:44Z,page_view,/category/beauty,
E0005627,S001426,U0226,2025-12-23T04:40:44Z,page_view,/category/beauty,
E0005628,S001426,U0226,2025-12-23T04:47:06Z,page_view,/category/electronics,
E0005629,S001426,U0226,2025-12-23T04:50:49Z,page_view,/search,
E0008874,S002249,U0008,2025-12-23T05:24:51Z,page_view,/category/beauty,
E0008875,S002249,U0008,2025-12-23T05:28:47Z,page_view,/cart,
E0008876,S002249,U0008,2025-12-23T05:33:12Z,page_view,/help,
E0010159,S002587,U0202,2025-12-23T09:50:37Z,page_view,/category/shoes,
E0010160,S002587,U0202,2025-12-23T09:53:55Z,view_item,/product/p0469,P0469
E0010161,S002587,U0202,2025-12-23T09:56:10Z,add_to_cart,/product/p0469,P0469
E0010162,S002587,U0202,2025-12-23T09:56:55Z,begin_checkout,/checkout,P0469
E0010163,S002587,U0202,2025-12-23T09:59:53Z,purchase,/thank-you,P0469
E0005330,S001353,U0153,2025-12-23T10:42:26Z,page_view,/,
E0005332,S001353,U0153,2025-12-23T10:43:10Z,view_item,/product/p0208,P0208
E0005331,S001353,U0153,2025-12-23T10:44:25Z,page_view,/search,
E0007838,S001992,U0082,2025-12-23T12:04:54Z,page_view,/category/electronics,
E0007839,S001992,U0082,2025-12-23T12:05:07Z,page_view,/category/electronics,
E0007841,S001992,U0082,2025-12-23T12:06:04Z,page_view,/category/electronics,
E0007842,S001992,U0082,2025-12-23T12:06:20Z,page_view,/category/home,
E0007840,S001992,U0082,2025-12-23T12:07:22Z,page_view,/category/home,
E0003873,S000987,U0015,2025-12-23T12:43:56Z,page_view,/,
E0003874,S000987,U0015,2025-12-23T12:44:06Z,page_view,/,
E0003875,S000987,U0015,2025-12-23T12:45:56Z,view_item,/product/p0405,P0405
E0003876,S000987,U0015,2025-12-23T12:46:46Z,page_view,/help,
E0003877,S000987,U0015,2025-12-23T12:47:54Z,page_view,/category/beauty,
E0003142,S000799,U0059,2025-12-23T13:00:23Z,page_view,/category/home,
E0003144,S000799,U0059,2025-12-23T13:02:12Z,page_view,/cart,
E0003143,S000799,U0059,2025-12-23T13:03:25Z,view_item,/product/p0309,P0309
E0003145,S000799,U0059,2025-12-23T13:36:56Z,page_view,/category/electronics,
E0003618,S000922,U0001,2025-12-23T14:13:25Z,page_view,/category/home,
E0006344,S001605,U0190,2025-12-23T14:24:20Z,page_view,/,
E0006347,S001605,U0190,2025-12-23T14:29:35Z,page_view,/category/electronics,
E0006345,S001605,U0190,2025-12-23T14:30:14Z,page_view,/pricing,
E0006560,S001661,U0006,2025-12-23T14:31:53Z,page_view,/category/shoes,
E0006346,S001605,U0190,2025-12-23T14:33:04Z,page_view,/help,
E0006561,S001661,U0006,2025-12-23T14:33:05Z,view_item,/product/p0379,P0379
E0006562,S001661,U0006,2025-12-23T14:33:49Z,add_to_cart,/product/p0379,P0379
E0006563,S001661,U0006,2025-12-23T14:34:12Z,begin_checkout,/checkout,P0379
E0006564,S001661,U0006,2025-12-23T14:37:36Z,page_view,/help,
E0003916,S000998,U0185,2025-12-23T15:58:13Z,page_view,/category/electronics,
E0003917,S000998,U0185,2025-12-23T15:59:37Z,view_item,/product/p0136,P0136
E0009966,S002540,U0196,2025-12-23T19:55:35Z,page_view,/category/shoes,
E0009967,S002540,U0196,2025-12-23T19:58:55Z,page_view,/category/beauty,
E0009968,S002540,U0196,2025-12-23T20:02:09Z,page_view,/cart,
E0003998,S001020,U0180,2025-12-23T20:17:47Z,page_view,/category/electronics,
E0003999,S001020,U0180,2025-12-23T20:18:02Z,page_view,/category/electronics,
E0007182,S001826,U0060,2025-12-23T22:01:36Z,page_view,/category/electronics,
E0007183,S001826,U0060,2025-12-23T22:06:59Z,page_view,/help,
E0003302,S000844,U0179,2025-12-24T00:13:34Z,page_view,/search,
E0003303,S000844,U0179,2025-12-24T00:13:54Z,page_view,/search,
E0007691,S001952,U0172,2025-12-24T00:48:05Z,page_view,/category/beauty,
E0007694,S001952,U0172,2025-12-24T00:53:19Z,page_view,/cart,
E0007693,S001952,U0172,2025-12-24T00:57:15Z,page_view,/cart,
E0007692,S001952,U0172,2025-12-24T01:02:41Z,page_view,/category/beauty,
E0006324,S001602,U0242,2025-12-24T02:13:15Z,page_view,/category/electronics,
E0006325,S001602,U0242,2025-12-24T02:15:09Z,page_view,/search,
E0009796,S002492,U0021,2025-12-24T02:16:15Z,page_view,/category/shoes,
E0006326,S001602,U0242,2025-12-24T02:16:39Z,view_item,/product/p0457,P0457
E0009797,S002492,U0021,2025-12-24T02:20:01Z,page_view,/category/shoes,
E0009798,S002492,U0021,2025-12-24T02:33:25Z,page_view,/category/electronics,
E0006328,S001602,U0242,2025-12-24T02:35:20Z,page_view,/category/home,
E0006327,S001602,U0242,2025-12-24T02:38:32Z,page_view,/pricing,
E0006329,S001602,U0242,2025-12-24T02:39:54Z,page_view,/cart,
E0008156,S002075,U0127,2025-12-24T03:54:28Z,page_view,/category/beauty,
E0008157,S002075,U0127,2025-12-24T03:54:53Z,page_view,/category/beauty,
E0008159,S002075,U0127,2025-12-24T03:55:37Z,view_item,/product/p0153,P0153
E0008158,S002075,U0127,2025-12-24T03:56:12Z,page_view,/search,
E0008160,S002075,U0127,2025-12-24T03:58:37Z,page_view,/category/shoes,
E0008162,S002075,U0127,2025-12-24T03:59:43Z,page_view,/help,
E0008161,S002075,U0127,2025-12-24T04:03:25Z,page_view,/help,
E0000815,S000207,U0247,2025-12-24T04:19:13Z,page_view,/search,
E0000816,S000207,U0247,2025-12-24T04:35:58Z,page_view,/cart,
E0008793,S002231,U0151,2025-12-24T06:51:42Z,page_view,/search,
E0008794,S002231,U0151,2025-12-24T06:51:55Z,page_view,/search,
E0008795,S002231,U0151,2025-12-24T06:55:36Z,view_item,/product/p0351,P0351
E0008797,S002231,U0151,2025-12-24T07:07:22Z,page_view,/search,
E0008798,S002231,U0151,2025-12-24T07:09:50Z,page_view,/search,
E0008796,S002231,U0151,2025-12-24T07:11:02Z,page_view,/help,
E0008832,S002240,U0202,2025-12-24T08:50:39Z,page_view,/category/electronics,
E0008834,S002240,U0202,2025-12-24T08:51:45Z,view_item,/product/p0335,P0335
E0008833,S002240,U0202,2025-12-24T08:51:54Z,page_view,/search,
E0008835,S002240,U0202,2025-12-24T08:53:28Z,add_to_cart,/product/p0335,P0335
E0008836,S002240,U0202,2025-12-24T09:16:16Z,page_view,/category/home,
E0008837,S002240,U0202,2025-12-24T09:20:22Z,page_view,/category/beauty,
E0005400,S001370,U0237,2025-12-24T11:48:20Z,page_view,/category/electronics,
E0005401,S001370,U0237,2025-12-24T11:48:27Z,page_view,/category/electronics,
E0005405,S001370,U0237,2025-12-24T11:49:02Z,page_view,/category/home,
E0005402,S001370,U0237,2025-12-24T11:49:32Z,page_view,/search,
E0005403,S001370,U0237,2025-12-24T11:50:16Z,view_item,/product/p0377,P0377
E0005404,S001370,U0237,2025-12-24T11:51:21Z,page_view,/,
E0005406,S001370,U0237,2025-12-24T12:05:16Z,page_view,/,
E0009923,S002529,U0159,2025-12-24T12:10:33Z,page_view,/category/electronics,
E0001690,S000439,U0213,2025-12-24T12:14:55Z,page_view,/category/shoes,
E0001691,S000439,U0213,2025-12-24T12:15:40Z,page_view,/search,
E0001692,S000439,U0213,2025-12-24T12:16:00Z,view_item,/product/p0227,P0227
E0001693,S000439,U0213,2025-12-24T12:35:50Z,page_view,/category/electronics,
E0000145,S000035,U0176,2025-12-24T13:02:39Z,page_view,/search,
E0000146,S000035,U0176,2025-12-24T13:03:09Z,page_view,/search,
E0000147,S000035,U0176,2025-12-24T13:06:33Z,view_item,/product/p0196,P0196
E0000149,S000035,U0176,2025-12-24T13:21:30Z,page_view,/search,
E0000148,S000035,U0176,2025-12-24T13:23:28Z,page_view,/,
E0006138,S001559,U0055,2025-12-24T14:23:16Z,page_view,/category/electronics,
E0006139,S001559,U0055,2025-12-24T14:26:52Z,view_item,/product/p0436,P0436
E0006141,S001559,U0055,2025-12-24T14:33:05Z,page_view,/category/home,
E0006142,S001559,U0055,2025-12-24T14:38:21Z,page_view,/search,
E0006140,S001559,U0055,2025-12-24T14:38:31Z,page_view,/search,
E0009864,S002510,U0144,2025-12-24T15:09:39Z,page_view,/category/electronics,
E0006085,S001544,U0120,2025-12-24T15:09:46Z,page_view,/search,
E0009865,S002510,U0144,2025-12-24T15:12:59Z,page_view,/category/electronics,
E0006086,S001544,U0120,2025-12-24T15:13:36Z,page_view,/category/beauty,
E0006088,S001544,U0120,2025-12-24T15:13:37Z,page_view,/pricing,
E0006087,S001544,U0120,2025-12-24T15:16:00Z,page_view,/category/shoes,
E0009866,S002510,U0144,2025-12-24T15:34:50Z,page_view,/,
E0001636,S000424,U0056,2025-12-24T16:02:58Z,page_view,/category/electronics,
E0001637,S000424,U0056,2025-12-24T16:03:17Z,page_view,/category/electronics,
E0001638,S000424,U0056,2025-12-24T16:04:08Z,page_view,/search,
E0001639,S000424,U0056,2025-12-24T16:06:43Z,view_item,/product/p0372,P0372
E0001640,S000424,U0056,2025-12-24T16:30:49Z,page_view,/help,
E0001641,S000424,U0056,2025-12-24T16:38:28Z,page_view,/category/electronics,
E0008331,S002112,U0183,2025-12-24T18:49:21Z,page_view,/category/shoes,
E0008332,S002112,U0183,2025-12-24T18:49:38Z,page_view,/category/shoes,
E0008333,S002112,U0183,2025-12-24T18:51:04Z,page_view,/search,
E0008339,S002112,U0183,2025-12-24T18:51:42Z,page_view,/cart,
E0008337,S002112,U0183,2025-12-24T18:52:24Z,page_view,/category/shoes,
E0008338,S002112,U0183,2025-12-24T18:52:36Z,page_view,/cart,
E0008334,S002112,U0183,2025-12-24T18:53:10Z,view_item,/product/p0448,P0448
E0008335,S002112,U0183,2025-12-24T18:53:45Z,add_to_cart,/product/p0448,P0448
E0008336,S002112,U0183,2025-12-24T18:55:43Z,begin_checkout,/checkout,P0448
E0006200,S001576,U0190,2025-12-24T21:01:25Z,page_view,/category/beauty,
E0006201,S001576,U0190,2025-12-24T21:04:15Z,page_view,/category/shoes,
E0000848,S000217,U0178,2025-12-24T21:22:12Z,page_view,/category/electronics,
E0006203,S001576,U0190,2025-12-24T21:23:19Z,page_view,/category/home,
E0006202,S001576,U0190,2025-12-24T21:23:25Z,page_view,/,
E0001985,S000513,U0242,2025-12-24T22:17:57Z,page_view,/,
E0001404,S000367,U0178,2025-12-24T22:20:28Z,page_view,/,
E0001405,S000367,U0178,2025-12-24T22:24:14Z,page_view,/category/electronics,
E0001986,S000513,U0242,2025-12-24T22:25:43Z,page_view,/category/home,
E0001987,S000513,U0242,2025-12-24T22:34:07Z,page_view,/category/home,
E0001406,S000367,U0178,2025-12-24T22:38:31Z,page_view,/category/shoes,
E0001407,S000367,U0178,2025-12-24T22:39:58Z,page_view,/category/beauty,
E0001453,S000380,U0086,2025-12-25T01:17:15Z,page_view,/category/home,
E0001454,S000380,U0086,2025-12-25T01:19:32Z,page_view,/,
E0001455,S000380,U0086,2025-12-25T01:26:45Z,page_view,/category/beauty,
E0006517,S001652,U0107,2025-12-25T01:41:57Z,page_view,/category/shoes,
E0006518,S001652,U0107,2025-12-25T01:54:43Z,page_view,/category/electronics,
E0008443,S002138,U0076,2025-12-25T02:02:55Z,page_view,/category/shoes,
E0001373,S000358,U0236,2025-12-25T02:34:42Z,page_view,/category/home,
E0001374,S000358,U0236,2025-12-25T02:40:30Z,page_view,/help,
E0009105,S002311,U0223,2025-12-25T02:41:26Z,page_view,/category/electronics,
E0009106,S002311,U0223,2025-12-25T02:42:51Z,view_item,/product/p0419,P0419
E0004826,S001227,U0093,2025-12-25T02:55:05Z,page_view,/search,
E0009107,S002311,U0223,2025-12-25T02:57:40Z,page_view,/pricing,
E0003278,S000837,U0079,2025-12-25T03:01:36Z,page_view,/category/shoes,
E0003279,S000837,U0079,2025-12-25T03:03:14Z,view_item,/product/p0483,P0483
E0004827,S001227,U0093,2025-12-25T03:07:37Z,page_view,/pricing,
E0009854,S002508,U0035,2025-12-25T03:21:16Z,page_view,/category/shoes,
E0009855,S002508,U0035,2025-12-25T03:21:39Z,page_view,/search,
E0009856,S002508,U0035,2025-12-25T03:22:13Z,view_item,/product/p0266,P0266
E0009860,S002508,U0035,2025-12-25T03:23:27Z,page_view,/pricing,
E0009858,S002508,U0035,2025-12-25T03:23:29Z,page_view,/search,
E0009857,S002508,U0035,2025-12-25T03:23:38Z,add_to_cart,/product/p0266,P0266
E0003280,S000837,U0079,2025-12-25T03:24:31Z,page_view,/category/electronics,
E0009859,S002508,U0035,2025-12-25T03:31:07Z,page_view,/help,
E0006177,S001571,U0123,2025-12-25T04:20:28Z,page_view,/search,
E0006178,S001571,U0123,2025-12-25T04:21:52Z,page_view,/search,
E0006179,S001571,U0123,2025-12-25T04:22:25Z,view_item,/product/p0161,P0161
E0006180,S001571,U0123,2025-12-25T04:23:48Z,add_to_cart,/product/p0161,P0161
E0006181,S001571,U0123,2025-12-25T04:27:33Z,begin_checkout,/checkout,P0161
E0006182,S001571,U0123,2025-12-25T04:29:09Z,purchase,/thank-you,P0161
E0007137,S001812,U0088,2025-12-25T05:07:22Z,page_view,/category/electronics,
E0007138,S001812,U0088,2025-12-25T05:08:35Z,page_view,/search,
E0007139,S001812,U0088,2025-12-25T05:09:42Z,view_item,/product/p0046,P0046
E0007140,S001812,U0088,2025-12-25T05:12:36Z,add_to_cart,/product/p0046,P0046
E0007141,S001812,U0088,2025-12-25T05:16:12Z,begin_checkout,/checkout,P0046
E0007142,S001812,U0088,2025-12-25T05:24:43Z,page_view,/category/beauty,
E0008101,S002061,U0103,2025-12-25T05:35:15Z,page_view,/search,
E0008102,S002061,U0103,2025-12-25T05:37:14Z,page_view,/search,
E0008104,S002061,U0103,2025-12-25T05:37:40Z,page_view,/,
E0008103,S002061,U0103,2025-12-25T05:51:35Z,page_view,/help,
E0004776,S001211,U0103,2025-12-25T06:08:51Z,page_view,/,
E0004777,S001211,U0103,2025-12-25T06:09:06Z,page_view,/,
E0004778,S001211,U0103,2025-12-25T06:15:47Z,page_view,/category/electronics,
E0004779,S001211,U0103,2025-12-25T06:18:53Z,page_view,/cart,
E0004320,S001104,U0055,2025-12-25T08:03:17Z,page_view,/,
E0008989,S002281,U0037,2025-12-25T08:14:00Z,page_view,/category/home,
E0008990,S002281,U0037,2025-12-25T08:14:24Z,page_view,/category/home,
E0008991,S002281,U0037,2025-12-25T08:17:41Z,view_item,/product/p0489,P0489
E0003427,S000875,U0100,2025-12-25T09:39:41Z,page_view,/search,
E0003428,S000875,U0100,2025-12-25T09:41:23Z,page_view,/search,
E0003429,S000875,U0100,2025-12-25T09:42:37Z,view_item,/product/p0384,P0384
E0003518,S000896,U0073,2025-12-25T12:18:08Z,page_view,/,
E0003519,S000896,U0073,2025-12-25T12:18:54Z,page_view,/search,
E0003520,S000896,U0073,2025-12-25T12:21:30Z,view_item,/product/p0247,P0247
E0003521,S000896,U0073,2025-12-25T12:22:18Z,page_view,/cart,
E0005685,S001441,U0025,2025-12-25T13:14:24Z,page_view,/search,
E0005686,S001441,U0025,2025-12-25T13:16:11Z,page_view,/search,
E0005687,S001441,U0025,2025-12-25T13:18:15Z,view_item,/product/p0205,P0205
E0007950,S002018,U0086,2025-12-25T13:26:04Z,page_view,/category/home,
E0007951,S002018,U0086,2025-12-25T13:26:38Z,page_view,/pricing,
E0007952,S002018,U0086,2025-12-25T13:28:18Z,page_view,/,
E0001888,S000485,U0041,2025-12-25T13:33:38Z,page_view,/category/electronics,
E0001889,S000485,U0041,2025-12-25T13:36:00Z,view_item,/product/p0492,P0492
E0001890,S000485,U0041,2025-12-25T13:38:23Z,add_to_cart,/product/p0492,P0492
E0000849,S000218,U0163,2025-12-25T13:40:54Z,page_view,/category/electronics,
E0001893,S000485,U0041,2025-12-25T13:43:31Z,page_view,/pricing,
E0000850,S000218,U0163,2025-12-25T13:44:03Z,view_item,/product/p0088,P0088
E0000851,S000218,U0163,2025-12-25T13:47:05Z,page_view,/pricing,
E0001892,S000485,U0041,2025-12-25T13:56:12Z,page_view,/cart,
E0001891,S000485,U0041,2025-12-25T14:06:10Z,page_view,/category/home,
E0004997,S001267,U0007,2025-12-25T14:13:31Z,page_view,/category/home,
E0004998,S001267,U0007,2025-12-25T14:13:51Z,page_view,/category/home,
E0007443,S001889,U0075,2025-12-25T14:30:22Z,page_view,/,
E0004999,S001267,U0007,2025-12-25T14:31:52Z,page_view,/,
E0007445,S001889,U0075,2025-12-25T14:39:47Z,page_view,/category/shoes,
E0007444,S001889,U0075,2025-12-25T14:41:12Z,page_view,/cart,
E0007446,S001889,U0075,2025-12-25T14:46:29Z,page_view,/,
E0004317,S001103,U0182,2025-12-25T16:28:42Z,page_view,/,
E0004318,S001103,U0182,2025-12-25T16:28:48Z,page_view,/,
E0004319,S001103,U0182,2025-12-25T16:31:54Z,view_item,/product/p0253,P0253
E0000960,S000248,U0154,2025-12-25T16:49:51Z,page_view,/category/shoes,
E0000962,S000248,U0154,2025-12-25T17:00:29Z,page_view,/category/beauty,
E0000961,S000248,U0154,2025-12-25T17:04:20Z,page_view,/category/home,
E0001707,S000442,U0164,2025-12-25T19:01:44Z,page_view,/category/shoes,
E0001708,S000442,U0164,2025-12-25T19:01:49Z,page_view,/category/shoes,
E0001711,S000442,U0164,2025-12-25T19:03:03Z,page_view,/category/electronics,
E0001709,S000442,U0164,2025-12-25T19:04:30Z,view_item,/product/p0499,P0499
E0001710,S000442,U0164,2025-12-25T19:04:56Z,add_to_cart,/product/p0499,P0499
E0001712,S000442,U0164,2025-12-25T19:10:08Z,page_view,/category/electronics,
E0003930,S001001,U0155,2025-12-25T21:42:19Z,page_view,/search,
E0003931,S001001,U0155,2025-12-25T21:59:32Z,page_view,/category/shoes,
E0000181,S000044,U0152,2025-12-26T01:19:19Z,page_view,/category/beauty,
E0000182,S000044,U0152,2025-12-26T01:19:33Z,page_view,/category/beauty,
E0006074,S001541,U0108,2025-12-26T01:19:43Z,page_view,/category/shoes,
E0000183,S000044,U0152,2025-12-26T01:21:36Z,view_item,/product/p0273,P0273
E0006076,S001541,U0108,2025-12-26T01:21:52Z,page_view,/pricing,
E0006078,S001541,U0108,2025-12-26T01:21:59Z,page_view,/pricing,
E0006075,S001541,U0108,2025-12-26T01:22:21Z,view_item,/product/p0069,P0069
E0000186,S000044,U0152,2025-12-26T01:23:11Z,page_view,/pricing,
E0006077,S001541,U0108,2025-12-26T01:23:26Z,page_view,/cart,
E0000185,S000044,U0152,2025-12-26T01:44:59Z,page_view,/,
E0000184,S000044,U0152,2025-12-26T01:45:50Z,page_view,/category/shoes,
E0001818,S000468,U0102,2025-12-26T03:24:37Z,page_view,/,
E0001819,S000468,U0102,2025-12-26T03:25:16Z,page_view,/search,
E0001820,S000468,U0102,2025-12-26T03:25:52Z,view_item,/product/p0005,P0005
E0007534,S001916,U0131,2025-12-26T04:29:26Z,page_view,/search,
E0007535,S001916,U0131,2025-12-26T04:29:43Z,page_view,/search,
E0007536,S001916,U0131,2025-12-26T04:31:01Z,view_item,/product/p0035,P0035
E0008458,S002142,U0159,2025-12-26T04:38:39Z,page_view,/,
E0007537,S001916,U0131,2025-12-26T04:43:03Z,page_view,/search,
E0008459,S002142,U0159,2025-12-26T04:44:27Z,page_view,/category/electronics,
E0007538,S001916,U0131,2025-12-26T04:59:13Z,page_view,/category/home,
E0007539,S001916,U0131,2025-12-26T05:00:51Z,page_view,/cart,
E0008301,S002106,U0100,2025-12-26T05:55:39Z,page_view,/category/electronics,
E0008302,S002106,U0100,2025-12-26T05:58:22Z,view_item,/product/p0128,P0128
E0008303,S002106,U0100,2025-12-26T05:58:55Z,add_to_cart,/product/p0128,P0128
E0008306,S002106,U0100,2025-12-26T05:59:44Z,page_view,/category/shoes,
E0008304,S002106,U0100,2025-12-26T06:02:13Z,begin_checkout,/checkout,P0128
E0008305,S002106,U0100,2025-12-26T06:03:15Z,page_view,/pricing,
E0008857,S002246,U0001,2025-12-26T06:04:32Z,page_view,/category/beauty,
E0008307,S002106,U0100,2025-12-26T06:06:17Z,page_view,/search,
E0008858,S002246,U0001,2025-12-26T06:09:36Z,page_view,/category/shoes,
E0008859,S002246,U0001,2025-12-26T06:15:48Z,page_view,/category/shoes,
E0005861,S001487,U0154,2025-12-26T08:37:46Z,page_view,/,
E0005862,S001487,U0154,2025-12-26T08:39:22Z,page_view,/search,
E0005863,S001487,U0154,2025-12-26T08:40:03Z,view_item,/product/p0112,P0112
E0005864,S001487,U0154,2025-12-26T08:49:25Z,page_view,/help,
E0004284,S001094,U0149,2025-12-26T09:39:22Z,page_view,/category/home,
E0004285,S001094,U0149,2025-12-26T09:41:17Z,page_view,/search,
E0004286,S001094,U0149,2025-12-26T09:42:17Z,view_item,/product/p0484,P0484
E0004289,S001094,U0149,2025-12-26T09:42:24Z,page_view,/,
E0004287,S001094,U0149,2025-12-26T09:42:34Z,add_to_cart,/product/p0484,P0484
E0004288,S001094,U0149,2025-12-26T09:46:24Z,begin_checkout,/checkout,P0484
E0004290,S001094,U0149,2025-12-26T10:01:17Z,page_view,/search,
E0009020,S002290,U0245,2025-12-26T10:49:56Z,page_view,/,
E0009022,S002290,U0245,2025-12-26T10:58:22Z,page_view,/search,
E0001408,S000368,U0027,2025-12-26T10:58:53Z,page_view,/category/shoes,
E0001409,S000368,U0027,2025-12-26T10:59:13Z,page_view,/category/shoes,
E0009021,S002290,U0245,2025-12-26T11:01:19Z,page_view,/category/shoes,
E0001411,S000368,U0027,2025-12-26T11:11:38Z,page_view,/category/electronics,
E0001412,S000368,U0027,2025-12-26T11:32:06Z,page_view,/category/home,
E0001410,S000368,U0027,2025-12-26T11:33:15Z,page_view,/pricing,
E0010104,S002575,U0068,2025-12-26T11:57:48Z,page_view,/category/home,
E0010105,S002575,U0068,2025-12-26T11:58:10Z,page_view,/category/home,
E0010106,S002575,U0068,2025-12-26T12:25:15Z,page_view,/search,
E0005926,S001506,U0007,2025-12-26T13:05:47Z,page_view,/category/beauty,
E0005927,S001506,U0007,2025-12-26T13:06:26Z,page_view,/search,
E0005930,S001506,U0007,2025-12-26T13:07:06Z,page_view,/category/home,
E0005929,S001506,U0007,2025-12-26T13:08:48Z,page_view,/,
E0005928,S001506,U0007,2025-12-26T13:09:09Z,view_item,/product/p0295,P0295
E0005931,S001506,U0007,2025-12-26T13:16:38Z,page_view,/help,
E0000866,S000224,U0171,2025-12-26T14:05:13Z,page_view,/,
E0000867,S000224,U0171,2025-12-26T14:06:19Z,page_view,/search,
E0000868,S000224,U0171,2025-12-26T14:07:31Z,view_item,/product/p0067,P0067
E0000366,S000090,U0053,2025-12-26T14:08:18Z,page_view,/,
E0000370,S000090,U0053,2025-12-26T14:09:40Z,page_view,/category/beauty,
E0000368,S000090,U0053,2025-12-26T14:11:10Z,page_view,/search,
E0000367,S000090,U0053,2025-12-26T14:11:14Z,view_item,/product/p0413,P0413
E0000369,S000090,U0053,2025-12-26T14:11:39Z,page_view,/,
E0002000,S000518,U0033,2025-12-26T14:23:28Z,page_view,/,
E0002001,S000518,U0033,2025-12-26T14:26:18Z,view_item,/product/p0292,P0292
E0000869,S000224,U0171,2025-12-26T14:32:25Z,page_view,/category/beauty,
E0002002,S000518,U0033,2025-12-26T14:42:31Z,page_view,/help,
E0006998,S001777,U0045,2025-12-26T14:43:13Z,page_view,/category/beauty,
E0006999,S001777,U0045,2025-12-26T14:44:17Z,page_view,/search,
E0007000,S001777,U0045,2025-12-26T14:45:36Z,view_item,/product/p0140,P0140
E0007001,S001777,U0045,2025-12-26T14:46:35Z,page_view,/category/shoes,
E0007002,S001777,U0045,2025-12-26T14:51:17Z,page_view,/category/beauty,
E0000507,S000129,U0140,2025-12-26T16:41:41Z,page_view,/,
E0009872,S002512,U0164,2025-12-26T16:47:36Z,page_view,/category/beauty,
E0009873,S002512,U0164,2025-12-26T16:48:52Z,page_view,/cart,
E0000508,S000129,U0140,2025-12-26T16:57:21Z,page_view,/category/home,
E0006667,S001691,U0073,2025-12-26T17:20:25Z,page_view,/search,
E0006668,S001691,U0073,2025-12-26T17:21:28Z,view_item,/product/p0129,P0129
E0006669,S001691,U0073,2025-12-26T17:21:40Z,add_to_cart,/product/p0129,P0129
E0004395,S001122,U0025,2025-12-26T18:01:53Z,page_view,/category/electronics,
E0004396,S001122,U0025,2025-12-26T18:02:44Z,view_item,/product/p0266,P0266
E0004397,S001122,U0025,2025-12-26T18:03:32Z,add_to_cart,/product/p0266,P0266
E0004398,S001122,U0025,2025-12-26T18:06:41Z,begin_checkout,/checkout,P0266
E0004399,S001122,U0025,2025-12-26T18:24:35Z,page_view,/category/shoes,
E0001257,S000326,U0099,2025-12-26T20:12:05Z,page_view,/search,
E0001258,S000326,U0099,2025-12-26T20:15:25Z,view_item,/product/p0431,P0431
E0001259,S000326,U0099,2025-12-26T20:18:17Z,add_to_cart,/product/p0431,P0431
E0001260,S000326,U0099,2025-12-26T20:19:34Z,begin_checkout,/checkout,P0431
E0001261,S000326,U0099,2025-12-26T20:20:50Z,purchase,/thank-you,P0431
E0001262,S000326,U0099,2025-12-26T20:22:02Z,page_view,/pricing,
E0002319,S000599,U0207,2025-12-26T20:44:57Z,page_view,/category/beauty,
E0002321,S000599,U0207,2025-12-26T20:46:14Z,view_item,/product/p0451,P0451
E0002320,S000599,U0207,2025-12-26T20:46:53Z,page_view,/search,
E0002556,S000657,U0080,2025-12-27T00:46:17Z,page_view,/category/shoes,
E0002558,S000657,U0080,2025-12-27T00:47:15Z,view_item,/product/p0390,P0390
E0002557,S000657,U0080,2025-12-27T00:47:42Z,page_view,/search,
E0002559,S000657,U0080,2025-12-27T00:53:54Z,page_view,/pricing,
E0002857,S000728,U0028,2025-12-27T01:51:23Z,page_view,/,
E0002858,S000728,U0028,2025-12-27T01:52:19Z,view_item,/product/p0322,P0322
E0002859,S000728,U0028,2025-12-27T02:08:06Z,page_view,/category/beauty,
E0002861,S000728,U0028,2025-12-27T02:11:48Z,page_view,/category/electronics,
E0002860,S000728,U0028,2025-12-27T02:13:03Z,page_view,/category/home,
E0001564,S000404,U0242,2025-12-27T02:42:24Z,page_view,/category/shoes,
E0001565,S000404,U0242,2025-12-27T02:44:18Z,page_view,/search,
E0001567,S000404,U0242,2025-12-27T02:46:04Z,page_view,/,
E0001566,S000404,U0242,2025-12-27T02:46:19Z,page_view,/category/electronics,
E0008493,S002151,U0126,2025-12-27T04:21:51Z,page_view,/category/electronics,
E0008494,S002151,U0126,2025-12-27T04:21:58Z,page_view,/category/electronics,
E0008496,S002151,U0126,2025-12-27T04:37:28Z,page_view,/category/beauty,
E0008495,S002151,U0126,2025-12-27T04:47:09Z,page_view,/category/home,
E0005087,S001298,U0137,2025-12-27T06:05:47Z,page_view,/category/shoes,
E0005088,S001298,U0137,2025-12-27T06:06:12Z,page_view,/search,
E0005089,S001298,U0137,2025-12-27T06:07:34Z,view_item,/product/p0404,P0404
E0005091,S001298,U0137,2025-12-27T06:07:52Z,page_view,/category/beauty,
E0005090,S001298,U0137,2025-12-27T06:08:27Z,add_to_cart,/product/p0404,P0404
E0000586,S000150,U0191,2025-12-27T06:25:16Z,page_view,/,
E0000588,S000150,U0191,2025-12-27T06:39:50Z,page_view,/help,
E0000587,S000150,U0191,2025-12-27T06:41:50Z,page_view,/help,
E0002021,S000524,U0177,2025-12-27T07:25:57Z,page_view,/category/home,
E0002023,S000524,U0177,2025-12-27T07:27:01Z,view_item,/product/p0286,P0286
E0002022,S000524,U0177,2025-12-27T07:27:04Z,page_view,/search,
E0002028,S000524,U0177,2025-12-27T07:29:06Z,page_view,/pricing,
E0002024,S000524,U0177,2025-12-27T07:29:26Z,add_to_cart,/product/p0286,P0286
E0002025,S000524,U0177,2025-12-27T07:31:04Z,begin_checkout,/checkout,P0286
E0002026,S000524,U0177,2025-12-27T07:33:49Z,purchase,/thank-you,P0286
E0000603,S000154,U0247,2025-12-27T07:44:27Z,page_view,/category/electronics,
E0000604,S000154,U0247,2025-12-27T07:44:51Z,page_view,/category/electronics,
E0000606,S000154,U0247,2025-12-27T07:55:58Z,page_view,/help,
E0002027,S000524,U0177,2025-12-27T07:56:03Z,page_view,/help,
E0000605,S000154,U0247,2025-12-27T08:01:34Z,page_view,/category/shoes,
E0000607,S000154,U0247,2025-12-27T08:07:33Z,page_view,/category/beauty,
E0007174,S001824,U0063,2025-12-27T09:31:25Z,page_view,/,
E0007175,S001824,U0063,2025-12-27T09:33:02Z,page_view,/search,
E0007176,S001824,U0063,2025-12-27T09:34:11Z,view_item,/product/p0078,P0078
E0000321,S000078,U0086,2025-12-27T12:42:48Z,page_view,/category/beauty,
E0000322,S000078,U0086,2025-12-27T12:42:56Z,page_view,/category/beauty,
E0000323,S000078,U0086,2025-12-27T12:51:21Z,page_view,/category/electronics,
E0008380,S002123,U0056,2025-12-27T17:09:42Z,page_view,/category/shoes,
E0008381,S002123,U0056,2025-12-27T17:11:25Z,page_view,/search,
E0008382,S002123,U0056,2025-12-27T17:12:49Z,view_item,/product/p0036,P0036
E0008384,S002123,U0056,2025-12-27T17:18:20Z,page_view,/category/electronics,
E0001881,S000482,U0028,2025-12-27T17:25:06Z,page_view,/category/home,
E0008383,S002123,U0056,2025-12-27T17:25:38Z,page_view,/category/beauty,
E0008385,S002123,U0056,2025-12-27T17:32:20Z,page_view,/,
E0000725,S000186,U0250,2025-12-27T17:38:49Z,page_view,/category/home,
E0000732,S000186,U0250,2025-12-27T17:40:22Z,page_view,/category/home,
E0000726,S000186,U0250,2025-12-27T17:41:48Z,view_item,/product/p0384,P0384
E0000731,S000186,U0250,2025-12-27T17:42:39Z,page_view,/category/electronics,
E0000727,S000186,U0250,2025-12-27T17:43:51Z,add_to_cart,/product/p0384,P0384
E0000730,S000186,U0250,2025-12-27T17:44:06Z,page_view,/category/electronics,
E0000729,S000186,U0250,2025-12-27T17:45:12Z,purchase,/thank-you,P0384
E0000728,S000186,U0250,2025-12-27T17:47:32Z,begin_checkout,/checkout,P0384
E0001882,S000482,U0028,2025-12-27T17:50:57Z,page_view,/category/electronics,
E0005705,S001445,U0242,2025-12-27T18:03:01Z,page_view,/category/beauty,
E0005706,S001445,U0242,2025-12-27T18:03:20Z,page_view,/category/beauty,
E0005709,S001445,U0242,2025-12-27T18:04:57Z,page_view,/category/electronics,
E0005707,S001445,U0242,2025-12-27T18:05:20Z,view_item,/product/p0241,P0241
E0005708,S001445,U0242,2025-12-27T18:18:13Z,page_view,/search,
E0005710,S001445,U0242,2025-12-27T18:18:17Z,page_view,/search,
E0006968,S001768,U0170,2025-12-27T18:55:23Z,page_view,/search,
E0006969,S001768,U0170,2025-12-27T18:56:11Z,page_view,/search,
E0006974,S001768,U0170,2025-12-27T18:56:58Z,page_view,/,
E0006970,S001768,U0170,2025-12-27T18:58:54Z,view_item,/product/p0101,P0101
E0006971,S001768,U0170,2025-12-27T19:01:17Z,add_to_cart,/product/p0101,P0101
E0006972,S001768,U0170,2025-12-27T19:01:33Z,begin_checkout,/checkout,P0101
E0006973,S001768,U0170,2025-12-27T19:05:24Z,purchase,/thank-you,P0101
E0000572,S000147,U0189,2025-12-27T21:39:01Z,page_view,/category/shoes,
E0000573,S000147,U0189,2025-12-27T21:39:15Z,page_view,/category/shoes,
E0000574,S000147,U0189,2025-12-27T21:41:28Z,view_item,/product/p0428,P0428
E0000575,S000147,U0189,2025-12-27T21:42:35Z,add_to_cart,/product/p0428,P0428
E0000576,S000147,U0189,2025-12-27T21:43:25Z,begin_checkout,/checkout,P0428
E0000577,S000147,U0189,2025-12-27T21:45:21Z,purchase,/thank-you,P0428
E0008534,S002161,U0250,2025-12-28T04:04:05Z,page_view,/category/electronics,
E0008535,S002161,U0250,2025-12-28T04:06:25Z,page_view,/category/electronics,
E0001998,S000517,U0248,2025-12-28T04:13:50Z,page_view,/search,
E0001999,S000517,U0248,2025-12-28T04:45:21Z,page_view,/cart,
E0003793,S000969,U0247,2025-12-28T05:52:48Z,page_view,/category/shoes,
E0003795,S000969,U0247,2025-12-28T05:53:30Z,view_item,/product/p0160,P0160
E0003794,S000969,U0247,2025-12-28T05:54:04Z,page_view,/search,
E0003796,S000969,U0247,2025-12-28T05:55:06Z,add_to_cart,/product/p0160,P0160
E0003797,S000969,U0247,2025-12-28T05:55:57Z,begin_checkout,/checkout,P0160
E0003798,S000969,U0247,2025-12-28T05:59:31Z,purchase,/thank-you,P0160
E0003799,S000969,U0247,2025-12-28T06:07:29Z,page_view,/category/electronics,
E0000937,S000242,U0035,2025-12-28T09:20:45Z,page_view,/category/shoes,
E0000938,S000242,U0035,2025-12-28T09:21:08Z,page_view,/category/shoes,
E0000939,S000242,U0035,2025-12-28T09:21:10Z,page_view,/search,
E0004073,S001039,U0043,2025-12-28T09:21:36Z,page_view,/category/beauty,
E0000940,S000242,U0035,2025-12-28T09:23:53Z,view_item,/product/p0142,P0142
E0004074,S001039,U0043,2025-12-28T09:24:28Z,view_item,/product/p0485,P0485
E0004076,S001039,U0043,2025-12-28T09:25:35Z,page_view,/help,
E0004075,S001039,U0043,2025-12-28T09:25:45Z,add_to_cart,/product/p0485,P0485
E0000942,S000242,U0035,2025-12-28T09:29:52Z,page_view,/search,
E0008269,S002097,U0012,2025-12-28T09:35:57Z,page_view,/search,
E0005763,S001459,U0189,2025-12-28T09:41:04Z,page_view,/category/shoes,
E0009123,S002317,U0172,2025-12-28T09:45:17Z,page_view,/category/beauty,
E0009124,S002317,U0172,2025-12-28T09:47:39Z,view_item,/product/p0430,P0430
E0008270,S002097,U0012,2025-12-28T09:56:04Z,page_view,/,
E0009126,S002317,U0172,2025-12-28T09:58:28Z,page_view,/category/shoes,
E0000941,S000242,U0035,2025-12-28T10:03:17Z,page_view,/category/home,
E0009125,S002317,U0172,2025-12-28T10:05:37Z,page_view,/pricing,
E0009127,S002317,U0172,2025-12-28T10:07:37Z,page_view,/category/beauty,
E0007728,S001964,U0199,2025-12-28T10:24:34Z,page_view,/,
E0007729,S001964,U0199,2025-12-28T10:26:24Z,view_item,/product/p0384,P0384
E0004205,S001075,U0127,2025-12-28T11:25:26Z,page_view,/category/home,
E0004206,S001075,U0127,2025-12-28T11:25:33Z,page_view,/category/home,
E0004207,S001075,U0127,2025-12-28T11:26:03Z,page_view,/search,
E0004210,S001075,U0127,2025-12-28T11:27:00Z,page_view,/,
E0004209,S001075,U0127,2025-12-28T11:27:14Z,page_view,/category/shoes,
E0000846,S000216,U0140,2025-12-28T11:28:08Z,page_view,/,
E0000847,S000216,U0140,2025-12-28T11:28:30Z,page_view,/,
E0004208,S001075,U0127,2025-12-28T11:28:43Z,view_item,/product/p0228,P0228
E0006306,S001598,U0173,2025-12-28T12:12:12Z,page_view,/category/home,
E0006307,S001598,U0173,2025-12-28T12:18:45Z,page_view,/search,
E0006100,S001548,U0214,2025-12-28T14:59:45Z,page_view,/,
E0006101,S001548,U0214,2025-12-28T15:02:02Z,page_view,/help,
E0008390,S002125,U0059,2025-12-28T17:00:44Z,page_view,/search,
E0008393,S002125,U0059,2025-12-28T17:12:44Z,page_view,/category/beauty,
E0003457,S000882,U0248,2025-12-28T17:15:01Z,page_view,/category/shoes,
E0003458,S000882,U0248,2025-12-28T17:16:28Z,page_view,/search,
E0003459,S000882,U0248,2025-12-28T17:18:16Z,view_item,/product/p0356,P0356
E0003460,S000882,U0248,2025-12-28T17:22:49Z,page_view,/category/home,
E0008433,S002135,U0207,2025-12-28T17:23:29Z,page_view,/category/beauty,
E0008434,S002135,U0207,2025-12-28T17:23:53Z,page_view,/search,
E0008435,S002135,U0207,2025-12-28T17:27:09Z,view_item,/product/p0289,P0289
E0003461,S000882,U0248,2025-12-28T17:31:06Z,page_view,/category/beauty,
E0008392,S002125,U0059,2025-12-28T17:35:19Z,page_view,/category/electronics,
E0008391,S002125,U0059,2025-12-28T17:36:55Z,page_view,/,
E0003942,S001005,U0086,2025-12-28T19:06:14Z,page_view,/,
E0007293,S001855,U0029,2025-12-28T21:22:07Z,page_view,/category/home,
E0007300,S001855,U0029,2025-12-28T21:23:20Z,page_view,/category/home,
E0007294,S001855,U0029,2025-12-28T21:23:25Z,page_view,/search,
E0007295,S001855,U0029,2025-12-28T21:23:38Z,view_item,/product/p0433,P0433
E0007299,S001855,U0029,2025-12-28T21:24:26Z,page_view,/help,
E0007296,S001855,U0029,2025-12-28T21:24:52Z,add_to_cart,/product/p0433,P0433
E0007298,S001855,U0029,2025-12-28T21:25:18Z,purchase,/thank-you,P0433
E0007297,S001855,U0029,2025-12-28T21:28:42Z,begin_checkout,/checkout,P0433
E0006633,S001681,U0216,2025-12-28T21:58:16Z,page_view,/category/shoes,
E0001160,S000300,U0112,2025-12-28T22:04:10Z,page_view,/,
E0001161,S000300,U0112,2025-12-28T22:04:23Z,page_view,/,
E0001162,S000300,U0112,2025-12-28T22:06:20Z,view_item,/product/p0433,P0433
E0006603,S001672,U0241,2025-12-28T22:08:13Z,page_view,/,
E0006604,S001672,U0241,2025-12-28T22:08:30Z,page_view,/,
E0006605,S001672,U0241,2025-12-28T22:10:19Z,view_item,/product/p0163,P0163
E0006606,S001672,U0241,2025-12-28T22:12:57Z,add_to_cart,/product/p0163,P0163
E0006607,S001672,U0241,2025-12-28T22:13:04Z,page_view,/help,
E0006609,S001672,U0241,2025-12-28T22:30:22Z,page_view,/help,
E0006608,S001672,U0241,2025-12-28T22:34:44Z,page_view,/help,
E0000979,S000252,U0115,2025-12-28T22:42:28Z,page_view,/search,
E0000980,S000252,U0115,2025-12-28T22:42:45Z,page_view,/search,
E0000981,S000252,U0115,2025-12-28T22:44:25Z,page_view,/search,
E0000982,S000252,U0115,2025-12-28T22:45:20Z,view_item,/product/p0344,P0344
E0009188,S002334,U0247,2025-12-28T22:50:55Z,page_view,/category/shoes,
E0009189,S002334,U0247,2025-12-28T22:51:43Z,view_item,/product/p0140,P0140
E0009190,S002334,U0247,2025-12-28T23:14:29Z,page_view,/category/shoes,
E0001105,S000285,U0224,2025-12-28T23:29:48Z,page_view,/category/shoes,
E0001106,S000285,U0224,2025-12-28T23:38:00Z,page_view,/category/beauty,
E0005510,S001398,U0164,2025-12-28T23:39:49Z,page_view,/,
E0005511,S001398,U0164,2025-12-28T23:40:22Z,page_view,/search,
E0005512,S001398,U0164,2025-12-28T23:42:17Z,view_item,/product/p0192,P0192
E0002511,S000643,U0006,2025-12-28T23:55:33Z,page_view,/category/electronics,
E0002512,S000643,U0006,2025-12-28T23:55:57Z,page_view,/category/electronics,
E0005016,S001275,U0125,2025-12-29T01:20:13Z,page_view,/search,
E0005017,S001275,U0125,2025-12-29T01:29:09Z,page_view,/,
E0007591,S001929,U0012,2025-12-29T01:34:09Z,page_view,/category/home,
E0005018,S001275,U0125,2025-12-29T01:37:29Z,page_view,/help,
E0007592,S001929,U0012,2025-12-29T01:49:02Z,page_view,/category/home,
E0007593,S001929,U0012,2025-12-29T02:07:03Z,page_view,/cart,
E0008416,S002131,U0189,2025-12-29T02:43:19Z,page_view,/category/shoes,
E0008417,S002131,U0189,2025-12-29T02:43:39Z,page_view,/category/shoes,
E0008418,S002131,U0189,2025-12-29T02:58:27Z,page_view,/help,
E0008419,S002131,U0189,2025-12-29T03:03:35Z,page_view,/category/beauty,
E0002074,S000537,U0105,2025-12-29T03:27:22Z,page_view,/,
E0002076,S000537,U0105,2025-12-29T03:28:31Z,view_item,/product/p0196,P0196
E0002075,S000537,U0105,2025-12-29T03:29:10Z,page_view,/search,
E0007279,S001852,U0014,2025-12-29T04:02:08Z,page_view,/category/beauty,
E0007280,S001852,U0014,2025-12-29T04:02:16Z,page_view,/category/beauty,
E0008821,S002238,U0014,2025-12-29T04:08:55Z,page_view,/,
E0008822,S002238,U0014,2025-12-29T04:09:07Z,page_view,/,
E0007282,S001852,U0014,2025-12-29T04:18:06Z,page_view,/pricing,
E0008823,S002238,U0014,2025-12-29T04:34:02Z,page_view,/category/shoes,
E0007281,S001852,U0014,2025-12-29T04:36:42Z,page_view,/help,
E0003943,S001006,U0066,2025-12-29T04:49:01Z,page_view,/,
E0003944,S001006,U0066,2025-12-29T04:49:22Z,page_view,/,
E0003948,S001006,U0066,2025-12-29T04:50:18Z,page_view,/category/home,
E0003945,S001006,U0066,2025-12-29T04:50:21Z,page_view,/search,
E0003949,S001006,U0066,2025-12-29T04:50:45Z,page_view,/cart,
E0003946,S001006,U0066,2025-12-29T04:51:50Z,view_item,/product/p0447,P0447
E0003947,S001006,U0066,2025-12-29T04:52:17Z,add_to_cart,/product/p0447,P0447
E0006238,S001585,U0236,2025-12-29T05:11:38Z,page_view,/,
E0006239,S001585,U0236,2025-12-29T05:25:32Z,page_view,/help,
E0006241,S001585,U0236,2025-12-29T05:28:51Z,page_view,/category/beauty,
E0006240,S001585,U0236,2025-12-29T05:49:21Z,page_view,/search,
E0006994,S001775,U0133,2025-12-29T06:23:52Z,page_view,/category/home,
E0006995,S001775,U0133,2025-12-29T06:24:09Z,page_view,/category/home,
E0006996,S001775,U0133,2025-12-29T06:26:47Z,view_item,/product/p0177,P0177
E0008911,S002260,U0165,2025-12-29T07:48:29Z,page_view,/category/home,
E0008912,S002260,U0165,2025-12-29T07:48:44Z,page_view,/category/home,
E0008913,S002260,U0165,2025-12-29T08:01:34Z,page_view,/,
E0000922,S000238,U0046,2025-12-29T09:16:58Z,page_view,/category/electronics,
E0000923,S000238,U0046,2025-12-29T09:20:56Z,view_item,/product/p0171,P0171
E0000924,S000238,U0046,2025-12-29T09:21:29Z,page_view,/category/shoes,
E0000925,S000238,U0046,2025-12-29T09:26:51Z,page_view,/category/electronics,
E0009439,S002398,U0102,2025-12-29T09:33:48Z,page_view,/category/shoes,
E0009440,S002398,U0102,2025-12-29T09:34:11Z,page_view,/category/shoes,
E0001904,S000490,U0191,2025-12-29T09:40:50Z,page_view,/category/electronics,
E0000926,S000238,U0046,2025-12-29T09:41:03Z,page_view,/help,
E0001905,S000490,U0191,2025-12-29T09:42:29Z,view_item,/product/p0322,P0322
E0001906,S000490,U0191,2025-12-29T09:50:13Z,page_view,/category/electronics,
E0001907,S000490,U0191,2025-12-29T10:18:38Z,page_view,/cart,
E0004487,S001145,U0088,2025-12-29T10:33:43Z,page_view,/category/shoes,
E0004488,S001145,U0088,2025-12-29T10:36:54Z,page_view,/category/shoes,
E0002046,S000532,U0027,2025-12-29T11:02:38Z,page_view,/category/beauty,
E0002047,S000532,U0027,2025-12-29T11:03:01Z,page_view,/category/beauty,
E0002048,S000532,U0027,2025-12-29T11:04:21Z,page_view,/search,
E0002049,S000532,U0027,2025-12-29T11:04:40Z,view_item,/product/p0267,P0267
E0004490,S001145,U0088,2025-12-29T11:10:09Z,page_view,/category/electronics,
E0002052,S000532,U0027,2025-12-29T11:10:23Z,page_view,/cart,
E0004489,S001145,U0088,2025-12-29T11:13:05Z,page_view,/cart,
E0002050,S000532,U0027,2025-12-29T11:22:10Z,page_view,/search,
E0002051,S000532,U0027,2025-12-29T11:25:29Z,page_view,/pricing,
E0007154,S001816,U0070,2025-12-29T13:20:46Z,page_view,/category/shoes,
E0007155,S001816,U0070,2025-12-29T13:20:55Z,page_view,/category/shoes,
E0007156,S001816,U0070,2025-12-29T13:53:46Z,page_view,/help,
E0001210,S000314,U0199,2025-12-29T14:00:44Z,page_view,/category/home,
E0001211,S000314,U0199,2025-12-29T14:00:53Z,page_view,/category/home,
E0001212,S000314,U0199,2025-12-29T14:01:41Z,page_view,/search,
E0001213,S000314,U0199,2025-12-29T14:01:54Z,view_item,/product/p0286,P0286
E0001214,S000314,U0199,2025-12-29T14:21:38Z,page_view,/help,
E0001215,S000314,U0199,2025-12-29T14:22:13Z,page_view,/category/beauty,
E0008012,S002037,U0150,2025-12-29T15:13:37Z,page_view,/category/shoes,
E0008013,S002037,U0150,2025-12-29T15:16:54Z,view_item,/product/p0118,P0118
E0008014,S002037,U0150,2025-12-29T15:20:01Z,page_view,/category/home,
E0002257,S000586,U0050,2025-12-29T17:05:49Z,page_view,/,
E0002258,S000586,U0050,2025-12-29T17:06:13Z,page_view,/,
E0002259,S000586,U0050,2025-12-29T17:07:03Z,page_view,/search,
E0002260,S000586,U0050,2025-12-29T17:07:33Z,view_item,/product/p0328,P0328
E0008297,S002105,U0238,2025-12-29T17:15:59Z,page_view,/,
E0008298,S002105,U0238,2025-12-29T17:16:21Z,page_view,/,
E0008300,S002105,U0238,2025-12-29T17:16:46Z,view_item,/product/p0492,P0492
E0002184,S000564,U0001,2025-12-29T17:17:01Z,page_view,/category/shoes,
E0008299,S002105,U0238,2025-12-29T17:17:09Z,page_view,/search,
E0002185,S000564,U0001,2025-12-29T17:17:15Z,page_view,/category/shoes,
E0002261,S000586,U0050,2025-12-29T17:24:30Z,page_view,/category/home,
E0002187,S000564,U0001,2025-12-29T17:28:36Z,page_view,/,
E0002186,S000564,U0001,2025-12-29T17:39:06Z,page_view,/category/electronics,
E0009415,S002392,U0159,2025-12-29T17:55:21Z,page_view,/category/beauty,
E0008248,S002093,U0210,2025-12-29T17:55:40Z,page_view,/search,
E0009416,S002392,U0159,2025-12-29T17:56:16Z,page_view,/,
E0008249,S002093,U0210,2025-12-29T17:56:22Z,view_item,/product/p0179,P0179
E0009417,S002392,U0159,2025-12-29T17:56:28Z,page_view,/category/home,
E0008252,S002093,U0210,2025-12-29T18:00:56Z,page_view,/category/electronics,
E0008250,S002093,U0210,2025-12-29T18:08:44Z,page_view,/search,
E0000842,S000215,U0152,2025-12-29T18:18:55Z,page_view,/category/home,
E0000843,S000215,U0152,2025-12-29T18:19:56Z,page_view,/search,
E0000844,S000215,U0152,2025-12-29T18:22:31Z,view_item,/product/p0006,P0006
E0008251,S002093,U0210,2025-12-29T18:24:09Z,page_view,/category/shoes,
E0000845,S000215,U0152,2025-12-29T18:25:19Z,page_view,/category/electronics,
E0003985,S001016,U0047,2025-12-29T18:33:34Z,page_view,/,
E0003986,S001016,U0047,2025-12-29T18:33:56Z,page_view,/,
E0003989,S001016,U0047,2025-12-29T18:34:28Z,page_view,/category/home,
E0003988,S001016,U0047,2025-12-29T18:35:02Z,page_view,/,
E0003987,S001016,U0047,2025-12-29T18:35:44Z,page_view,/category/beauty,
E0005804,S001472,U0223,2025-12-29T18:52:28Z,page_view,/search,
E0005805,S001472,U0223,2025-12-29T18:52:48Z,page_view,/search,
E0005806,S001472,U0223,2025-12-29T18:53:29Z,page_view,/search,
E0005807,S001472,U0223,2025-12-29T18:56:24Z,view_item,/product/p0079,P0079
E0005808,S001472,U0223,2025-12-29T18:57:33Z,add_to_cart,/product/p0079,P0079
E0005809,S001472,U0223,2025-12-29T18:59:45Z,begin_checkout,/checkout,P0079
E0008141,S002072,U0084,2025-12-29T19:41:13Z,page_view,/,
E0008143,S002072,U0084,2025-12-29T19:42:57Z,page_view,/,
E0006362,S001610,U0181,2025-12-29T19:44:11Z,page_view,/category/home,
E0006363,S001610,U0181,2025-12-29T19:45:45Z,page_view,/search,
E0006364,S001610,U0181,2025-12-29T19:46:08Z,view_item,/product/p0309,P0309
E0008144,S002072,U0084,2025-12-29T19:47:13Z,page_view,/pricing,
E0006365,S001610,U0181,2025-12-29T19:50:47Z,page_view,/pricing,
E0008142,S002072,U0084,2025-12-29T19:51:41Z,page_view,/search,
E0006366,S001610,U0181,2025-12-29T19:58:53Z,page_view,/search,
E0008999,S002284,U0029,2025-12-29T20:02:17Z,page_view,/category/electronics,
E0009000,S002284,U0029,2025-12-29T20:05:36Z,page_view,/,
E0006367,S001610,U0181,2025-12-29T20:13:17Z,page_view,/help,
E0000268,S000067,U0191,2025-12-29T20:18:18Z,page_view,/,
E0000269,S000067,U0191,2025-12-29T20:18:33Z,page_view,/,
E0000271,S000067,U0191,2025-12-29T20:19:55Z,view_item,/product/p0367,P0367
E0000270,S000067,U0191,2025-12-29T20:20:11Z,page_view,/search,
E0009962,S002539,U0084,2025-12-29T20:25:03Z,page_view,/category/shoes,
E0009965,S002539,U0084,2025-12-29T20:26:15Z,page_view,/category/electronics,
E0009963,S002539,U0084,2025-12-29T20:26:26Z,page_view,/category/beauty,
E0009964,S002539,U0084,2025-12-29T20:26:45Z,page_view,/search,
E0006005,S001524,U0103,2025-12-29T20:39:05Z,page_view,/,
E0006006,S001524,U0103,2025-12-29T20:39:27Z,page_view,/,
E0006007,S001524,U0103,2025-12-29T20:40:53Z,page_view,/search,
E0006012,S001524,U0103,2025-12-29T20:42:54Z,page_view,/pricing,
E0006008,S001524,U0103,2025-12-29T20:42:55Z,view_item,/product/p0486,P0486
E0006009,S001524,U0103,2025-12-29T20:44:58Z,add_to_cart,/product/p0486,P0486
E0006010,S001524,U0103,2025-12-29T20:45:16Z,begin_checkout,/checkout,P0486
E0006011,S001524,U0103,2025-12-29T20:48:34Z,purchase,/thank-you,P0486
E0004080,S001041,U0069,2025-12-29T20:55:14Z,page_view,/category/beauty,
E0004081,S001041,U0069,2025-12-29T20:55:39Z,page_view,/category/beauty,
E0006013,S001524,U0103,2025-12-29T21:10:34Z,page_view,/category/electronics,
E0000593,S000152,U0022,2025-12-29T21:17:27Z,page_view,/,
E0001719,S000445,U0020,2025-12-29T21:21:44Z,page_view,/category/electronics,
E0000595,S000152,U0022,2025-12-29T21:22:46Z,page_view,/category/shoes,
E0006830,S001733,U0205,2025-12-29T21:26:16Z,page_view,/category/home,
E0000594,S000152,U0022,2025-12-29T21:27:49Z,page_view,/category/electronics,
E0000596,S000152,U0022,2025-12-29T21:28:07Z,page_view,/category/home,
E0006831,S001733,U0205,2025-12-29T21:30:46Z,page_view,/pricing,
E0001720,S000445,U0020,2025-12-29T21:33:21Z,page_view,/help,
E0006694,S001700,U0123,2025-12-29T21:38:51Z,page_view,/search,
E0006695,S001700,U0123,2025-12-29T21:40:16Z,page_view,/search,
E0006696,S001700,U0123,2025-12-29T21:41:05Z,view_item,/product/p0224,P0224
E0003819,S000975,U0179,2025-12-29T21:46:10Z,page_view,/category/home,
E0003825,S000975,U0179,2025-12-29T21:47:28Z,page_view,/category/beauty,
E0003823,S000975,U0179,2025-12-29T21:47:34Z,page_view,/category/electronics,
E0003824,S000975,U0179,2025-12-29T21:48:04Z,page_view,/category/electronics,
E0003820,S000975,U0179,2025-12-29T21:49:49Z,view_item,/product/p0171,P0171
E0003821,S000975,U0179,2025-12-29T21:50:41Z,add_to_cart,/product/p0171,P0171
E0003822,S000975,U0179,2025-12-29T21:52:07Z,begin_checkout,/checkout,P0171
E0006698,S001700,U0123,2025-12-29T21:54:01Z,page_view,/category/beauty,
E0006697,S001700,U0123,2025-12-29T22:08:45Z,page_view,/category/shoes,
E0004918,S001250,U0088,2025-12-29T23:17:26Z,page_view,/,
E0004919,S001250,U0088,2025-12-29T23:17:48Z,page_view,/,
E0004920,S001250,U0088,2025-12-29T23:19:24Z,view_item,/product/p0093,P0093
E0004921,S001250,U0088,2025-12-29T23:21:02Z,add_to_cart,/product/p0093,P0093
E0004922,S001250,U0088,2025-12-29T23:24:56Z,begin_checkout,/checkout,P0093
E0004923,S001250,U0088,2025-12-29T23:27:24Z,purchase,/thank-you,P0093
E0004925,S001250,U0088,2025-12-29T23:43:19Z,page_view,/category/home,
E0002935,S000746,U0237,2025-12-29T23:49:55Z,page_view,/search,
E0002936,S000746,U0237,2025-12-29T23:51:20Z,page_view,/category/shoes,
E0004924,S001250,U0088,2025-12-29T23:51:34Z,page_view,/category/home,
E0002937,S000746,U0237,2025-12-29T23:51:52Z,page_view,/help,
E0002938,S000746,U0237,2025-12-29T23:52:08Z,page_view,/,
E0003747,S000957,U0179,2025-12-30T00:14:08Z,page_view,/,
E0003749,S000957,U0179,2025-12-30T00:17:22Z,page_view,/help,
E0003750,S000957,U0179,2025-12-30T00:30:10Z,page_view,/cart,
E0003748,S000957,U0179,2025-12-30T00:30:14Z,page_view,/category/shoes,
E0003119,S000794,U0026,2025-12-30T00:31:59Z,page_view,/category/shoes,
E0003120,S000794,U0026,2025-12-30T00:32:14Z,page_view,/category/shoes,
E0003121,S000794,U0026,2025-12-30T00:34:48Z,view_item,/product/p0059,P0059
E0003123,S000794,U0026,2025-12-30T00:43:46Z,page_view,/search,
E0008838,S002241,U0093,2025-12-30T00:48:54Z,page_view,/category/home,
E0008840,S002241,U0093,2025-12-30T00:49:42Z,view_item,/product/p0186,P0186
E0008839,S002241,U0093,2025-12-30T00:49:45Z,page_view,/search,
E0003122,S000794,U0026,2025-12-30T00:50:42Z,page_view,/,
E0008841,S002241,U0093,2025-12-30T00:59:34Z,page_view,/pricing,
E0003715,S000946,U0089,2025-12-30T01:24:08Z,page_view,/category/beauty,
E0003719,S000946,U0089,2025-12-30T01:25:05Z,page_view,/,
E0003716,S000946,U0089,2025-12-30T01:27:09Z,view_item,/product/p0121,P0121
E0003717,S000946,U0089,2025-12-30T01:29:43Z,add_to_cart,/product/p0121,P0121
E0003718,S000946,U0089,2025-12-30T01:34:49Z,page_view,/category/shoes,
E0002248,S000583,U0118,2025-12-30T01:40:36Z,page_view,/category/shoes,
E0002249,S000583,U0118,2025-12-30T01:40:46Z,page_view,/category/shoes,
E0002250,S000583,U0118,2025-12-30T01:41:31Z,view_item,/product/p0375,P0375
E0009547,S002424,U0149,2025-12-30T03:17:38Z,page_view,/category/electronics,
E0009548,S002424,U0149,2025-12-30T03:17:45Z,page_view,/category/electronics,
E0009550,S002424,U0149,2025-12-30T03:18:34Z,page_view,/category/electronics,
E0009551,S002424,U0149,2025-12-30T03:18:35Z,page_view,/pricing,
E0009549,S002424,U0149,2025-12-30T03:19:07Z,page_view,/category/shoes,
E0001570,S000406,U0126,2025-12-30T03:19:36Z,page_view,/category/shoes,
E0001571,S000406,U0126,2025-12-30T03:21:26Z,view_item,/product/p0213,P0213
E0001573,S000406,U0126,2025-12-30T03:23:41Z,page_view,/pricing,
E0001572,S000406,U0126,2025-12-30T03:24:09Z,add_to_cart,/product/p0213,P0213
E0001136,S000293,U0099,2025-12-30T03:24:40Z,page_view,/,
E0001139,S000293,U0099,2025-12-30T03:26:13Z,page_view,/pricing,
E0001574,S000406,U0126,2025-12-30T03:27:56Z,page_view,/category/shoes,
E0008312,S002108,U0136,2025-12-30T03:32:37Z,page_view,/category/home,
E0001138,S000293,U0099,2025-12-30T03:34:11Z,page_view,/search,
E0008314,S002108,U0136,2025-12-30T03:39:17Z,page_view,/category/home,
E0001137,S000293,U0099,2025-12-30T03:41:26Z,page_view,/,
E0008313,S002108,U0136,2025-12-30T03:42:48Z,page_view,/,
E0004460,S001138,U0182,2025-12-30T06:27:04Z,page_view,/,
E0004461,S001138,U0182,2025-12-30T06:27:16Z,page_view,/,
E0004462,S001138,U0182,2025-12-30T06:34:49Z,page_view,/cart,
E0002351,S000605,U0179,2025-12-30T07:54:27Z,page_view,/category/electronics,
E0003613,S000919,U0076,2025-12-30T08:20:47Z,page_view,/,
E0003614,S000919,U0076,2025-12-30T08:22:02Z,page_view,/pricing,
E0005000,S001268,U0074,2025-12-30T10:52:26Z,page_view,/search,
E0001921,S000495,U0212,2025-12-30T11:44:13Z,page_view,/category/shoes,
E0001923,S000495,U0212,2025-12-30T11:45:14Z,view_item,/product/p0429,P0429
E0001922,S000495,U0212,2025-12-30T11:45:18Z,page_view,/search,
E0006214,S001580,U0245,2025-12-30T11:45:40Z,page_view,/category/electronics,
E0001924,S000495,U0212,2025-12-30T11:47:28Z,add_to_cart,/product/p0429,P0429
E0006216,S001580,U0245,2025-12-30T11:48:04Z,page_view,/pricing,
E0006215,S001580,U0245,2025-12-30T11:48:09Z,page_view,/category/home,
E0006217,S001580,U0245,2025-12-30T11:48:32Z,page_view,/category/shoes,
E0001925,S000495,U0212,2025-12-30T11:49:49Z,begin_checkout,/checkout,P0429
E0001926,S000495,U0212,2025-12-30T11:50:35Z,purchase,/thank-you,P0429
E0001927,S000495,U0212,2025-12-30T11:57:49Z,page_view,/category/beauty,
E0001929,S000495,U0212,2025-12-30T11:58:03Z,page_view,/help,
E0001928,S000495,U0212,2025-12-30T12:02:42Z,page_view,/search,
E0007763,S001973,U0249,2025-12-30T12:10:27Z,page_view,/category/shoes,
E0007764,S001973,U0249,2025-12-30T12:10:45Z,page_view,/category/shoes,
E0007766,S001973,U0249,2025-12-30T12:11:51Z,page_view,/category/home,
E0007765,S001973,U0249,2025-12-30T12:13:09Z,view_item,/product/p0444,P0444
E0008344,S002114,U0051,2025-12-30T12:18:50Z,page_view,/search,
E0008345,S002114,U0051,2025-12-30T12:19:10Z,page_view,/search,
E0008346,S002114,U0051,2025-12-30T12:20:25Z,view_item,/product/p0122,P0122
E0004682,S001188,U0144,2025-12-30T12:46:50Z,page_view,/category/electronics,
E0001713,S000443,U0227,2025-12-30T12:47:20Z,page_view,/category/beauty,
E0004687,S001188,U0144,2025-12-30T12:48:27Z,page_view,/help,
E0004683,S001188,U0144,2025-12-30T12:50:41Z,view_item,/product/p0253,P0253
E0004684,S001188,U0144,2025-12-30T12:51:47Z,add_to_cart,/product/p0253,P0253
E0004685,S001188,U0144,2025-12-30T12:52:48Z,begin_checkout,/checkout,P0253
E0004686,S001188,U0144,2025-12-30T12:53:46Z,purchase,/thank-you,P0253
E0001714,S000443,U0227,2025-12-30T13:14:39Z,page_view,/pricing,
E0003497,S000892,U0084,2025-12-30T14:45:30Z,page_view,/search,
E0003498,S000892,U0084,2025-12-30T14:47:28Z,page_view,/search,
E0003499,S000892,U0084,2025-12-30T14:48:39Z,view_item,/product/p0490,P0490
E0003501,S000892,U0084,2025-12-30T14:51:01Z,page_view,/help,
E0003502,S000892,U0084,2025-12-30T14:51:20Z,page_view,/cart,
E0003500,S000892,U0084,2025-12-30T14:53:47Z,page_view,/category/beauty,
E0008444,S002139,U0049,2025-12-30T15:40:24Z,page_view,/,
E0008445,S002139,U0049,2025-12-30T15:40:47Z,page_view,/,
E0008446,S002139,U0049,2025-12-30T15:41:13Z,page_view,/search,
E0008447,S002139,U0049,2025-12-30T15:43:59Z,view_item,/product/p0101,P0101
E0005551,S001406,U0055,2025-12-30T16:38:43Z,page_view,/,
E0005552,S001406,U0055,2025-12-30T16:43:52Z,page_view,/pricing,
E0005553,S001406,U0055,2025-12-30T16:49:59Z,page_view,/category/electronics,
E0005554,S001406,U0055,2025-12-30T16:50:02Z,page_view,/category/shoes,
E0009410,S002391,U0077,2025-12-30T18:12:04Z,page_view,/,
E0009411,S002391,U0077,2025-12-30T18:12:10Z,page_view,/,
E0009412,S002391,U0077,2025-12-30T18:14:14Z,view_item,/product/p0426,P0426
E0009414,S002391,U0077,2025-12-30T18:22:15Z,page_view,/category/beauty,
E0009413,S002391,U0077,2025-12-30T18:22:30Z,page_view,/pricing,
E0003652,S000931,U0105,2025-12-30T21:08:49Z,page_view,/category/beauty,
E0003653,S000931,U0105,2025-12-30T21:08:54Z,page_view,/category/beauty,
E0003657,S000931,U0105,2025-12-30T21:10:43Z,page_view,/cart,
E0003654,S000931,U0105,2025-12-30T21:11:17Z,view_item,/product/p0247,P0247
E0003658,S000931,U0105,2025-12-30T21:12:32Z,page_view,/,
E0003655,S000931,U0105,2025-12-30T21:14:04Z,add_to_cart,/product/p0247,P0247
E0003656,S000931,U0105,2025-12-30T21:15:18Z,begin_checkout,/checkout,P0247
E0008224,S002088,U0041,2025-12-30T22:16:39Z,page_view,/category/beauty,
E0008225,S002088,U0041,2025-12-30T22:17:30Z,view_item,/product/p0144,P0144
E0008228,S002088,U0041,2025-12-30T22:21:06Z,page_view,/,
E0008226,S002088,U0041,2025-12-30T22:29:46Z,page_view,/search,
E0008227,S002088,U0041,2025-12-30T22:31:05Z,page_view,/help,
E0000693,S000175,U0144,2025-12-30T22:52:13Z,page_view,/category/electronics,
E0000694,S000175,U0144,2025-12-30T22:53:27Z,page_view,/search,
E0000695,S000175,U0144,2025-12-30T22:54:20Z,view_item,/product/p0028,P0028
E0000696,S000175,U0144,2025-12-30T22:58:31Z,page_view,/,
E0000697,S000175,U0144,2025-12-30T22:59:41Z,page_view,/pricing,
E0001864,S000479,U0186,2025-12-30T23:35:16Z,page_view,/,
E0001865,S000479,U0186,2025-12-30T23:35:40Z,page_view,/,
E0001866,S000479,U0186,2025-12-30T23:36:11Z,page_view,/search,
E0001867,S000479,U0186,2025-12-30T23:38:43Z,view_item,/product/p0226,P0226
E0001869,S000479,U0186,2025-12-30T23:42:18Z,page_view,/help,
E0001868,S000479,U0186,2025-12-30T23:47:27Z,page_view,/category/beauty,
E0001365,S000356,U0074,2025-12-30T23:52:54Z,page_view,/,
E0001366,S000356,U0074,2025-12-30T23:53:51Z,view_item,/product/p0240,P0240
E0001367,S000356,U0074,2025-12-30T23:56:28Z,page_view,/search,
E0004407,S001125,U0038,2025-12-31T02:05:00Z,page_view,/category/shoes,
E0004408,S001125,U0038,2025-12-31T02:06:59Z,page_view,/search,
E0004409,S001125,U0038,2025-12-31T02:07:20Z,view_item,/product/p0364,P0364
E0004410,S001125,U0038,2025-12-31T02:07:36Z,add_to_cart,/product/p0364,P0364
E0004414,S001125,U0038,2025-12-31T02:08:02Z,page_view,/pricing,
E0004411,S001125,U0038,2025-12-31T02:08:38Z,begin_checkout,/checkout,P0364
E0004412,S001125,U0038,2025-12-31T02:10:04Z,page_view,/search,
E0004413,S001125,U0038,2025-12-31T02:11:44Z,page_view,/,
E0010189,S002594,U0227,2025-12-31T02:26:23Z,page_view,/,
E0010191,S002594,U0227,2025-12-31T02:26:46Z,page_view,/search,
E0010190,S002594,U0227,2025-12-31T02:26:48Z,page_view,/,
E0010195,S002594,U0227,2025-12-31T02:27:15Z,page_view,/help,
E0010192,S002594,U0227,2025-12-31T02:30:21Z,view_item,/product/p0327,P0327
E0010194,S002594,U0227,2025-12-31T02:32:51Z,page_view,/category/electronics,
E0010193,S002594,U0227,2025-12-31T02:43:58Z,page_view,/category/shoes,
E0003559,S000906,U0095,2025-12-31T03:42:43Z,page_view,/category/electronics,
E0003560,S000906,U0095,2025-12-31T04:02:33Z,page_view,/search,
E0000378,S000094,U0005,2025-12-31T04:15:44Z,page_view,/category/home,
E0000379,S000094,U0005,2025-12-31T04:15:58Z,page_view,/category/home,
E0002142,S000554,U0053,2025-12-31T05:16:52Z,page_view,/,
E0002143,S000554,U0053,2025-12-31T05:18:16Z,view_item,/product/p0147,P0147
E0002422,S000623,U0225,2025-12-31T05:21:26Z,page_view,/search,
E0002146,S000554,U0053,2025-12-31T05:23:11Z,page_view,/category/electronics,
E0002144,S000554,U0053,2025-12-31T05:26:29Z,page_view,/pricing,
E0002423,S000623,U0225,2025-12-31T05:26:51Z,page_view,/,
E0002424,S000623,U0225,2025-12-31T05:30:59Z,page_view,/pricing,
E0002145,S000554,U0053,2025-12-31T05:47:49Z,page_view,/category/electronics,
E0007527,S001914,U0185,2025-12-31T06:46:30Z,page_view,/category/electronics,
E0007528,S001914,U0185,2025-12-31T06:49:08Z,view_item,/product/p0404,P0404
E0007529,S001914,U0185,2025-12-31T06:50:29Z,add_to_cart,/product/p0404,P0404
E0008921,S002263,U0204,2025-12-31T08:01:52Z,page_view,/category/electronics,
E0008922,S002263,U0204,2025-12-31T08:02:13Z,page_view,/category/electronics,
E0008923,S002263,U0204,2025-12-31T08:03:02Z,view_item,/product/p0389,P0389
E0008924,S002263,U0204,2025-12-31T08:03:45Z,page_view,/search,
E0008925,S002263,U0204,2025-12-31T08:16:14Z,page_view,/pricing,
E0008926,S002263,U0204,2025-12-31T08:17:46Z,page_view,/category/shoes,
E0002619,S000674,U0178,2025-12-31T09:45:44Z,page_view,/search,
E0002620,S000674,U0178,2025-12-31T10:06:02Z,page_view,/help,
E0002621,S000674,U0178,2025-12-31T10:15:58Z,page_view,/pricing,
E0009359,S002378,U0194,2025-12-31T10:32:52Z,page_view,/,
E0009360,S002378,U0194,2025-12-31T10:36:53Z,page_view,/category/beauty,
E0009362,S002378,U0194,2025-12-31T10:59:41Z,page_view,/,
E0009361,S002378,U0194,2025-12-31T11:03:22Z,page_view,/cart,
E0005973,S001516,U0223,2025-12-31T14:18:02Z,page_view,/,
E0005974,S001516,U0223,2025-12-31T14:19:30Z,page_view,/search,
E0005975,S001516,U0223,2025-12-31T14:20:28Z,view_item,/product/p0014,P0014
E0005976,S001516,U0223,2025-12-31T14:29:25Z,page_view,/,
E0002654,S000685,U0022,2025-12-31T15:04:03Z,page_view,/category/shoes,
E0002655,S000685,U0022,2025-12-31T15:04:26Z,page_view,/category/shoes,
E0002656,S000685,U0022,2025-12-31T15:05:18Z,page_view,/search,
E0002658,S000685,U0022,2025-12-31T15:07:39Z,page_view,/category/electronics,
E0002657,S000685,U0022,2025-12-31T15:07:48Z,view_item,/product/p0196,P0196
E0001875,S000481,U0178,2025-12-31T15:09:20Z,page_view,/category/shoes,
E0001876,S000481,U0178,2025-12-31T15:10:28Z,view_item,/product/p0117,P0117
E0001877,S000481,U0178,2025-12-31T15:11:53Z,add_to_cart,/product/p0117,P0117
E0002660,S000685,U0022,2025-12-31T15:13:18Z,page_view,/pricing,
E0001878,S000481,U0178,2025-12-31T15:13:36Z,begin_checkout,/checkout,P0117
E0001879,S000481,U0178,2025-12-31T15:14:17Z,purchase,/thank-you,P0117
E0002659,S000685,U0022,2025-12-31T15:19:31Z,page_view,/category/shoes,
E0001880,S000481,U0178,2025-12-31T15:23:36Z,page_view,/category/beauty,
E0004440,S001133,U0128,2025-12-31T18:15:02Z,page_view,/category/shoes,
E0004441,S001133,U0128,2025-12-31T18:18:38Z,view_item,/product/p0497,P0497
E0004442,S001133,U0128,2025-12-31T18:21:03Z,page_view,/category/electronics,
E0005296,S001346,U0042,2025-12-31T19:15:38Z,page_view,/category/beauty,
E0005297,S001346,U0042,2025-12-31T19:15:45Z,page_view,/category/beauty,
E0001730,S000448,U0047,2025-12-31T19:18:24Z,page_view,/,
E0001731,S000448,U0047,2025-12-31T19:18:30Z,page_view,/,
E0001733,S000448,U0047,2025-12-31T19:24:05Z,page_view,/pricing,
E0005298,S001346,U0042,2025-12-31T19:30:26Z,page_view,/category/beauty,
E0005300,S001346,U0042,2025-12-31T19:31:34Z,page_view,/category/home,
E0005299,S001346,U0042,2025-12-31T19:35:06Z,page_view,/category/beauty,
E0004417,S001127,U0135,2025-12-31T19:39:18Z,page_view,/category/shoes,
E0007849,S001995,U0095,2025-12-31T19:39:44Z,page_view,/category/electronics,
E0007850,S001995,U0095,2025-12-31T19:40:27Z,page_view,/search,
E0004418,S001127,U0135,2025-12-31T19:40:44Z,page_view,/search,
E0001732,S000448,U0047,2025-12-31T19:41:21Z,page_view,/cart,
E0007851,S001995,U0095,2025-12-31T19:41:31Z,view_item,/product/p0283,P0283
E0004419,S001127,U0135,2025-12-31T19:42:32Z,view_item,/product/p0316,P0316
E0007852,S001995,U0095,2025-12-31T19:43:12Z,add_to_cart,/product/p0283,P0283
E0007853,S001995,U0095,2025-12-31T19:49:26Z,page_view,/,
E0007854,S001995,U0095,2025-12-31T19:55:50Z,page_view,/search,
E0001621,S000420,U0249,2025-12-31T20:00:43Z,page_view,/,
E0001622,S000420,U0249,2025-12-31T20:00:53Z,page_view,/,
E0001623,S000420,U0249,2025-12-31T20:02:45Z,view_item,/product/p0365,P0365
E0001624,S000420,U0249,2025-12-31T20:03:11Z,add_to_cart,/product/p0365,P0365
E0005967,S001514,U0221,2025-12-31T20:11:29Z,page_view,/category/beauty,
E0007855,S001995,U0095,2025-12-31T20:13:02Z,page_view,/pricing,
E0001625,S000420,U0249,2025-12-31T20:21:09Z,page_view,/category/home,
E0006218,S001581,U0236,2025-12-31T22:58:12Z,page_view,/search,
E0006219,S001581,U0236,2025-12-31T22:58:33Z,page_view,/search,
E0006221,S001581,U0236,2025-12-31T23:04:10Z,page_view,/search,
E0006220,S001581,U0236,2025-12-31T23:07:32Z,page_view,/category/home,
E0007313,S001858,U0227,2025-12-31T23:22:52Z,page_view,/category/home,
E0001360,S000355,U0009,2025-12-31T23:46:44Z,page_view,/category/electronics,
E0001361,S000355,U0009,2025-12-31T23:46:59Z,page_view,/category/electronics,
E0001362,S000355,U0009,2025-12-31T23:47:04Z,page_view,/search,
E0001363,S000355,U0009,2025-12-31T23:48:43Z,view_item,/product/p0077,P0077
E0007314,S001858,U0227,2025-12-31T23:55:05Z,page_view,/help,
E0008881,S002252,U0001,2026-01-01T00:01:50Z,page_view,/,
E0001364,S000355,U0009,2026-01-01T00:10:58Z,page_view,/category/home,
E0008884,S002252,U0001,2026-01-01T00:12:45Z,page_view,/category/shoes,
E0003146,S000800,U0109,2026-01-01T00:20:18Z,page_view,/category/shoes,
E0008883,S002252,U0001,2026-01-01T00:25:24Z,page_view,/cart,
E0008882,S002252,U0001,2026-01-01T00:27:08Z,page_view,/category/shoes,
E0003066,S000778,U0111,2026-01-01T00:39:48Z,page_view,/category/shoes,
E0003068,S000778,U0111,2026-01-01T00:40:42Z,page_view,/pricing,
E0003067,S000778,U0111,2026-01-01T00:40:44Z,page_view,/category/shoes,
E0000608,S000155,U0195,2026-01-01T02:05:41Z,page_view,/,
E0000609,S000155,U0195,2026-01-01T02:05:47Z,page_view,/,
E0007086,S001801,U0013,2026-01-01T02:11:09Z,page_view,/category/electronics,
E0007087,S001801,U0013,2026-01-01T02:11:15Z,page_view,/category/electronics,
E0004592,S001164,U0086,2026-01-01T02:11:56Z,page_view,/category/electronics,
E0007088,S001801,U0013,2026-01-01T02:12:27Z,view_item,/product/p0363,P0363
E0004593,S001164,U0086,2026-01-01T02:13:24Z,view_item,/product/p0185,P0185
E0000612,S000155,U0195,2026-01-01T02:13:48Z,page_view,/category/beauty,
E0004594,S001164,U0086,2026-01-01T02:14:57Z,add_to_cart,/product/p0185,P0185
E0004595,S001164,U0086,2026-01-01T02:16:08Z,begin_checkout,/checkout,P0185
E0004596,S001164,U0086,2026-01-01T02:18:17Z,purchase,/thank-you,P0185
E0000610,S000155,U0195,2026-01-01T02:19:41Z,page_view,/pricing,
E0000611,S000155,U0195,2026-01-01T02:24:49Z,page_view,/category/home,
E0003775,S000964,U0225,2026-01-01T02:26:35Z,page_view,/category/electronics,
E0003776,S000964,U0225,2026-01-01T02:30:30Z,page_view,/pricing,
E0006889,S001747,U0040,2026-01-01T02:34:11Z,page_view,/category/shoes,
E0006891,S001747,U0040,2026-01-01T02:35:09Z,view_item,/product/p0281,P0281
E0006890,S001747,U0040,2026-01-01T02:35:55Z,page_view,/search,
E0003777,S000964,U0225,2026-01-01T02:41:56Z,page_view,/,
E0001117,S000288,U0113,2026-01-01T02:42:05Z,page_view,/category/beauty,
E0005622,S001425,U0235,2026-01-01T04:43:42Z,page_view,/category/shoes,
E0005624,S001425,U0235,2026-01-01T04:44:54Z,view_item,/product/p0072,P0072
E0005623,S001425,U0235,2026-01-01T04:45:19Z,page_view,/search,
E0005626,S001425,U0235,2026-01-01T04:48:51Z,page_view,/search,
E0005625,S001425,U0235,2026-01-01T05:13:44Z,page_view,/category/home,
E0001417,S000370,U0194,2026-01-01T07:29:59Z,page_view,/,
E0001418,S000370,U0194,2026-01-01T07:34:10Z,page_view,/search,
E0001419,S000370,U0194,2026-01-01T07:49:25Z,page_view,/category/home,
E0009474,S002407,U0233,2026-01-01T09:21:23Z,page_view,/category/beauty,
E0009475,S002407,U0233,2026-01-01T09:35:48Z,page_view,/category/shoes,
E0009476,S002407,U0233,2026-01-01T09:42:27Z,page_view,/pricing,
E0000634,S000161,U0086,2026-01-01T11:26:39Z,page_view,/category/beauty,
E0000636,S000161,U0086,2026-01-01T11:28:18Z,view_item,/product/p0321,P0321
E0000635,S000161,U0086,2026-01-01T11:28:30Z,page_view,/search,
E0000637,S000161,U0086,2026-01-01T11:32:58Z,page_view,/pricing,
E0005253,S001337,U0109,2026-01-01T13:26:16Z,page_view,/category/shoes,
E0005254,S001337,U0109,2026-01-01T13:29:47Z,page_view,/category/beauty,
E0005255,S001337,U0109,2026-01-01T13:31:39Z,page_view,/category/home,
E0006143,S001560,U0227,2026-01-01T14:42:05Z,page_view,/category/shoes,
E0006144,S001560,U0227,2026-01-01T14:44:07Z,view_item,/product/p0288,P0288
E0006145,S001560,U0227,2026-01-01T14:44:58Z,add_to_cart,/product/p0288,P0288
E0008347,S002115,U0044,2026-01-01T14:52:20Z,page_view,/,
E0008348,S002115,U0044,2026-01-01T14:52:35Z,page_view,/,
E0008349,S002115,U0044,2026-01-01T14:52:57Z,page_view,/search,
E0008350,S002115,U0044,2026-01-01T14:54:42Z,view_item,/product/p0305,P0305
E0006147,S001560,U0227,2026-01-01T14:55:33Z,page_view,/help,
E0006148,S001560,U0227,2026-01-01T15:00:25Z,page_view,/category/beauty,
E0006146,S001560,U0227,2026-01-01T15:08:28Z,page_view,/category/electronics,
E0008352,S002115,U0044,2026-01-01T15:15:53Z,page_view,/,
E0008351,S002115,U0044,2026-01-01T15:18:32Z,page_view,/cart,
E0007912,S002009,U0041,2026-01-01T15:54:04Z,page_view,/category/shoes,
E0007915,S002009,U0041,2026-01-01T15:57:18Z,page_view,/category/beauty,
E0007914,S002009,U0041,2026-01-01T15:59:36Z,page_view,/category/beauty,
E0007913,S002009,U0041,2026-01-01T16:06:01Z,page_view,/category/electronics,
E0006316,S001601,U0158,2026-01-01T16:40:16Z,page_view,/,
E0006317,S001601,U0158,2026-01-01T16:40:26Z,page_view,/,
E0006318,S001601,U0158,2026-01-01T16:44:01Z,view_item,/product/p0257,P0257
E0006322,S001601,U0158,2026-01-01T16:44:35Z,page_view,/cart,
E0006319,S001601,U0158,2026-01-01T16:46:46Z,add_to_cart,/product/p0257,P0257
E0006320,S001601,U0158,2026-01-01T16:49:45Z,begin_checkout,/checkout,P0257
E0006321,S001601,U0158,2026-01-01T16:53:31Z,purchase,/thank-you,P0257
E0006323,S001601,U0158,2026-01-01T17:00:26Z,page_view,/category/home,
E0000434,S000108,U0013,2026-01-01T17:04:24Z,page_view,/category/electronics,
E0000435,S000108,U0013,2026-01-01T17:05:03Z,page_view,/search,
E0000436,S000108,U0013,2026-01-01T17:08:10Z,view_item,/product/p0220,P0220
E0000975,S000251,U0162,2026-01-01T17:12:27Z,page_view,/category/beauty,
E0000977,S000251,U0162,2026-01-01T17:13:21Z,page_view,/category/beauty,
E0000976,S000251,U0162,2026-01-01T17:14:24Z,view_item,/product/p0072,P0072
E0000978,S000251,U0162,2026-01-01T17:14:24Z,page_view,/category/shoes,
E0000437,S000108,U0013,2026-01-01T17:14:39Z,page_view,/cart,
E0004780,S001212,U0131,2026-01-01T18:00:53Z,page_view,/,
E0004781,S001212,U0131,2026-01-01T18:00:58Z,page_view,/,
E0004782,S001212,U0131,2026-01-01T18:17:19Z,page_view,/pricing,
E0002932,S000745,U0239,2026-01-01T19:41:26Z,page_view,/search,
E0002933,S000745,U0239,2026-01-01T19:44:50Z,page_view,/pricing,
E0002934,S000745,U0239,2026-01-01T19:49:27Z,page_view,/help,
E0005179,S001320,U0209,2026-01-01T20:30:15Z,page_view,/,
E0005180,S001320,U0209,2026-01-01T20:44:25Z,page_view,/,
E0003995,S001018,U0109,2026-01-01T21:21:09Z,page_view,/,
E0004534,S001154,U0114,2026-01-01T22:50:10Z,page_view,/,
E0004535,S001154,U0114,2026-01-01T22:50:56Z,page_view,/search,
E0004536,S001154,U0114,2026-01-01T22:52:39Z,view_item,/product/p0237,P0237
E0004537,S001154,U0114,2026-01-01T22:53:09Z,add_to_cart,/product/p0237,P0237
E0009262,S002352,U0210,2026-01-01T22:56:43Z,page_view,/category/shoes,
E0009263,S002352,U0210,2026-01-01T22:58:43Z,view_item,/product/p0130,P0130
E0004538,S001154,U0114,2026-01-01T22:59:51Z,page_view,/category/shoes,
E0004539,S001154,U0114,2026-01-01T23:01:29Z,page_view,/,
E0003978,S001015,U0159,2026-01-01T23:37:07Z,page_view,/category/electronics,
E0003979,S001015,U0159,2026-01-01T23:37:16Z,page_view,/category/electronics,
E0003980,S001015,U0159,2026-01-01T23:37:50Z,page_view,/search,
E0003981,S001015,U0159,2026-01-01T23:38:45Z,view_item,/product/p0418,P0418
E0003982,S001015,U0159,2026-01-01T23:38:55Z,add_to_cart,/product/p0418,P0418
E0009724,S002473,U0108,2026-01-01T23:39:50Z,page_view,/category/shoes,
E0003983,S001015,U0159,2026-01-01T23:42:07Z,begin_checkout,/checkout,P0418
E0003984,S001015,U0159,2026-01-01T23:42:56Z,purchase,/thank-you,P0418
E0008063,S002052,U0104,2026-01-02T03:29:41Z,page_view,/search,
E0008064,S002052,U0104,2026-01-02T03:30:01Z,page_view,/search,
E0008066,S002052,U0104,2026-01-02T03:41:54Z,page_view,/category/electronics,
E0008065,S002052,U0104,2026-01-02T03:45:25Z,page_view,/category/beauty,
E0009688,S002464,U0044,2026-01-02T04:41:37Z,page_view,/category/shoes,
E0009689,S002464,U0044,2026-01-02T04:41:49Z,page_view,/category/shoes,
E0007415,S001883,U0233,2026-01-02T04:42:09Z,page_view,/category/home,
E0009690,S002464,U0044,2026-01-02T04:42:54Z,view_item,/product/p0222,P0222
E0007417,S001883,U0233,2026-01-02T04:43:18Z,view_item,/product/p0225,P0225
E0007416,S001883,U0233,2026-01-02T04:43:56Z,page_view,/search,
E0009692,S002464,U0044,2026-01-02T04:48:57Z,page_view,/category/home,
E0009691,S002464,U0044,2026-01-02T04:50:04Z,page_view,/category/home,
E0007418,S001883,U0233,2026-01-02T04:52:38Z,page_view,/category/beauty,
E0007420,S001883,U0233,2026-01-02T04:59:24Z,page_view,/category/shoes,
E0007419,S001883,U0233,2026-01-02T05:12:02Z,page_view,/pricing,
E0001220,S000316,U0206,2026-01-02T05:36:41Z,page_view,/,
E0001221,S000316,U0206,2026-01-02T05:36:55Z,page_view,/,
E0001222,S000316,U0206,2026-01-02T05:49:53Z,page_view,/pricing,
E0008510,S002154,U0152,2026-01-02T06:21:34Z,page_view,/category/electronics,
E0008512,S002154,U0152,2026-01-02T06:25:53Z,page_view,/,
E0008511,S002154,U0152,2026-01-02T06:29:01Z,page_view,/pricing,
E0008513,S002154,U0152,2026-01-02T06:37:14Z,page_view,/category/shoes,
E0001032,S000264,U0217,2026-01-02T06:53:24Z,page_view,/category/beauty,
E0001033,S000264,U0217,2026-01-02T07:33:57Z,page_view,/help,
E0001034,S000264,U0217,2026-01-02T07:36:12Z,page_view,/cart,
E0008619,S002184,U0225,2026-01-02T07:46:04Z,page_view,/search,
E0008620,S002184,U0225,2026-01-02T07:46:57Z,page_view,/search,
E0008621,S002184,U0225,2026-01-02T07:48:40Z,view_item,/product/p0197,P0197
E0009250,S002350,U0158,2026-01-02T08:59:04Z,page_view,/search,
E0009251,S002350,U0158,2026-01-02T08:59:15Z,page_view,/search,
E0009253,S002350,U0158,2026-01-02T08:59:50Z,view_item,/product/p0459,P0459
E0009252,S002350,U0158,2026-01-02T09:00:41Z,page_view,/search,
E0009254,S002350,U0158,2026-01-02T09:01:11Z,add_to_cart,/product/p0459,P0459
E0009255,S002350,U0158,2026-01-02T09:20:03Z,page_view,/category/shoes,
E0009256,S002350,U0158,2026-01-02T09:32:37Z,page_view,/category/shoes,
E0004141,S001058,U0190,2026-01-02T10:47:51Z,page_view,/category/home,
E0004142,S001058,U0190,2026-01-02T10:49:30Z,view_item,/product/p0368,P0368
E0004143,S001058,U0190,2026-01-02T10:54:04Z,page_view,/category/home,
E0004144,S001058,U0190,2026-01-02T11:00:29Z,page_view,/help,
E0005817,S001474,U0081,2026-01-02T11:22:48Z,page_view,/category/electronics,
E0005818,S001474,U0081,2026-01-02T11:22:53Z,page_view,/category/electronics,
E0005820,S001474,U0081,2026-01-02T11:24:16Z,page_view,/help,
E0005819,S001474,U0081,2026-01-02T11:26:04Z,view_item,/product/p0184,P0184
E0005822,S001474,U0081,2026-01-02T11:29:29Z,page_view,/category/electronics,
E0005821,S001474,U0081,2026-01-02T11:36:21Z,page_view,/category/shoes,
E0006933,S001758,U0097,2026-01-02T11:39:48Z,page_view,/,
E0006934,S001758,U0097,2026-01-02T11:41:41Z,view_item,/product/p0417,P0417
E0001250,S000324,U0117,2026-01-02T13:20:52Z,page_view,/category/shoes,
E0001252,S000324,U0117,2026-01-02T13:44:23Z,page_view,/cart,
E0001251,S000324,U0117,2026-01-02T13:46:32Z,page_view,/search,
E0009040,S002295,U0179,2026-01-02T14:17:09Z,page_view,/category/electronics,
E0009041,S002295,U0179,2026-01-02T14:17:48Z,page_view,/search,
E0009042,S002295,U0179,2026-01-02T14:20:07Z,view_item,/product/p0079,P0079
E0005673,S001438,U0171,2026-01-02T14:25:28Z,page_view,/category/beauty,
E0005674,S001438,U0171,2026-01-02T14:25:53Z,page_view,/search,
E0005675,S001438,U0171,2026-01-02T14:26:12Z,view_item,/product/p0429,P0429
E0008785,S002229,U0164,2026-01-02T15:21:26Z,page_view,/category/shoes,
E0008786,S002229,U0164,2026-01-02T15:21:51Z,page_view,/category/shoes,
E0008787,S002229,U0164,2026-01-02T15:23:40Z,page_view,/category/shoes,
E0008788,S002229,U0164,2026-01-02T15:24:55Z,page_view,/pricing,
E0008789,S002229,U0164,2026-01-02T15:28:25Z,page_view,/,
E0005873,S001491,U0047,2026-01-02T15:29:07Z,page_view,/category/shoes,
E0005874,S001491,U0047,2026-01-02T15:30:49Z,view_item,/product/p0471,P0471
E0005875,S001491,U0047,2026-01-02T15:44:07Z,page_view,/category/beauty,
E0002518,S000646,U0205,2026-01-02T17:14:03Z,page_view,/search,
E0002519,S000646,U0205,2026-01-02T17:14:43Z,page_view,/search,
E0002525,S000646,U0205,2026-01-02T17:14:45Z,page_view,/cart,
E0002520,S000646,U0205,2026-01-02T17:14:53Z,view_item,/product/p0462,P0462
E0002521,S000646,U0205,2026-01-02T17:16:27Z,add_to_cart,/product/p0462,P0462
E0002524,S000646,U0205,2026-01-02T17:18:55Z,page_view,/category/beauty,
E0002522,S000646,U0205,2026-01-02T17:19:37Z,begin_checkout,/checkout,P0462
E0002523,S000646,U0205,2026-01-02T17:22:57Z,page_view,/search,
E0002411,S000620,U0052,2026-01-02T18:28:10Z,page_view,/category/shoes,
E0002412,S000620,U0052,2026-01-02T18:31:29Z,page_view,/category/shoes,
E0009465,S002405,U0082,2026-01-02T20:25:06Z,page_view,/category/home,
E0009466,S002405,U0082,2026-01-02T20:25:31Z,page_view,/category/home,
E0009467,S002405,U0082,2026-01-02T20:26:51Z,page_view,/search,
E0009468,S002405,U0082,2026-01-02T20:28:56Z,view_item,/product/p0040,P0040
E0009365,S002380,U0192,2026-01-02T20:30:56Z,page_view,/,
E0009368,S002380,U0192,2026-01-02T20:31:39Z,page_view,/,
E0009366,S002380,U0192,2026-01-02T20:31:51Z,page_view,/search,
E0009369,S002380,U0192,2026-01-02T20:32:07Z,page_view,/,
E0009367,S002380,U0192,2026-01-02T20:32:26Z,view_item,/product/p0112,P0112
E0009370,S002380,U0192,2026-01-02T20:34:16Z,page_view,/category/electronics,
E0008896,S002257,U0028,2026-01-02T21:07:54Z,page_view,/category/home,
E0008897,S002257,U0028,2026-01-02T21:08:16Z,page_view,/search,
E0008900,S002257,U0028,2026-01-02T21:09:07Z,page_view,/category/home,
E0008899,S002257,U0028,2026-01-02T21:09:10Z,page_view,/category/home,
E0008901,S002257,U0028,2026-01-02T21:09:16Z,page_view,/category/shoes,
E0008898,S002257,U0028,2026-01-02T21:11:21Z,view_item,/product/p0004,P0004
E0006443,S001630,U0063,2026-01-02T21:59:43Z,page_view,/category/home,
E0006445,S001630,U0063,2026-01-02T22:00:29Z,view_item,/product/p0299,P0299
E0006444,S001630,U0063,2026-01-02T22:00:52Z,page_view,/search,
E0001223,S000317,U0223,2026-01-02T22:07:09Z,page_view,/category/shoes,
E0007370,S001872,U0058,2026-01-02T22:13:19Z,page_view,/category/beauty,
E0007371,S001872,U0058,2026-01-02T22:15:08Z,view_item,/product/p0333,P0333
E0007372,S001872,U0058,2026-01-02T22:16:10Z,add_to_cart,/product/p0333,P0333
E0007375,S001872,U0058,2026-01-02T22:16:18Z,page_view,/pricing,
E0007373,S001872,U0058,2026-01-02T22:19:20Z,begin_checkout,/checkout,P0333
E0006446,S001630,U0063,2026-01-02T22:20:55Z,page_view,/category/shoes,
E0007374,S001872,U0058,2026-01-02T22:24:07Z,page_view,/category/beauty,
E0001225,S000317,U0223,2026-01-02T22:33:41Z,page_view,/category/electronics,
E0001224,S000317,U0223,2026-01-02T22:38:45Z,page_view,/pricing,
E0007908,S002008,U0088,2026-01-02T22:48:23Z,page_view,/category/home,
E0007909,S002008,U0088,2026-01-02T22:48:43Z,page_view,/category/home,
E0007910,S002008,U0088,2026-01-02T22:50:14Z,view_item,/product/p0313,P0313
E0007911,S002008,U0088,2026-01-02T23:05:25Z,page_view,/category/beauty,
E0002625,S000676,U0122,2026-01-02T23:08:23Z,page_view,/,
E0002626,S000676,U0122,2026-01-02T23:15:02Z,page_view,/,
E0009087,S002307,U0050,2026-01-03T01:22:08Z,page_view,/category/electronics,
E0009089,S002307,U0050,2026-01-03T01:23:01Z,view_item,/product/p0144,P0144
E0009088,S002307,U0050,2026-01-03T01:24:07Z,page_view,/search,
E0002401,S000618,U0191,2026-01-03T01:26:08Z,page_view,/category/beauty,
E0002402,S000618,U0191,2026-01-03T01:26:27Z,page_view,/category/beauty,
E0002405,S000618,U0191,2026-01-03T01:26:57Z,page_view,/category/shoes,
E0002403,S000618,U0191,2026-01-03T01:27:00Z,page_view,/search,
E0002404,S000618,U0191,2026-01-03T01:27:43Z,view_item,/product/p0321,P0321
E0002406,S000618,U0191,2026-01-03T01:30:26Z,page_view,/search,
E0009090,S002307,U0050,2026-01-03T01:31:09Z,page_view,/category/home,
E0009091,S002307,U0050,2026-01-03T01:32:01Z,page_view,/pricing,
E0002029,S000525,U0011,2026-01-03T03:07:15Z,page_view,/category/beauty,
E0002030,S000525,U0011,2026-01-03T03:08:19Z,view_item,/product/p0112,P0112
E0002031,S000525,U0011,2026-01-03T03:18:18Z,page_view,/category/beauty,
E0000456,S000114,U0145,2026-01-03T03:45:33Z,page_view,/category/shoes,
E0000457,S000114,U0145,2026-01-03T03:45:51Z,page_view,/category/shoes,
E0000458,S000114,U0145,2026-01-03T03:46:35Z,page_view,/search,
E0000459,S000114,U0145,2026-01-03T03:47:30Z,view_item,/product/p0486,P0486
E0000460,S000114,U0145,2026-01-03T03:47:43Z,add_to_cart,/product/p0486,P0486
E0000461,S000114,U0145,2026-01-03T03:57:38Z,page_view,/category/home,
E0004201,S001074,U0072,2026-01-03T04:31:40Z,page_view,/,
E0004204,S001074,U0072,2026-01-03T04:40:45Z,page_view,/search,
E0004203,S001074,U0072,2026-01-03T04:41:06Z,page_view,/help,
E0000035,S000009,U0025,2026-01-03T04:44:35Z,page_view,/category/electronics,
E0000038,S000009,U0025,2026-01-03T04:45:18Z,page_view,/pricing,
E0000037,S000009,U0025,2026-01-03T04:48:37Z,page_view,/cart,
E0000036,S000009,U0025,2026-01-03T04:49:53Z,page_view,/category/beauty,
E0004202,S001074,U0072,2026-01-03T04:49:53Z,page_view,/search,
E0003467,S000884,U0005,2026-01-03T05:05:35Z,page_view,/category/home,
E0003469,S000884,U0005,2026-01-03T05:14:09Z,page_view,/,
E0003468,S000884,U0005,2026-01-03T05:15:25Z,page_view,/search,
E0001302,S000339,U0181,2026-01-03T07:11:38Z,page_view,/category/shoes,
E0001303,S000339,U0181,2026-01-03T07:11:46Z,page_view,/category/shoes,
E0001304,S000339,U0181,2026-01-03T07:12:18Z,page_view,/search,
E0001305,S000339,U0181,2026-01-03T07:13:30Z,view_item,/product/p0406,P0406
E0001306,S000339,U0181,2026-01-03T07:15:14Z,page_view,/,
E0001561,S000403,U0141,2026-01-03T07:29:15Z,page_view,/,
E0001562,S000403,U0141,2026-01-03T07:29:28Z,page_view,/,
E0001563,S000403,U0141,2026-01-03T07:53:48Z,page_view,/help,
E0005216,S001329,U0246,2026-01-03T08:46:43Z,page_view,/category/electronics,
E0006403,S001619,U0140,2026-01-03T08:51:51Z,page_view,/category/electronics,
E0006407,S001619,U0140,2026-01-03T08:54:13Z,page_view,/category/home,
E0005217,S001329,U0246,2026-01-03T08:55:01Z,page_view,/,
E0006404,S001619,U0140,2026-01-03T08:55:40Z,view_item,/product/p0309,P0309
E0006405,S001619,U0140,2026-01-03T08:57:00Z,add_to_cart,/product/p0309,P0309
E0006406,S001619,U0140,2026-01-03T09:01:41Z,page_view,/category/electronics,
E0007843,S001993,U0110,2026-01-03T09:33:21Z,page_view,/category/beauty,
E0007844,S001993,U0110,2026-01-03T09:34:23Z,page_view,/search,
E0007845,S001993,U0110,2026-01-03T09:34:48Z,view_item,/product/p0180,P0180
E0004863,S001239,U0239,2026-01-03T09:40:55Z,page_view,/category/electronics,
E0004864,S001239,U0239,2026-01-03T09:41:00Z,page_view,/category/electronics,
E0004866,S001239,U0239,2026-01-03T09:41:38Z,view_item,/product/p0492,P0492
E0004865,S001239,U0239,2026-01-03T09:42:02Z,page_view,/search,
E0004867,S001239,U0239,2026-01-03T09:42:42Z,add_to_cart,/product/p0492,P0492
E0004868,S001239,U0239,2026-01-03T09:44:25Z,begin_checkout,/checkout,P0492
E0004869,S001239,U0239,2026-01-03T09:45:05Z,page_view,/cart,
E0007458,S001894,U0206,2026-01-03T09:54:21Z,page_view,/,
E0007459,S001894,U0206,2026-01-03T09:54:44Z,page_view,/,
E0007460,S001894,U0206,2026-01-03T09:54:57Z,page_view,/search,
E0007466,S001894,U0206,2026-01-03T09:56:42Z,page_view,/cart,
E0007461,S001894,U0206,2026-01-03T09:57:12Z,view_item,/product/p0279,P0279
E0007462,S001894,U0206,2026-01-03T09:59:24Z,add_to_cart,/product/p0279,P0279
E0007463,S001894,U0206,2026-01-03T10:00:28Z,begin_checkout,/checkout,P0279
E0004870,S001239,U0239,2026-01-03T10:01:49Z,page_view,/category/home,
E0004871,S001239,U0239,2026-01-03T10:01:58Z,page_view,/search,
E0007464,S001894,U0206,2026-01-03T10:03:46Z,purchase,/thank-you,P0279
E0007467,S001894,U0206,2026-01-03T10:11:16Z,page_view,/,
E0007465,S001894,U0206,2026-01-03T10:17:08Z,page_view,/category/shoes,
E0008851,S002244,U0094,2026-01-03T11:07:46Z,page_view,/,
E0008852,S002244,U0094,2026-01-03T11:08:31Z,view_item,/product/p0033,P0033
E0008475,S002146,U0148,2026-01-03T11:20:36Z,page_view,/,
E0008476,S002146,U0148,2026-01-03T11:21:07Z,page_view,/search,
E0008477,S002146,U0148,2026-01-03T11:21:49Z,view_item,/product/p0417,P0417
E0008853,S002244,U0094,2026-01-03T11:27:12Z,page_view,/category/electronics,
E0004218,S001078,U0092,2026-01-03T13:16:31Z,page_view,/category/home,
E0004219,S001078,U0092,2026-01-03T13:16:49Z,page_view,/category/home,
E0004220,S001078,U0092,2026-01-03T13:17:21Z,page_view,/category/home,
E0002838,S000725,U0214,2026-01-03T14:46:20Z,page_view,/,
E0002845,S000725,U0214,2026-01-03T14:46:50Z,page_view,/category/home,
E0002843,S000725,U0214,2026-01-03T14:46:52Z,page_view,/search,
E0002844,S000725,U0214,2026-01-03T14:47:39Z,page_view,/category/electronics,
E0002842,S000725,U0214,2026-01-03T14:47:40Z,purchase,/thank-you,P0250
E0002839,S000725,U0214,2026-01-03T14:48:25Z,view_item,/product/p0250,P0250
E0002840,S000725,U0214,2026-01-03T14:49:10Z,add_to_cart,/product/p0250,P0250
E0002841,S000725,U0214,2026-01-03T14:51:59Z,begin_checkout,/checkout,P0250
E0000272,S000068,U0086,2026-01-03T16:03:13Z,page_view,/category/beauty,
E0000273,S000068,U0086,2026-01-03T16:03:23Z,page_view,/category/beauty,
E0000274,S000068,U0086,2026-01-03T16:09:38Z,page_view,/category/shoes,
E0000275,S000068,U0086,2026-01-03T16:11:05Z,page_view,/,
E0000276,S000068,U0086,2026-01-03T16:15:27Z,page_view,/category/shoes,
E0000391,S000098,U0109,2026-01-03T18:11:59Z,page_view,/,
E0000392,S000098,U0109,2026-01-03T18:13:19Z,page_view,/cart,
E0007526,S001913,U0147,2026-01-03T20:27:30Z,page_view,/category/electronics,
E0008220,S002087,U0127,2026-01-03T22:34:56Z,page_view,/,
E0008221,S002087,U0127,2026-01-03T22:41:25Z,page_view,/category/home,
E0008223,S002087,U0127,2026-01-03T22:44:15Z,page_view,/category/shoes,
E0008222,S002087,U0127,2026-01-03T22:48:37Z,page_view,/category/beauty,
E0004316,S001102,U0063,2026-01-04T00:57:22Z,page_view,/search,
E0007956,S002020,U0148,2026-01-04T01:42:24Z,page_view,/category/beauty,
E0007957,S002020,U0148,2026-01-04T01:42:41Z,page_view,/category/beauty,
E0007958,S002020,U0148,2026-01-04T01:43:28Z,page_view,/search,
E0007959,S002020,U0148,2026-01-04T01:44:27Z,view_item,/product/p0383,P0383
E0007960,S002020,U0148,2026-01-04T01:46:23Z,add_to_cart,/product/p0383,P0383
E0002097,S000542,U0055,2026-01-04T01:47:13Z,page_view,/category/shoes,
E0007961,S002020,U0148,2026-01-04T01:47:18Z,page_view,/cart,
E0002098,S000542,U0055,2026-01-04T01:47:30Z,page_view,/category/shoes,
E0002099,S000542,U0055,2026-01-04T01:48:45Z,page_view,/search,
E0002100,S000542,U0055,2026-01-04T01:48:59Z,view_item,/product/p0147,P0147
E0002101,S000542,U0055,2026-01-04T01:49:39Z,add_to_cart,/product/p0147,P0147
E0002102,S000542,U0055,2026-01-04T01:50:45Z,begin_checkout,/checkout,P0147
E0002104,S000542,U0055,2026-01-04T01:52:23Z,page_view,/,
E0007962,S002020,U0148,2026-01-04T01:53:07Z,page_view,/help,
E0002103,S000542,U0055,2026-01-04T01:54:54Z,page_view,/help,
E0002105,S000542,U0055,2026-01-04T02:05:44Z,page_view,/search,
E0004986,S001264,U0055,2026-01-04T04:00:27Z,page_view,/category/electronics,
E0004987,S001264,U0055,2026-01-04T04:00:50Z,page_view,/category/electronics,
E0004988,S001264,U0055,2026-01-04T04:02:22Z,page_view,/search,
E0004989,S001264,U0055,2026-01-04T04:03:36Z,view_item,/product/p0074,P0074
E0006616,S001674,U0123,2026-01-04T04:30:45Z,page_view,/category/home,
E0006617,S001674,U0123,2026-01-04T04:33:12Z,view_item,/product/p0331,P0331
E0006618,S001674,U0123,2026-01-04T04:42:28Z,page_view,/search,
E0002254,S000585,U0123,2026-01-04T05:15:30Z,page_view,/category/electronics,
E0002255,S000585,U0123,2026-01-04T05:15:40Z,page_view,/category/electronics,
E0002256,S000585,U0123,2026-01-04T05:17:26Z,page_view,/pricing,
E0001003,S000258,U0114,2026-01-04T07:24:38Z,page_view,/category/electronics,
E0001004,S000258,U0114,2026-01-04T07:26:01Z,view_item,/product/p0382,P0382
E0001005,S000258,U0114,2026-01-04T07:41:44Z,page_view,/category/electronics,
E0006979,S001770,U0191,2026-01-04T08:44:08Z,page_view,/category/electronics,
E0006980,S001770,U0191,2026-01-04T08:44:25Z,page_view,/category/electronics,
E0006981,S001770,U0191,2026-01-04T08:47:44Z,view_item,/product/p0405,P0405
E0006982,S001770,U0191,2026-01-04T08:53:20Z,page_view,/pricing,
E0006983,S001770,U0191,2026-01-04T08:57:11Z,page_view,/category/shoes,
E0006984,S001770,U0191,2026-01-04T08:57:27Z,page_view,/category/home,
E0000237,S000059,U0115,2026-01-04T08:57:44Z,page_view,/,
E0000238,S000059,U0115,2026-01-04T09:01:23Z,view_item,/product/p0386,P0386
E0000239,S000059,U0115,2026-01-04T09:03:24Z,add_to_cart,/product/p0386,P0386
E0004094,S001046,U0038,2026-01-04T09:09:13Z,page_view,/category/shoes,
E0004095,S001046,U0038,2026-01-04T09:12:19Z,view_item,/product/p0212,P0212
E0004096,S001046,U0038,2026-01-04T09:14:14Z,add_to_cart,/product/p0212,P0212
E0004097,S001046,U0038,2026-01-04T09:17:01Z,begin_checkout,/checkout,P0212
E0004098,S001046,U0038,2026-01-04T09:19:06Z,purchase,/thank-you,P0212
E0002705,S000696,U0078,2026-01-04T11:10:38Z,page_view,/category/electronics,
E0002707,S000696,U0078,2026-01-04T11:13:06Z,page_view,/,
E0002706,S000696,U0078,2026-01-04T11:16:13Z,page_view,/search,
E0006985,S001771,U0155,2026-01-04T11:18:27Z,page_view,/search,
E0006986,S001771,U0155,2026-01-04T11:20:11Z,view_item,/product/p0172,P0172
E0006987,S001771,U0155,2026-01-04T11:49:01Z,page_view,/pricing,
E0006988,S001771,U0155,2026-01-04T12:00:15Z,page_view,/help,
E0009515,S002419,U0065,2026-01-04T12:03:12Z,page_view,/search,
E0009516,S002419,U0065,2026-01-04T12:03:18Z,page_view,/search,
E0009517,S002419,U0065,2026-01-04T12:04:16Z,page_view,/search,
E0009520,S002419,U0065,2026-01-04T12:04:30Z,page_view,/category/shoes,
E0009518,S002419,U0065,2026-01-04T12:04:35Z,view_item,/product/p0055,P0055
E0009521,S002419,U0065,2026-01-04T12:05:56Z,page_view,/,
E0009519,S002419,U0065,2026-01-04T12:10:41Z,page_view,/pricing,
E0009028,S002292,U0069,2026-01-04T12:45:21Z,page_view,/,
E0009030,S002292,U0069,2026-01-04T12:46:07Z,page_view,/pricing,
E0009029,S002292,U0069,2026-01-04T12:46:11Z,view_item,/product/p0177,P0177
E0000178,S000043,U0153,2026-01-04T12:51:04Z,page_view,/search,
E0000179,S000043,U0153,2026-01-04T12:52:04Z,view_item,/product/p0301,P0301
E0000180,S000043,U0153,2026-01-04T12:59:03Z,page_view,/category/home,
E0003543,S000902,U0038,2026-01-04T13:37:04Z,page_view,/,
E0003544,S000902,U0038,2026-01-04T13:40:36Z,page_view,/help,
E0003545,S000902,U0038,2026-01-04T13:40:40Z,page_view,/category/beauty,
E0003546,S000902,U0038,2026-01-04T13:43:33Z,page_view,/help,
E0002436,S000627,U0247,2026-01-04T14:50:45Z,page_view,/search,
E0002437,S000627,U0247,2026-01-04T14:50:59Z,page_view,/search,
E0002438,S000627,U0247,2026-01-04T15:09:52Z,page_view,/pricing,
E0005541,S001404,U0054,2026-01-04T15:28:36Z,page_view,/,
E0002161,S000558,U0083,2026-01-04T15:31:13Z,page_view,/,
E0005542,S001404,U0054,2026-01-04T15:31:22Z,view_item,/product/p0081,P0081
E0005543,S001404,U0054,2026-01-04T15:31:54Z,add_to_cart,/product/p0081,P0081
E0002163,S000558,U0083,2026-01-04T15:33:32Z,page_view,/help,
E0002162,S000558,U0083,2026-01-04T15:33:48Z,view_item,/product/p0056,P0056
E0005544,S001404,U0054,2026-01-04T15:34:35Z,begin_checkout,/checkout,P0081
E0005545,S001404,U0054,2026-01-04T15:37:41Z,purchase,/thank-you,P0081
E0008846,S002243,U0076,2026-01-04T15:38:28Z,page_view,/category/shoes,
E0002164,S000558,U0083,2026-01-04T15:38:36Z,page_view,/,
E0002165,S000558,U0083,2026-01-04T15:39:12Z,page_view,/,
E0008847,S002243,U0076,2026-01-04T15:39:44Z,page_view,/search,
E0008848,S002243,U0076,2026-01-04T15:40:06Z,view_item,/product/p0043,P0043
E0008849,S002243,U0076,2026-01-04T15:40:22Z,page_view,/category/beauty,
E0008850,S002243,U0076,2026-01-04T15:41:27Z,page_view,/category/electronics,
E0008093,S002059,U0006,2026-01-04T17:36:21Z,page_view,/category/shoes,
E0008094,S002059,U0006,2026-01-04T17:36:30Z,page_view,/category/shoes,
E0008095,S002059,U0006,2026-01-04T17:44:13Z,page_view,/category/electronics,
E0008097,S002059,U0006,2026-01-04T17:46:51Z,page_view,/category/shoes,
E0008096,S002059,U0006,2026-01-04T17:52:55Z,page_view,/,
E0008212,S002085,U0127,2026-01-04T18:03:51Z,page_view,/category/home,
E0008213,S002085,U0127,2026-01-04T18:03:57Z,page_view,/category/home,
E0008214,S002085,U0127,2026-01-04T18:04:52Z,page_view,/search,
E0008215,S002085,U0127,2026-01-04T18:07:18Z,view_item,/product/p0144,P0144
E0008217,S002085,U0127,2026-01-04T18:26:12Z,page_view,/cart,
E0008218,S002085,U0127,2026-01-04T18:27:20Z,page_view,/cart,
E0008216,S002085,U0127,2026-01-04T18:27:37Z,page_view,/pricing,
E0002516,S000645,U0194,2026-01-04T18:41:14Z,page_view,/category/home,
E0002517,S000645,U0194,2026-01-04T18:44:11Z,view_item,/product/p0357,P0357
E0007775,S001976,U0214,2026-01-04T20:21:21Z,page_view,/,
E0007776,S001976,U0214,2026-01-04T20:21:35Z,page_view,/,
E0004229,S001082,U0246,2026-01-04T20:31:10Z,page_view,/,
E0004231,S001082,U0246,2026-01-04T20:31:57Z,page_view,/search,
E0004230,S001082,U0246,2026-01-04T20:32:21Z,view_item,/product/p0465,P0465
E0000777,S000198,U0096,2026-01-04T20:43:42Z,page_view,/category/beauty,
E0004232,S001082,U0246,2026-01-04T20:56:39Z,page_view,/,
E0004233,S001082,U0246,2026-01-04T21:10:16Z,page_view,/help,
E0007061,S001794,U0206,2026-01-04T21:42:54Z,page_view,/category/beauty,
E0004945,S001254,U0046,2026-01-04T22:02:25Z,page_view,/category/home,
E0004949,S001254,U0046,2026-01-04T22:04:27Z,page_view,/category/home,
E0004946,S001254,U0046,2026-01-04T22:04:54Z,view_item,/product/p0308,P0308
E0004947,S001254,U0046,2026-01-04T22:07:17Z,page_view,/category/electronics,
E0004948,S001254,U0046,2026-01-04T22:07:31Z,page_view,/category/beauty,
E0001588,S000411,U0061,2026-01-04T23:38:59Z,page_view,/,
E0001589,S000411,U0061,2026-01-04T23:39:15Z,page_view,/,
E0001590,S000411,U0061,2026-01-04T23:40:45Z,page_view,/search,
E0001591,S000411,U0061,2026-01-04T23:41:38Z,view_item,/product/p0385,P0385
E0001596,S000411,U0061,2026-01-04T23:43:59Z,page_view,/,
E0001592,S000411,U0061,2026-01-04T23:44:27Z,add_to_cart,/product/p0385,P0385
E0001595,S000411,U0061,2026-01-04T23:44:32Z,page_view,/category/home,
E0001594,S000411,U0061,2026-01-04T23:45:43Z,purchase,/thank-you,P0385
E0001593,S000411,U0061,2026-01-04T23:47:21Z,begin_checkout,/checkout,P0385
E0007919,S002011,U0076,2026-01-05T00:33:29Z,page_view,/,
E0007920,S002011,U0076,2026-01-05T00:43:27Z,page_view,/category/beauty,
E0007922,S002011,U0076,2026-01-05T00:49:41Z,page_view,/search,
E0007921,S002011,U0076,2026-01-05T00:52:25Z,page_view,/cart,
E0008571,S002171,U0170,2026-01-05T01:11:43Z,page_view,/category/home,
E0008573,S002171,U0170,2026-01-05T01:12:47Z,view_item,/product/p0245,P0245
E0008572,S002171,U0170,2026-01-05T01:12:51Z,page_view,/search,
E0005167,S001317,U0209,2026-01-05T01:51:00Z,page_view,/category/electronics,
E0005168,S001317,U0209,2026-01-05T01:56:06Z,page_view,/category/home,
E0005169,S001317,U0209,2026-01-05T01:59:05Z,page_view,/category/electronics,
E0005170,S001317,U0209,2026-01-05T02:07:36Z,page_view,/pricing,
E0005494,S001393,U0029,2026-01-05T03:29:58Z,page_view,/search,
E0004597,S001165,U0220,2026-01-05T04:47:44Z,page_view,/category/beauty,
E0004598,S001165,U0220,2026-01-05T04:48:02Z,page_view,/category/beauty,
E0004599,S001165,U0220,2026-01-05T04:48:32Z,view_item,/product/p0344,P0344
E0006565,S001662,U0005,2026-01-05T04:52:04Z,page_view,/search,
E0006566,S001662,U0005,2026-01-05T04:53:08Z,view_item,/product/p0072,P0072
E0004600,S001165,U0220,2026-01-05T04:53:47Z,page_view,/category/home,
E0001413,S000369,U0122,2026-01-05T05:27:26Z,page_view,/,
E0001414,S000369,U0122,2026-01-05T05:31:08Z,view_item,/product/p0015,P0015
E0001415,S000369,U0122,2026-01-05T05:32:03Z,add_to_cart,/product/p0015,P0015
E0001416,S000369,U0122,2026-01-05T05:33:36Z,page_view,/pricing,
E0000766,S000196,U0147,2026-01-05T05:48:06Z,page_view,/category/electronics,
E0000767,S000196,U0147,2026-01-05T05:48:14Z,page_view,/category/electronics,
E0000768,S000196,U0147,2026-01-05T05:49:09Z,view_item,/product/p0135,P0135
E0000769,S000196,U0147,2026-01-05T05:50:51Z,add_to_cart,/product/p0135,P0135
E0000770,S000196,U0147,2026-01-05T05:52:07Z,page_view,/pricing,
E0004313,S001101,U0001,2026-01-05T06:27:00Z,page_view,/category/home,
E0004314,S001101,U0001,2026-01-05T06:27:11Z,page_view,/category/home,
E0004315,S001101,U0001,2026-01-05T06:30:41Z,page_view,/help,
E0009535,S002422,U0199,2026-01-05T07:51:06Z,page_view,/search,
E0009536,S002422,U0199,2026-01-05T07:51:59Z,page_view,/search,
E0009537,S002422,U0199,2026-01-05T07:52:30Z,view_item,/product/p0498,P0498
E0009538,S002422,U0199,2026-01-05T08:04:48Z,page_view,/help,
E0010047,S002561,U0015,2026-01-05T08:16:38Z,page_view,/search,
E0010048,S002561,U0015,2026-01-05T08:20:00Z,view_item,/product/p0024,P0024
E0010049,S002561,U0015,2026-01-05T08:27:31Z,page_view,/help,
E0010050,S002561,U0015,2026-01-05T08:37:42Z,page_view,/category/beauty,
E0000043,S000012,U0054,2026-01-05T08:44:05Z,page_view,/category/shoes,
E0000044,S000012,U0054,2026-01-05T08:44:21Z,page_view,/category/shoes,
E0005562,S001409,U0246,2026-01-05T08:44:31Z,page_view,/category/shoes,
E0005563,S001409,U0246,2026-01-05T08:46:21Z,page_view,/pricing,
E0005564,S001409,U0246,2026-01-05T08:47:59Z,page_view,/category/beauty,
E0000046,S000012,U0054,2026-01-05T08:50:38Z,page_view,/category/shoes,
E0000045,S000012,U0054,2026-01-05T08:58:00Z,page_view,/category/shoes,
E0000765,S000195,U0250,2026-01-05T09:40:47Z,page_view,/,
E0003800,S000970,U0194,2026-01-05T09:48:46Z,page_view,/category/electronics,
E0003801,S000970,U0194,2026-01-05T09:52:45Z,view_item,/product/p0258,P0258
E0003802,S000970,U0194,2026-01-05T09:55:11Z,add_to_cart,/product/p0258,P0258
E0003803,S000970,U0194,2026-01-05T09:58:24Z,begin_checkout,/checkout,P0258
E0009999,S002549,U0047,2026-01-05T09:58:27Z,page_view,/category/electronics,
E0003804,S000970,U0194,2026-01-05T09:58:51Z,page_view,/category/beauty,
E0010000,S002549,U0047,2026-01-05T10:00:58Z,view_item,/product/p0316,P0316
E0010001,S002549,U0047,2026-01-05T10:05:19Z,page_view,/category/home,
E0003805,S000970,U0194,2026-01-05T10:07:06Z,page_view,/cart,
E0010002,S002549,U0047,2026-01-05T10:07:45Z,page_view,/cart,
E0003806,S000970,U0194,2026-01-05T10:16:26Z,page_view,/cart,
E0000677,S000171,U0190,2026-01-05T12:08:53Z,page_view,/category/home,
E0000678,S000171,U0190,2026-01-05T12:16:53Z,page_view,/category/electronics,
E0000679,S000171,U0190,2026-01-05T12:33:36Z,page_view,/category/home,
E0000680,S000171,U0190,2026-01-05T12:34:56Z,page_view,/help,
E0002042,S000531,U0059,2026-01-05T13:14:12Z,page_view,/category/electronics,
E0001067,S000273,U0227,2026-01-05T13:14:15Z,page_view,/,
E0001068,S000273,U0227,2026-01-05T13:14:32Z,page_view,/,
E0002045,S000531,U0059,2026-01-05T13:16:25Z,page_view,/,
E0002043,S000531,U0059,2026-01-05T13:21:25Z,page_view,/category/electronics,
E0002044,S000531,U0059,2026-01-05T13:28:47Z,page_view,/help,
E0007810,S001986,U0209,2026-01-05T13:46:08Z,page_view,/category/home,
E0007134,S001811,U0192,2026-01-05T16:28:51Z,page_view,/search,
E0007135,S001811,U0192,2026-01-05T16:28:57Z,page_view,/search,
E0007136,S001811,U0192,2026-01-05T16:32:49Z,page_view,/,
E0008946,S002268,U0044,2026-01-05T17:06:32Z,page_view,/category/shoes,
E0008947,S002268,U0044,2026-01-05T17:06:48Z,page_view,/category/shoes,
E0008948,S002268,U0044,2026-01-05T17:13:37Z,page_view,/category/beauty,
E0005587,S001414,U0250,2026-01-05T18:01:59Z,page_view,/category/electronics,
E0005588,S001414,U0250,2026-01-05T18:11:15Z,page_view,/category/electronics,
E0001358,S000354,U0076,2026-01-05T18:53:59Z,page_view,/category/beauty,
E0001359,S000354,U0076,2026-01-05T19:00:16Z,page_view,/cart,
E0008036,S002043,U0174,2026-01-05T20:39:14Z,page_view,/category/shoes,
E0008038,S002043,U0174,2026-01-05T20:40:07Z,page_view,/category/electronics,
E0008037,S002043,U0174,2026-01-05T20:55:13Z,page_view,/,
E0006670,S001692,U0068,2026-01-05T21:04:18Z,page_view,/search,
E0006671,S001692,U0068,2026-01-05T21:04:28Z,page_view,/search,
E0003701,S000942,U0078,2026-01-05T23:04:53Z,page_view,/category/shoes,
E0003702,S000942,U0078,2026-01-05T23:05:13Z,page_view,/search,
E0003703,S000942,U0078,2026-01-05T23:06:58Z,view_item,/product/p0105,P0105
E0003704,S000942,U0078,2026-01-05T23:07:59Z,add_to_cart,/product/p0105,P0105
E0003705,S000942,U0078,2026-01-05T23:08:54Z,begin_checkout,/checkout,P0105
E0003706,S000942,U0078,2026-01-05T23:14:06Z,page_view,/category/home,
E0000093,S000023,U0194,2026-01-05T23:15:34Z,page_view,/category/home,
E0000094,S000023,U0194,2026-01-05T23:16:35Z,page_view,/search,
E0000095,S000023,U0194,2026-01-05T23:16:58Z,view_item,/product/p0110,P0110
E0003708,S000942,U0078,2026-01-05T23:18:52Z,page_view,/category/electronics,
E0000096,S000023,U0194,2026-01-05T23:19:55Z,add_to_cart,/product/p0110,P0110
E0003707,S000942,U0078,2026-01-05T23:20:21Z,page_view,/category/shoes,
E0000097,S000023,U0194,2026-01-05T23:21:49Z,begin_checkout,/checkout,P0110
E0000099,S000023,U0194,2026-01-05T23:26:50Z,page_view,/cart,
E0000098,S000023,U0194,2026-01-05T23:27:17Z,page_view,/search,
E0009453,S002402,U0019,2026-01-05T23:36:00Z,page_view,/category/home,
E0002650,S000683,U0170,2026-01-05T23:37:55Z,page_view,/category/beauty,
E0002651,S000683,U0170,2026-01-05T23:51:36Z,page_view,/search,
E0007207,S001835,U0228,2026-01-06T00:10:43Z,page_view,/category/shoes,
E0007208,S001835,U0228,2026-01-06T00:10:54Z,page_view,/category/shoes,
E0007210,S001835,U0228,2026-01-06T00:11:21Z,page_view,/search,
E0007211,S001835,U0228,2026-01-06T00:11:29Z,page_view,/category/electronics,
E0007212,S001835,U0228,2026-01-06T00:11:57Z,page_view,/category/shoes,
E0007209,S001835,U0228,2026-01-06T00:12:07Z,view_item,/product/p0070,P0070
E0009644,S002451,U0194,2026-01-06T00:43:02Z,page_view,/search,
E0009645,S002451,U0194,2026-01-06T00:43:22Z,page_view,/search,
E0009985,S002545,U0172,2026-01-06T00:44:30Z,page_view,/category/home,
E0000462,S000115,U0120,2026-01-06T00:51:42Z,page_view,/category/shoes,
E0000463,S000115,U0120,2026-01-06T00:52:03Z,page_view,/category/shoes,
E0000464,S000115,U0120,2026-01-06T01:14:25Z,page_view,/category/shoes,
E0000523,S000134,U0001,2026-01-06T01:33:43Z,page_view,/category/shoes,
E0000525,S000134,U0001,2026-01-06T01:34:34Z,view_item,/product/p0424,P0424
E0000526,S000134,U0001,2026-01-06T01:35:05Z,add_to_cart,/product/p0424,P0424
E0000524,S000134,U0001,2026-01-06T01:35:25Z,page_view,/search,
E0000527,S000134,U0001,2026-01-06T01:38:00Z,begin_checkout,/checkout,P0424
E0002180,S000563,U0110,2026-01-06T01:46:08Z,page_view,/category/home,
E0002181,S000563,U0110,2026-01-06T01:46:23Z,page_view,/category/home,
E0002183,S000563,U0110,2026-01-06T01:48:58Z,page_view,/category/shoes,
E0002182,S000563,U0110,2026-01-06T01:49:02Z,page_view,/category/electronics,
E0008733,S002212,U0084,2026-01-06T02:12:13Z,page_view,/category/electronics,
E0008734,S002212,U0084,2026-01-06T02:14:02Z,page_view,/search,
E0008735,S002212,U0084,2026-01-06T02:15:23Z,view_item,/product/p0174,P0174
E0008736,S002212,U0084,2026-01-06T02:38:23Z,page_view,/category/beauty,
E0007655,S001944,U0027,2026-01-06T05:36:54Z,page_view,/category/electronics,
E0007657,S001944,U0027,2026-01-06T05:39:21Z,page_view,/pricing,
E0007656,S001944,U0027,2026-01-06T05:39:39Z,view_item,/product/p0447,P0447
E0005490,S001392,U0026,2026-01-06T06:35:42Z,page_view,/category/electronics,
E0005492,S001392,U0026,2026-01-06T06:37:40Z,page_view,/search,
E0005493,S001392,U0026,2026-01-06T06:37:42Z,page_view,/category/beauty,
E0005491,S001392,U0026,2026-01-06T06:39:15Z,page_view,/cart,
E0005841,S001482,U0210,2026-01-06T07:04:29Z,page_view,/search,
E0005842,S001482,U0210,2026-01-06T07:04:48Z,page_view,/search,
E0005843,S001482,U0210,2026-01-06T07:07:42Z,view_item,/product/p0077,P0077
E0002077,S000538,U0099,2026-01-06T07:16:21Z,page_view,/category/home,
E0002078,S000538,U0099,2026-01-06T07:16:31Z,page_view,/category/home,
E0002079,S000538,U0099,2026-01-06T07:23:15Z,page_view,/category/shoes,
E0005844,S001482,U0210,2026-01-06T07:27:17Z,page_view,/help,
E0000404,S000102,U0047,2026-01-06T07:29:11Z,page_view,/search,
E0000405,S000102,U0047,2026-01-06T07:29:27Z,page_view,/search,
E0002533,S000651,U0203,2026-01-06T07:29:44Z,page_view,/category/electronics,
E0000406,S000102,U0047,2026-01-06T07:30:16Z,page_view,/search,
E0000407,S000102,U0047,2026-01-06T07:30:18Z,view_item,/product/p0236,P0236
E0000408,S000102,U0047,2026-01-06T07:31:15Z,add_to_cart,/product/p0236,P0236
E0000409,S000102,U0047,2026-01-06T07:31:32Z,begin_checkout,/checkout,P0236
E0002535,S000651,U0203,2026-01-06T07:32:37Z,page_view,/category/electronics,
E0002534,S000651,U0203,2026-01-06T07:32:41Z,page_view,/help,
E0002536,S000651,U0203,2026-01-06T07:33:22Z,page_view,/category/electronics,
E0000410,S000102,U0047,2026-01-06T07:34:07Z,purchase,/thank-you,P0236
E0009353,S002376,U0190,2026-01-06T07:34:19Z,page_view,/category/home,
E0009355,S002376,U0190,2026-01-06T07:37:14Z,page_view,/pricing,
E0009354,S002376,U0190,2026-01-06T07:42:15Z,page_view,/pricing,
E0000411,S000102,U0047,2026-01-06T07:43:48Z,page_view,/category/home,
E0003198,S000813,U0094,2026-01-06T08:18:46Z,page_view,/,
E0003203,S000813,U0094,2026-01-06T08:19:21Z,page_view,/,
E0003200,S000813,U0094,2026-01-06T08:19:50Z,view_item,/product/p0493,P0493
E0003199,S000813,U0094,2026-01-06T08:19:55Z,page_view,/search,
E0003202,S000813,U0094,2026-01-06T08:23:45Z,page_view,/pricing,
E0003201,S000813,U0094,2026-01-06T08:23:59Z,page_view,/,
E0006898,S001749,U0205,2026-01-06T08:24:24Z,page_view,/category/electronics,
E0006899,S001749,U0205,2026-01-06T08:25:22Z,view_item,/product/p0183,P0183
E0006901,S001749,U0205,2026-01-06T08:30:06Z,page_view,/category/shoes,
E0006902,S001749,U0205,2026-01-06T08:33:59Z,page_view,/search,
E0006900,S001749,U0205,2026-01-06T08:34:04Z,page_view,/help,
E0006412,S001621,U0250,2026-01-06T08:53:43Z,page_view,/category/beauty,
E0006413,S001621,U0250,2026-01-06T08:53:49Z,page_view,/category/beauty,
E0006414,S001621,U0250,2026-01-06T08:54:52Z,view_item,/product/p0275,P0275
E0006417,S001621,U0250,2026-01-06T08:55:09Z,page_view,/help,
E0006416,S001621,U0250,2026-01-06T08:55:47Z,page_view,/search,
E0006415,S001621,U0250,2026-01-06T09:03:37Z,page_view,/category/shoes,
E0009725,S002474,U0123,2026-01-06T10:00:38Z,page_view,/,
E0009726,S002474,U0123,2026-01-06T10:03:58Z,view_item,/product/p0458,P0458
E0004847,S001234,U0215,2026-01-06T10:23:56Z,page_view,/category/home,
E0004848,S001234,U0215,2026-01-06T10:24:01Z,page_view,/category/home,
E0004851,S001234,U0215,2026-01-06T10:25:02Z,page_view,/category/home,
E0004850,S001234,U0215,2026-01-06T10:25:18Z,view_item,/product/p0162,P0162
E0009728,S002474,U0123,2026-01-06T10:25:25Z,page_view,/category/shoes,
E0004849,S001234,U0215,2026-01-06T10:25:33Z,page_view,/search,
E0009727,S002474,U0123,2026-01-06T10:30:08Z,page_view,/pricing,
E0004853,S001234,U0215,2026-01-06T10:30:32Z,page_view,/category/shoes,
E0005838,S001480,U0200,2026-01-06T10:33:43Z,page_view,/category/electronics,
E0005839,S001480,U0200,2026-01-06T10:34:01Z,page_view,/category/electronics,
E0004852,S001234,U0215,2026-01-06T10:35:51Z,page_view,/search,
E0001278,S000332,U0228,2026-01-06T11:15:42Z,page_view,/category/shoes,
E0001279,S000332,U0228,2026-01-06T11:16:16Z,page_view,/search,
E0001280,S000332,U0228,2026-01-06T11:17:50Z,view_item,/product/p0490,P0490
E0001281,S000332,U0228,2026-01-06T11:33:00Z,page_view,/search,
E0000431,S000107,U0144,2026-01-06T12:09:59Z,page_view,/,
E0000432,S000107,U0144,2026-01-06T12:11:45Z,page_view,/search,
E0000433,S000107,U0144,2026-01-06T12:12:06Z,view_item,/product/p0351,P0351
E0005726,S001449,U0179,2026-01-06T15:01:52Z,page_view,/category/shoes,
E0005727,S001449,U0179,2026-01-06T15:11:13Z,page_view,/category/electronics,
E0005803,S001471,U0008,2026-01-06T15:40:18Z,page_view,/category/shoes,
E0005301,S001347,U0100,2026-01-06T16:17:12Z,page_view,/search,
E0005302,S001347,U0100,2026-01-06T16:17:32Z,page_view,/search,
E0005303,S001347,U0100,2026-01-06T16:20:20Z,view_item,/product/p0042,P0042
E0005304,S001347,U0100,2026-01-06T16:21:23Z,add_to_cart,/product/p0042,P0042
E0005305,S001347,U0100,2026-01-06T16:21:47Z,begin_checkout,/checkout,P0042
E0005306,S001347,U0100,2026-01-06T16:24:17Z,purchase,/thank-you,P0042
E0005307,S001347,U0100,2026-01-06T16:35:04Z,page_view,/category/electronics,
E0005308,S001347,U0100,2026-01-06T16:37:17Z,page_view,/cart,
E0001333,S000347,U0163,2026-01-06T16:40:50Z,page_view,/,
E0001337,S000347,U0163,2026-01-06T16:42:10Z,page_view,/category/shoes,
E0001334,S000347,U0163,2026-01-06T16:42:29Z,view_item,/product/p0430,P0430
E0001335,S000347,U0163,2026-01-06T16:44:45Z,add_to_cart,/product/p0430,P0430
E0001336,S000347,U0163,2026-01-06T16:46:19Z,begin_checkout,/checkout,P0430
E0007726,S001963,U0206,2026-01-06T17:17:41Z,page_view,/,
E0007727,S001963,U0206,2026-01-06T17:19:41Z,view_item,/product/p0303,P0303
E0007148,S001814,U0163,2026-01-06T18:28:07Z,page_view,/,
E0007150,S001814,U0163,2026-01-06T18:28:57Z,page_view,/cart,
E0007149,S001814,U0163,2026-01-06T18:29:41Z,view_item,/product/p0179,P0179
E0010082,S002570,U0208,2026-01-06T19:07:04Z,page_view,/,
E0010083,S002570,U0208,2026-01-06T19:12:15Z,page_view,/category/electronics,
E0010085,S002570,U0208,2026-01-06T19:16:37Z,page_view,/category/electronics,
E0001392,S000364,U0168,2026-01-06T19:20:55Z,page_view,/search,
E0001393,S000364,U0168,2026-01-06T19:21:17Z,page_view,/search,
E0010084,S002570,U0208,2026-01-06T19:22:15Z,page_view,/cart,
E0008409,S002129,U0243,2026-01-06T19:23:17Z,page_view,/category/electronics,
E0001396,S000364,U0168,2026-01-06T19:23:25Z,page_view,/help,
E0008410,S002129,U0243,2026-01-06T19:24:10Z,view_item,/product/p0401,P0401
E0001394,S000364,U0168,2026-01-06T19:24:30Z,view_item,/product/p0356,P0356
E0001395,S000364,U0168,2026-01-06T19:26:31Z,add_to_cart,/product/p0356,P0356
E0004347,S001111,U0053,2026-01-06T19:44:49Z,page_view,/category/electronics,
E0004349,S001111,U0053,2026-01-06T19:45:31Z,page_view,/cart,
E0004348,S001111,U0053,2026-01-06T19:45:58Z,page_view,/category/shoes,
E0001140,S000294,U0105,2026-01-06T19:55:11Z,page_view,/search,
E0001142,S000294,U0105,2026-01-06T19:57:00Z,page_view,/help,
E0001141,S000294,U0105,2026-01-06T19:57:06Z,view_item,/product/p0128,P0128
E0001143,S000294,U0105,2026-01-06T20:05:02Z,page_view,/category/beauty,
E0001144,S000294,U0105,2026-01-06T20:08:01Z,page_view,/category/beauty,
E0008430,S002134,U0191,2026-01-06T20:18:51Z,page_view,/category/beauty,
E0008431,S002134,U0191,2026-01-06T20:22:40Z,view_item,/product/p0394,P0394
E0008432,S002134,U0191,2026-01-06T20:26:19Z,page_view,/category/shoes,
E0001266,S000328,U0025,2026-01-06T21:12:35Z,page_view,/category/shoes,
E0001267,S000328,U0025,2026-01-06T21:12:40Z,page_view,/category/shoes,
E0001268,S000328,U0025,2026-01-06T21:14:08Z,view_item,/product/p0252,P0252
E0005849,S001485,U0143,2026-01-06T21:33:11Z,page_view,/category/home,
E0005850,S001485,U0143,2026-01-06T21:34:46Z,page_view,/search,
E0005851,S001485,U0143,2026-01-06T21:36:46Z,view_item,/product/p0277,P0277
E0005852,S001485,U0143,2026-01-06T21:39:29Z,add_to_cart,/product/p0277,P0277
E0005853,S001485,U0143,2026-01-06T21:41:23Z,page_view,/search,
E0005854,S001485,U0143,2026-01-06T21:45:34Z,page_view,/search,
E0009750,S002480,U0247,2026-01-06T22:05:45Z,page_view,/category/beauty,
E0009751,S002480,U0247,2026-01-06T22:06:00Z,page_view,/category/beauty,
E0005855,S001485,U0143,2026-01-06T22:06:06Z,page_view,/cart,
E0009752,S002480,U0247,2026-01-06T22:07:39Z,page_view,/search,
E0009753,S002480,U0247,2026-01-06T22:09:11Z,view_item,/product/p0224,P0224
E0004688,S001189,U0168,2026-01-06T22:12:23Z,page_view,/,
E0004689,S001189,U0168,2026-01-06T22:33:23Z,page_view,/,
E0004690,S001189,U0168,2026-01-06T22:35:16Z,page_view,/,
E0004099,S001047,U0134,2026-01-06T23:32:11Z,page_view,/search,
E0004100,S001047,U0134,2026-01-06T23:32:31Z,page_view,/search,
E0004101,S001047,U0134,2026-01-06T23:33:12Z,view_item,/product/p0160,P0160
E0004102,S001047,U0134,2026-01-06T23:33:40Z,add_to_cart,/product/p0160,P0160
E0004103,S001047,U0134,2026-01-06T23:35:20Z,begin_checkout,/checkout,P0160
E0004107,S001047,U0134,2026-01-06T23:37:22Z,page_view,/help,
E0004104,S001047,U0134,2026-01-06T23:38:29Z,purchase,/thank-you,P0160
E0000028,S000007,U0128,2026-01-06T23:41:06Z,page_view,/category/beauty,
E0000029,S000007,U0128,2026-01-06T23:42:07Z,page_view,/search,
E0000030,S000007,U0128,2026-01-06T23:43:31Z,view_item,/product/p0266,P0266
E0004106,S001047,U0134,2026-01-06T23:45:11Z,page_view,/category/beauty,
E0004105,S001047,U0134,2026-01-06T23:47:49Z,page_view,/search,
E0002131,S000551,U0181,2026-01-07T00:10:23Z,page_view,/category/electronics,
E0002132,S000551,U0181,2026-01-07T00:11:32Z,page_view,/search,
E0002134,S000551,U0181,2026-01-07T00:11:51Z,page_view,/help,
E0002133,S000551,U0181,2026-01-07T00:14:19Z,view_item,/product/p0289,P0289
E0009807,S002497,U0078,2026-01-07T00:59:06Z,page_view,/category/electronics,
E0009808,S002497,U0078,2026-01-07T01:04:04Z,page_view,/cart,
E0006401,S001618,U0196,2026-01-07T01:11:16Z,page_view,/category/beauty,
E0006402,S001618,U0196,2026-01-07T01:15:12Z,view_item,/product/p0022,P0022
E0009809,S002497,U0078,2026-01-07T01:16:43Z,page_view,/pricing,
E0003759,S000960,U0097,2026-01-07T01:30:30Z,page_view,/,
E0003760,S000960,U0097,2026-01-07T01:32:16Z,view_item,/product/p0032,P0032
E0003762,S000960,U0097,2026-01-07T01:42:09Z,page_view,/category/home,
E0003763,S000960,U0097,2026-01-07T01:47:23Z,page_view,/search,
E0003761,S000960,U0097,2026-01-07T01:47:25Z,page_view,/,
E0009046,S002297,U0012,2026-01-07T02:39:42Z,page_view,/category/home,
E0009048,S002297,U0012,2026-01-07T02:40:50Z,page_view,/help,
E0009047,S002297,U0012,2026-01-07T02:41:06Z,page_view,/pricing,
E0009132,S002319,U0084,2026-01-07T02:55:41Z,page_view,/category/shoes,
E0009133,S002319,U0084,2026-01-07T03:02:05Z,page_view,/cart,
E0009134,S002319,U0084,2026-01-07T03:23:38Z,page_view,/cart,
E0007742,S001969,U0228,2026-01-07T03:24:47Z,page_view,/category/electronics,
E0007743,S001969,U0228,2026-01-07T03:25:05Z,page_view,/category/electronics,
E0006172,S001570,U0227,2026-01-07T03:27:35Z,page_view,/category/electronics,
E0006173,S001570,U0227,2026-01-07T03:27:40Z,page_view,/category/electronics,
E0006174,S001570,U0227,2026-01-07T03:28:25Z,page_view,/category/home,
E0006175,S001570,U0227,2026-01-07T03:35:22Z,page_view,/search,
E0006176,S001570,U0227,2026-01-07T03:47:21Z,page_view,/search,
E0006465,S001636,U0226,2026-01-07T04:13:07Z,page_view,/category/beauty,
E0006466,S001636,U0226,2026-01-07T04:33:48Z,page_view,/cart,
E0009603,S002440,U0110,2026-01-07T06:56:35Z,page_view,/category/shoes,
E0003196,S000812,U0004,2026-01-07T07:04:32Z,page_view,/category/home,
E0003197,S000812,U0004,2026-01-07T07:04:50Z,page_view,/category/home,
E0009604,S002440,U0110,2026-01-07T07:08:06Z,page_view,/category/home,
E0007471,S001896,U0022,2026-01-07T09:32:58Z,page_view,/category/home,
E0007473,S001896,U0022,2026-01-07T09:38:11Z,page_view,/cart,
E0007472,S001896,U0022,2026-01-07T09:39:05Z,page_view,/,
E0005989,S001520,U0227,2026-01-07T10:13:39Z,page_view,/category/electronics,
E0005991,S001520,U0227,2026-01-07T10:14:48Z,view_item,/product/p0188,P0188
E0005990,S001520,U0227,2026-01-07T10:15:24Z,page_view,/search,
E0008724,S002210,U0231,2026-01-07T10:31:09Z,page_view,/category/shoes,
E0008728,S002210,U0231,2026-01-07T10:32:16Z,page_view,/category/beauty,
E0008725,S002210,U0231,2026-01-07T10:35:04Z,view_item,/product/p0103,P0103
E0008726,S002210,U0231,2026-01-07T10:39:12Z,page_view,/search,
E0009180,S002332,U0085,2026-01-07T10:47:05Z,page_view,/category/shoes,
E0008727,S002210,U0231,2026-01-07T10:47:41Z,page_view,/category/beauty,
E0009181,S002332,U0085,2026-01-07T10:51:01Z,view_item,/product/p0347,P0347
E0009182,S002332,U0085,2026-01-07T11:11:07Z,page_view,/category/beauty,
E0009183,S002332,U0085,2026-01-07T11:21:34Z,page_view,/category/electronics,
E0005651,S001432,U0201,2026-01-07T11:26:04Z,page_view,/category/shoes,
E0005653,S001432,U0201,2026-01-07T11:27:16Z,view_item,/product/p0261,P0261
E0005652,S001432,U0201,2026-01-07T11:27:25Z,page_view,/search,
E0005654,S001432,U0201,2026-01-07T11:39:17Z,page_view,/category/electronics,
E0002303,S000596,U0112,2026-01-07T12:37:20Z,page_view,/category/beauty,
E0002304,S000596,U0112,2026-01-07T12:37:55Z,page_view,/search,
E0002305,S000596,U0112,2026-01-07T12:40:33Z,view_item,/product/p0317,P0317
E0002306,S000596,U0112,2026-01-07T12:41:55Z,add_to_cart,/product/p0317,P0317
E0002307,S000596,U0112,2026-01-07T12:43:45Z,begin_checkout,/checkout,P0317
E0002308,S000596,U0112,2026-01-07T12:50:31Z,page_view,/category/home,
E0009583,S002434,U0172,2026-01-07T13:16:03Z,page_view,/,
E0009584,S002434,U0172,2026-01-07T13:19:46Z,view_item,/product/p0496,P0496
E0009585,S002434,U0172,2026-01-07T13:23:52Z,page_view,/help,
E0009586,S002434,U0172,2026-01-07T13:26:07Z,page_view,/search,
E0009587,S002434,U0172,2026-01-07T13:27:19Z,page_view,/category/beauty,
E0001856,S000476,U0164,2026-01-07T14:50:01Z,page_view,/category/electronics,
E0001857,S000476,U0164,2026-01-07T14:50:10Z,page_view,/category/electronics,
E0001858,S000476,U0164,2026-01-07T14:53:09Z,view_item,/product/p0192,P0192
E0004463,S001139,U0152,2026-01-07T15:02:35Z,page_view,/,
E0005614,S001421,U0235,2026-01-07T15:29:58Z,page_view,/category/shoes,
E0005615,S001421,U0235,2026-01-07T15:31:33Z,page_view,/category/home,
E0005616,S001421,U0235,2026-01-07T15:32:44Z,page_view,/pricing,
E0004464,S001139,U0152,2026-01-07T15:42:27Z,page_view,/help,
E0005209,S001327,U0103,2026-01-07T17:25:37Z,page_view,/category/shoes,
E0005212,S001327,U0103,2026-01-07T17:27:22Z,page_view,/,
E0005211,S001327,U0103,2026-01-07T17:27:59Z,page_view,/pricing,
E0005210,S001327,U0103,2026-01-07T17:28:37Z,view_item,/product/p0432,P0432
E0010127,S002580,U0060,2026-01-07T19:05:27Z,page_view,/search,
E0010128,S002580,U0060,2026-01-07T19:07:23Z,view_item,/product/p0281,P0281
E0010129,S002580,U0060,2026-01-07T19:09:38Z,add_to_cart,/product/p0281,P0281
E0010130,S002580,U0060,2026-01-07T19:19:52Z,page_view,/help,
E0009624,S002445,U0009,2026-01-07T20:21:08Z,page_view,/category/shoes,
E0009625,S002445,U0009,2026-01-07T20:24:00Z,page_view,/pricing,
E0009626,S002445,U0009,2026-01-07T20:25:05Z,page_view,/cart,
E0005644,S001430,U0245,2026-01-07T20:30:21Z,page_view,/category/electronics,
E0005646,S001430,U0245,2026-01-07T20:33:14Z,page_view,/category/electronics,
E0005645,S001430,U0245,2026-01-07T20:34:08Z,page_view,/category/home,
E0003083,S000782,U0034,2026-01-07T20:49:19Z,page_view,/,
E0003084,S000782,U0034,2026-01-07T20:51:07Z,view_item,/product/p0359,P0359
E0003086,S000782,U0034,2026-01-07T20:52:53Z,page_view,/help,
E0003085,S000782,U0034,2026-01-07T20:57:55Z,page_view,/cart,
E0009627,S002446,U0003,2026-01-07T20:58:52Z,page_view,/category/shoes,
E0009628,S002446,U0003,2026-01-07T20:59:13Z,page_view,/category/shoes,
E0009629,S002446,U0003,2026-01-07T21:01:04Z,view_item,/product/p0389,P0389
E0009630,S002446,U0003,2026-01-07T21:20:21Z,page_view,/,
E0009703,S002468,U0176,2026-01-07T21:43:59Z,page_view,/category/beauty,
E0009704,S002468,U0176,2026-01-07T22:16:29Z,page_view,/cart,
E0005469,S001386,U0107,2026-01-07T22:39:26Z,page_view,/category/home,
E0005470,S001386,U0107,2026-01-07T22:48:30Z,page_view,/category/shoes,
E0009448,S002401,U0102,2026-01-07T22:49:13Z,page_view,/category/electronics,
E0009451,S002401,U0102,2026-01-07T22:50:11Z,page_view,/help,
E0009449,S002401,U0102,2026-01-07T22:50:16Z,view_item,/product/p0281,P0281
E0009450,S002401,U0102,2026-01-07T22:52:21Z,page_view,/search,
E0009452,S002401,U0102,2026-01-07T22:52:37Z,page_view,/help,
E0002370,S000609,U0226,2026-01-08T00:21:01Z,page_view,/,
E0002371,S000609,U0226,2026-01-08T00:23:46Z,page_view,/category/shoes,
E0002372,S000609,U0226,2026-01-08T00:23:52Z,page_view,/category/beauty,
E0006501,S001648,U0243,2026-01-08T00:24:04Z,page_view,/category/beauty,
E0006503,S001648,U0243,2026-01-08T00:26:10Z,page_view,/category/home,
E0006502,S001648,U0243,2026-01-08T00:45:22Z,page_view,/search,
E0004707,S001194,U0115,2026-01-08T01:34:08Z,page_view,/,
E0004709,S001194,U0115,2026-01-08T01:42:40Z,page_view,/,
E0004708,S001194,U0115,2026-01-08T01:48:51Z,page_view,/search,
E0005773,S001463,U0055,2026-01-08T02:59:15Z,page_view,/category/electronics,
E0009929,S002531,U0191,2026-01-08T05:01:07Z,page_view,/,
E0008291,S002104,U0055,2026-01-08T06:36:57Z,page_view,/category/home,
E0008292,S002104,U0055,2026-01-08T06:37:02Z,page_view,/category/home,
E0008296,S002104,U0055,2026-01-08T06:38:44Z,page_view,/category/home,
E0008293,S002104,U0055,2026-01-08T06:38:54Z,page_view,/search,
E0008294,S002104,U0055,2026-01-08T06:38:54Z,view_item,/product/p0499,P0499
E0008295,S002104,U0055,2026-01-08T06:49:05Z,page_view,/category/beauty,
E0003990,S001017,U0228,2026-01-08T06:59:47Z,page_view,/category/home,
E0003994,S001017,U0228,2026-01-08T07:00:45Z,page_view,/cart,
E0003993,S001017,U0228,2026-01-08T07:01:24Z,page_view,/category/electronics,
E0003991,S001017,U0228,2026-01-08T07:01:40Z,view_item,/product/p0197,P0197
E0003992,S001017,U0228,2026-01-08T07:02:50Z,add_to_cart,/product/p0197,P0197
E0003170,S000807,U0021,2026-01-08T07:48:15Z,page_view,/category/electronics,
E0003171,S000807,U0021,2026-01-08T07:48:30Z,page_view,/category/electronics,
E0003173,S000807,U0021,2026-01-08T07:49:00Z,view_item,/product/p0096,P0096
E0003172,S000807,U0021,2026-01-08T07:50:08Z,page_view,/search,
E0003175,S000807,U0021,2026-01-08T07:54:13Z,page_view,/category/shoes,
E0003174,S000807,U0021,2026-01-08T07:55:24Z,page_view,/pricing,
E0003176,S000807,U0021,2026-01-08T07:55:59Z,page_view,/category/home,
E0001635,S000423,U0153,2026-01-08T08:22:42Z,page_view,/category/shoes,
E0006947,S001762,U0169,2026-01-08T08:51:17Z,page_view,/category/electronics,
E0006948,S001762,U0169,2026-01-08T08:51:54Z,page_view,/search,
E0006949,S001762,U0169,2026-01-08T08:52:15Z,view_item,/product/p0450,P0450
E0006952,S001762,U0169,2026-01-08T08:52:15Z,page_view,/pricing,
E0006950,S001762,U0169,2026-01-08T08:52:53Z,add_to_cart,/product/p0450,P0450
E0006951,S001762,U0169,2026-01-08T08:56:50Z,begin_checkout,/checkout,P0450
E0000708,S000181,U0100,2026-01-08T09:04:20Z,page_view,/category/home,
E0000709,S000181,U0100,2026-01-08T09:04:38Z,page_view,/category/home,
E0006953,S001762,U0169,2026-01-08T09:04:40Z,page_view,/category/electronics,
E0000710,S000181,U0100,2026-01-08T09:07:42Z,page_view,/cart,
E0005923,S001505,U0117,2026-01-08T10:15:24Z,page_view,/,
E0005925,S001505,U0117,2026-01-08T10:18:20Z,page_view,/category/shoes,
E0007204,S001834,U0096,2026-01-08T10:20:22Z,page_view,/category/shoes,
E0007205,S001834,U0096,2026-01-08T10:20:46Z,page_view,/category/shoes,
E0007206,S001834,U0096,2026-01-08T10:21:06Z,view_item,/product/p0061,P0061
E0009035,S002294,U0241,2026-01-08T10:24:22Z,page_view,/category/beauty,
E0009036,S002294,U0241,2026-01-08T10:26:06Z,page_view,/search,
E0009037,S002294,U0241,2026-01-08T10:27:34Z,view_item,/product/p0289,P0289
E0009038,S002294,U0241,2026-01-08T10:30:26Z,add_to_cart,/product/p0289,P0289
E0009039,S002294,U0241,2026-01-08T10:33:34Z,begin_checkout,/checkout,P0289
E0005924,S001505,U0117,2026-01-08T10:35:11Z,page_view,/pricing,
E0007777,S001977,U0246,2026-01-08T11:56:55Z,page_view,/search,
E0007778,S001977,U0246,2026-01-08T11:57:11Z,page_view,/search,
E0008436,S002136,U0097,2026-01-08T15:08:56Z,page_view,/category/home,
E0008437,S002136,U0097,2026-01-08T15:09:03Z,page_view,/category/home,
E0008439,S002136,U0097,2026-01-08T15:14:40Z,page_view,/category/home,
E0008438,S002136,U0097,2026-01-08T15:19:58Z,page_view,/category/home,
E0005071,S001292,U0140,2026-01-08T16:00:45Z,page_view,/category/shoes,
E0005072,S001292,U0140,2026-01-08T16:01:05Z,page_view,/category/shoes,
E0005073,S001292,U0140,2026-01-08T16:01:30Z,view_item,/product/p0137,P0137
E0005075,S001292,U0140,2026-01-08T16:08:29Z,page_view,/category/shoes,
E0005074,S001292,U0140,2026-01-08T16:09:27Z,page_view,/search,
E0005076,S001292,U0140,2026-01-08T16:27:28Z,page_view,/category/shoes,
E0007649,S001943,U0079,2026-01-08T16:31:05Z,page_view,/,
E0007650,S001943,U0079,2026-01-08T16:31:12Z,page_view,/,
E0007651,S001943,U0079,2026-01-08T16:32:27Z,view_item,/product/p0360,P0360
E0007652,S001943,U0079,2026-01-08T16:34:02Z,page_view,/category/home,
E0007653,S001943,U0079,2026-01-08T16:37:02Z,page_view,/search,
E0007654,S001943,U0079,2026-01-08T16:48:16Z,page_view,/help,
E0007567,S001923,U0189,2026-01-08T18:27:05Z,page_view,/search,
E0007568,S001923,U0189,2026-01-08T18:32:53Z,page_view,/search,
E0002586,S000666,U0184,2026-01-08T19:50:22Z,page_view,/category/home,
E0002587,S000666,U0184,2026-01-08T19:50:40Z,page_view,/category/home,
E0002589,S000666,U0184,2026-01-08T19:51:50Z,view_item,/product/p0307,P0307
E0002588,S000666,U0184,2026-01-08T19:52:06Z,page_view,/search,
E0002590,S000666,U0184,2026-01-08T20:01:15Z,page_view,/cart,
E0006471,S001639,U0052,2026-01-08T21:40:52Z,page_view,/category/beauty,
E0006472,S001639,U0052,2026-01-08T21:49:21Z,page_view,/cart,
E0006993,S001774,U0007,2026-01-08T22:09:09Z,page_view,/,
E0008121,S002068,U0072,2026-01-08T23:05:10Z,page_view,/category/shoes,
E0008122,S002068,U0072,2026-01-08T23:06:36Z,page_view,/search,
E0008123,S002068,U0072,2026-01-08T23:06:52Z,view_item,/product/p0039,P0039
E0008124,S002068,U0072,2026-01-08T23:08:24Z,add_to_cart,/product/p0039,P0039
E0008125,S002068,U0072,2026-01-08T23:08:54Z,begin_checkout,/checkout,P0039
E0005027,S001278,U0029,2026-01-08T23:41:05Z,page_view,/category/electronics,
E0005028,S001278,U0029,2026-01-08T23:41:56Z,page_view,/search,
E0005029,S001278,U0029,2026-01-08T23:42:38Z,view_item,/product/p0307,P0307
E0004325,S001106,U0168,2026-01-09T00:25:17Z,page_view,/category/shoes,
E0004326,S001106,U0168,2026-01-09T00:26:02Z,page_view,/search,
E0004327,S001106,U0168,2026-01-09T00:26:05Z,view_item,/product/p0126,P0126
E0004328,S001106,U0168,2026-01-09T00:28:29Z,page_view,/cart,
E0001626,S000421,U0191,2026-01-09T02:34:27Z,page_view,/category/beauty,
E0001627,S000421,U0191,2026-01-09T02:37:05Z,view_item,/product/p0124,P0124
E0008448,S002140,U0094,2026-01-09T03:40:35Z,page_view,/,
E0008449,S002140,U0094,2026-01-09T03:40:45Z,page_view,/,
E0008450,S002140,U0094,2026-01-09T03:47:17Z,page_view,/category/beauty,
E0008451,S002140,U0094,2026-01-09T03:58:51Z,page_view,/category/electronics,
E0001599,S000413,U0105,2026-01-09T04:45:48Z,page_view,/,
E0001600,S000413,U0105,2026-01-09T04:47:52Z,page_view,/category/shoes,
E0000896,S000231,U0074,2026-01-09T04:50:39Z,page_view,/,
E0000897,S000231,U0074,2026-01-09T04:50:59Z,page_view,/,
E0000901,S000231,U0074,2026-01-09T04:51:14Z,page_view,/cart,
E0000898,S000231,U0074,2026-01-09T04:52:20Z,page_view,/search,
E0000899,S000231,U0074,2026-01-09T04:52:32Z,view_item,/product/p0403,P0403
E0000900,S000231,U0074,2026-01-09T05:03:42Z,page_view,/search,
E0004007,S001023,U0157,2026-01-09T05:09:30Z,page_view,/category/home,
E0004008,S001023,U0157,2026-01-09T05:09:48Z,page_view,/category/home,
E0004009,S001023,U0157,2026-01-09T05:11:12Z,page_view,/search,
E0004010,S001023,U0157,2026-01-09T05:11:50Z,view_item,/product/p0038,P0038
E0004011,S001023,U0157,2026-01-09T05:13:09Z,page_view,/category/home,
E0004012,S001023,U0157,2026-01-09T05:34:23Z,page_view,/category/electronics,
E0006093,S001546,U0004,2026-01-09T05:41:57Z,page_view,/,
E0006094,S001546,U0004,2026-01-09T05:42:06Z,page_view,/,
E0006095,S001546,U0004,2026-01-09T05:42:57Z,page_view,/search,
E0006096,S001546,U0004,2026-01-09T05:45:36Z,view_item,/product/p0316,P0316
E0001087,S000281,U0096,2026-01-09T06:55:47Z,page_view,/search,
E0001088,S000281,U0096,2026-01-09T06:55:58Z,page_view,/search,
E0001089,S000281,U0096,2026-01-09T06:57:34Z,page_view,/search,
E0001094,S000281,U0096,2026-01-09T06:58:40Z,page_view,/search,
E0001090,S000281,U0096,2026-01-09T06:59:35Z,view_item,/product/p0441,P0441
E0001091,S000281,U0096,2026-01-09T07:01:48Z,add_to_cart,/product/p0441,P0441
E0001092,S000281,U0096,2026-01-09T07:05:19Z,begin_checkout,/checkout,P0441
E0001093,S000281,U0096,2026-01-09T07:07:28Z,purchase,/thank-you,P0441
E0004822,S001226,U0135,2026-01-09T07:20:31Z,page_view,/category/electronics,
E0004823,S001226,U0135,2026-01-09T07:21:36Z,page_view,/search,
E0004824,S001226,U0135,2026-01-09T07:23:38Z,view_item,/product/p0392,P0392
E0004825,S001226,U0135,2026-01-09T07:32:17Z,page_view,/category/beauty,
E0000129,S000032,U0137,2026-01-09T07:54:07Z,page_view,/search,
E0000130,S000032,U0137,2026-01-09T07:54:32Z,page_view,/search,
E0000131,S000032,U0137,2026-01-09T07:59:17Z,page_view,/category/electronics,
E0001446,S000379,U0065,2026-01-09T08:32:00Z,page_view,/category/electronics,
E0001447,S000379,U0065,2026-01-09T08:33:23Z,view_item,/product/p0425,P0425
E0001448,S000379,U0065,2026-01-09T08:36:02Z,add_to_cart,/product/p0425,P0425
E0001449,S000379,U0065,2026-01-09T08:38:34Z,begin_checkout,/checkout,P0425
E0001452,S000379,U0065,2026-01-09T08:42:28Z,page_view,/,
E0001450,S000379,U0065,2026-01-09T08:44:27Z,page_view,/pricing,
E0001451,S000379,U0065,2026-01-09T08:54:40Z,page_view,/category/electronics,
E0003230,S000822,U0247,2026-01-09T09:33:09Z,page_view,/category/beauty,
E0003231,S000822,U0247,2026-01-09T09:41:08Z,page_view,/pricing,
E0004663,S001182,U0158,2026-01-09T09:47:50Z,page_view,/category/shoes,
E0004664,S001182,U0158,2026-01-09T10:01:52Z,page_view,/search,
E0004665,S001182,U0158,2026-01-09T10:02:10Z,page_view,/help,
E0009741,S002478,U0151,2026-01-09T11:08:03Z,page_view,/,
E0009744,S002478,U0151,2026-01-09T11:23:22Z,page_view,/category/beauty,
E0009743,S002478,U0151,2026-01-09T11:23:48Z,page_view,/pricing,
E0009742,S002478,U0151,2026-01-09T11:44:18Z,page_view,/cart,
E0006619,S001675,U0234,2026-01-09T12:45:08Z,page_view,/,
E0006620,S001675,U0234,2026-01-09T12:45:26Z,page_view,/,
E0006621,S001675,U0234,2026-01-09T12:46:51Z,view_item,/product/p0257,P0257
E0002804,S000718,U0113,2026-01-09T13:39:56Z,page_view,/,
E0002805,S000718,U0113,2026-01-09T13:40:24Z,page_view,/search,
E0002806,S000718,U0113,2026-01-09T13:42:34Z,view_item,/product/p0314,P0314
E0002807,S000718,U0113,2026-01-09T13:51:26Z,page_view,/,
E0001938,S000501,U0046,2026-01-09T14:03:10Z,page_view,/,
E0001939,S000501,U0046,2026-01-09T14:03:23Z,page_view,/,
E0001940,S000501,U0046,2026-01-09T14:04:01Z,page_view,/search,
E0001941,S000501,U0046,2026-01-09T14:05:00Z,view_item,/product/p0350,P0350
E0002808,S000718,U0113,2026-01-09T14:15:50Z,page_view,/help,
E0000873,S000226,U0012,2026-01-09T14:17:34Z,page_view,/,
E0000874,S000226,U0012,2026-01-09T14:20:22Z,page_view,/category/beauty,
E0005125,S001305,U0086,2026-01-09T14:49:56Z,page_view,/category/beauty,
E0005126,S001305,U0086,2026-01-09T14:50:47Z,page_view,/search,
E0005127,S001305,U0086,2026-01-09T14:51:10Z,view_item,/product/p0031,P0031
E0001263,S000327,U0140,2026-01-09T15:35:15Z,page_view,/category/shoes,
E0001264,S000327,U0140,2026-01-09T15:40:35Z,page_view,/cart,
E0001265,S000327,U0140,2026-01-09T15:42:52Z,page_view,/search,
E0007068,S001797,U0012,2026-01-09T16:09:38Z,page_view,/category/home,
E0007069,S001797,U0012,2026-01-09T16:10:03Z,page_view,/search,
E0007070,S001797,U0012,2026-01-09T16:12:53Z,view_item,/product/p0234,P0234
E0007073,S001797,U0012,2026-01-09T16:23:37Z,page_view,/pricing,
E0007072,S001797,U0012,2026-01-09T16:26:20Z,page_view,/category/beauty,
E0003624,S000924,U0064,2026-01-09T16:26:31Z,page_view,/,
E0009310,S002364,U0196,2026-01-09T16:27:09Z,page_view,/category/home,
E0009311,S002364,U0196,2026-01-09T16:30:32Z,page_view,/help,
E0003626,S000924,U0064,2026-01-09T16:40:33Z,page_view,/help,
E0003627,S000924,U0064,2026-01-09T16:41:39Z,page_view,/category/electronics,
E0003625,S000924,U0064,2026-01-09T16:44:01Z,page_view,/category/home,
E0007071,S001797,U0012,2026-01-09T16:46:06Z,page_view,/,
E0007569,S001924,U0163,2026-01-09T16:53:04Z,page_view,/category/shoes,
E0009313,S002364,U0196,2026-01-09T16:53:11Z,page_view,/category/home,
E0007570,S001924,U0163,2026-01-09T16:55:22Z,view_item,/product/p0466,P0466
E0009312,S002364,U0196,2026-01-09T17:00:28Z,page_view,/category/shoes,
E0005962,S001513,U0215,2026-01-09T18:00:54Z,page_view,/,
E0005964,S001513,U0215,2026-01-09T18:01:49Z,view_item,/product/p0087,P0087
E0005966,S001513,U0215,2026-01-09T18:01:50Z,page_view,/category/electronics,
E0005963,S001513,U0215,2026-01-09T18:01:58Z,page_view,/search,
E0005965,S001513,U0215,2026-01-09T18:02:21Z,add_to_cart,/product/p0087,P0087
E0009321,S002367,U0147,2026-01-09T18:43:52Z,page_view,/category/home,
E0009322,S002367,U0147,2026-01-09T18:45:27Z,view_item,/product/p0362,P0362
E0009323,S002367,U0147,2026-01-09T18:46:09Z,add_to_cart,/product/p0362,P0362
E0009324,S002367,U0147,2026-01-09T18:47:49Z,page_view,/category/shoes,
E0000191,S000047,U0250,2026-01-09T18:47:51Z,page_view,/,
E0000192,S000047,U0250,2026-01-09T18:48:12Z,page_view,/,
E0000193,S000047,U0250,2026-01-09T18:49:14Z,view_item,/product/p0148,P0148
E0000194,S000047,U0250,2026-01-09T18:50:11Z,add_to_cart,/product/p0148,P0148
E0000195,S000047,U0250,2026-01-09T18:52:53Z,page_view,/category/shoes,
E0005834,S001478,U0208,2026-01-09T19:46:04Z,page_view,/,
E0000794,S000203,U0004,2026-01-09T19:46:55Z,page_view,/category/electronics,
E0000795,S000203,U0004,2026-01-09T19:48:54Z,view_item,/product/p0407,P0407
E0000796,S000203,U0004,2026-01-09T19:49:56Z,add_to_cart,/product/p0407,P0407
E0005835,S001478,U0208,2026-01-09T19:50:01Z,view_item,/product/p0334,P0334
E0005836,S001478,U0208,2026-01-09T20:04:05Z,page_view,/help,
E0000799,S000203,U0004,2026-01-09T20:16:23Z,page_view,/category/home,
E0000797,S000203,U0004,2026-01-09T20:17:03Z,page_view,/cart,
E0000798,S000203,U0004,2026-01-09T20:17:55Z,page_view,/pricing,
E0009175,S002331,U0242,2026-01-09T20:57:01Z,page_view,/category/shoes,
E0009176,S002331,U0242,2026-01-09T21:00:17Z,view_item,/product/p0480,P0480
E0009178,S002331,U0242,2026-01-09T21:24:44Z,page_view,/help,
E0009177,S002331,U0242,2026-01-09T21:26:40Z,page_view,/category/shoes,
E0009179,S002331,U0242,2026-01-09T21:36:53Z,page_view,/pricing,
E0009842,S002505,U0157,2026-01-09T22:41:23Z,page_view,/category/shoes,
E0009845,S002505,U0157,2026-01-09T22:44:58Z,page_view,/category/home,
E0009844,S002505,U0157,2026-01-09T22:46:44Z,page_view,/,
E0009843,S002505,U0157,2026-01-09T23:16:16Z,page_view,/search,
E0005061,S001287,U0234,2026-01-10T00:07:12Z,page_view,/category/home,
E0003503,S000893,U0065,2026-01-10T00:09:20Z,page_view,/search,
E0003504,S000893,U0065,2026-01-10T00:11:11Z,view_item,/product/p0380,P0380
E0003506,S000893,U0065,2026-01-10T00:17:23Z,page_view,/cart,
E0003505,S000893,U0065,2026-01-10T00:20:13Z,page_view,/search,
E0005062,S001287,U0234,2026-01-10T00:48:23Z,page_view,/,
E0001792,S000463,U0012,2026-01-10T01:06:53Z,page_view,/search,
E0001793,S000463,U0012,2026-01-10T01:10:21Z,view_item,/product/p0162,P0162
E0001794,S000463,U0012,2026-01-10T01:11:48Z,add_to_cart,/product/p0162,P0162
E0001795,S000463,U0012,2026-01-10T01:13:12Z,begin_checkout,/checkout,P0162
E0001796,S000463,U0012,2026-01-10T01:15:02Z,purchase,/thank-you,P0162
E0003720,S000947,U0237,2026-01-10T01:36:31Z,page_view,/search,
E0003721,S000947,U0237,2026-01-10T01:38:09Z,page_view,/search,
E0003722,S000947,U0237,2026-01-10T01:39:46Z,view_item,/product/p0089,P0089
E0003724,S000947,U0237,2026-01-10T01:54:16Z,page_view,/category/electronics,
E0003723,S000947,U0237,2026-01-10T01:57:43Z,page_view,/category/shoes,
E0005410,S001372,U0053,2026-01-10T02:15:10Z,page_view,/,
E0005411,S001372,U0053,2026-01-10T02:15:34Z,page_view,/,
E0005412,S001372,U0053,2026-01-10T02:17:03Z,view_item,/product/p0114,P0114
E0005414,S001372,U0053,2026-01-10T02:17:03Z,page_view,/help,
E0005413,S001372,U0053,2026-01-10T02:24:31Z,page_view,/category/electronics,
E0002373,S000610,U0038,2026-01-10T02:24:47Z,page_view,/category/beauty,
E0002374,S000610,U0038,2026-01-10T02:27:29Z,view_item,/product/p0432,P0432
E0002375,S000610,U0038,2026-01-10T02:28:35Z,add_to_cart,/product/p0432,P0432
E0002376,S000610,U0038,2026-01-10T02:29:04Z,page_view,/,
E0002037,S000529,U0217,2026-01-10T03:25:27Z,page_view,/category/shoes,
E0002040,S000529,U0217,2026-01-10T03:44:58Z,page_view,/cart,
E0002039,S000529,U0217,2026-01-10T03:48:44Z,page_view,/pricing,
E0002038,S000529,U0217,2026-01-10T03:57:57Z,page_view,/cart,
E0006923,S001756,U0168,2026-01-10T03:58:35Z,page_view,/category/beauty,
E0006924,S001756,U0168,2026-01-10T04:00:49Z,view_item,/product/p0407,P0407
E0006925,S001756,U0168,2026-01-10T04:01:35Z,add_to_cart,/product/p0407,P0407
E0006926,S001756,U0168,2026-01-10T04:03:01Z,begin_checkout,/checkout,P0407
E0006927,S001756,U0168,2026-01-10T04:06:47Z,purchase,/thank-you,P0407
E0006928,S001756,U0168,2026-01-10T04:15:59Z,page_view,/search,
E0002907,S000738,U0115,2026-01-10T05:14:05Z,page_view,/,
E0002909,S000738,U0115,2026-01-10T05:15:13Z,page_view,/category/home,
E0002908,S000738,U0115,2026-01-10T05:15:34Z,view_item,/product/p0418,P0418
E0002910,S000738,U0115,2026-01-10T05:17:52Z,page_view,/pricing,
E0002611,S000673,U0160,2026-01-10T05:26:44Z,page_view,/category/shoes,
E0002612,S000673,U0160,2026-01-10T05:27:37Z,view_item,/product/p0186,P0186
E0002613,S000673,U0160,2026-01-10T05:28:04Z,add_to_cart,/product/p0186,P0186
E0002617,S000673,U0160,2026-01-10T05:28:48Z,page_view,/category/beauty,
E0002614,S000673,U0160,2026-01-10T05:30:39Z,begin_checkout,/checkout,P0186
E0002615,S000673,U0160,2026-01-10T05:34:09Z,purchase,/thank-you,P0186
E0002616,S000673,U0160,2026-01-10T05:34:26Z,page_view,/category/electronics,
E0007102,S001805,U0233,2026-01-10T05:46:40Z,page_view,/,
E0007103,S001805,U0233,2026-01-10T05:46:49Z,page_view,/,
E0007104,S001805,U0233,2026-01-10T05:48:03Z,page_view,/search,
E0002618,S000673,U0160,2026-01-10T05:49:59Z,page_view,/category/electronics,
E0007105,S001805,U0233,2026-01-10T05:50:17Z,view_item,/product/p0107,P0107
E0007106,S001805,U0233,2026-01-10T05:53:15Z,add_to_cart,/product/p0107,P0107
E0007107,S001805,U0233,2026-01-10T05:55:03Z,begin_checkout,/checkout,P0107
E0007108,S001805,U0233,2026-01-10T05:57:03Z,purchase,/thank-you,P0107
E0007109,S001805,U0233,2026-01-10T06:05:23Z,page_view,/category/home,
E0006023,S001527,U0159,2026-01-10T06:25:25Z,page_view,/,
E0007110,S001805,U0233,2026-01-10T06:27:48Z,page_view,/search,
E0001715,S000444,U0147,2026-01-10T06:52:37Z,page_view,/category/electronics,
E0001716,S000444,U0147,2026-01-10T06:55:17Z,view_item,/product/p0164,P0164
E0001717,S000444,U0147,2026-01-10T06:56:43Z,add_to_cart,/product/p0164,P0164
E0001718,S000444,U0147,2026-01-10T06:58:00Z,page_view,/search,
E0001769,S000457,U0118,2026-01-10T07:04:48Z,page_view,/category/beauty,
E0001770,S000457,U0118,2026-01-10T07:07:50Z,view_item,/product/p0039,P0039
E0006512,S001651,U0074,2026-01-10T07:08:28Z,page_view,/,
E0006513,S001651,U0074,2026-01-10T07:09:17Z,page_view,/search,
E0006514,S001651,U0074,2026-01-10T07:09:24Z,view_item,/product/p0387,P0387
E0001427,S000374,U0166,2026-01-10T07:10:22Z,page_view,/category/electronics,
E0006515,S001651,U0074,2026-01-10T07:11:06Z,add_to_cart,/product/p0387,P0387
E0001428,S000374,U0166,2026-01-10T07:12:03Z,page_view,/search,
E0001429,S000374,U0166,2026-01-10T07:14:13Z,view_item,/product/p0259,P0259
E0006516,S001651,U0074,2026-01-10T07:14:28Z,begin_checkout,/checkout,P0387
E0001771,S000457,U0118,2026-01-10T07:32:49Z,page_view,/help,
E0008824,S002239,U0080,2026-01-10T08:43:19Z,page_view,/category/shoes,
E0008829,S002239,U0080,2026-01-10T08:44:20Z,page_view,/search,
E0008825,S002239,U0080,2026-01-10T08:44:36Z,view_item,/product/p0493,P0493
E0008826,S002239,U0080,2026-01-10T08:46:41Z,add_to_cart,/product/p0493,P0493
E0008827,S002239,U0080,2026-01-10T08:47:17Z,begin_checkout,/checkout,P0493
E0008828,S002239,U0080,2026-01-10T08:49:17Z,purchase,/thank-you,P0493
E0008830,S002239,U0080,2026-01-10T08:51:23Z,page_view,/cart,
E0008831,S002239,U0080,2026-01-10T09:08:11Z,page_view,/,
E0008977,S002278,U0078,2026-01-10T11:17:04Z,page_view,/category/beauty,
E0008979,S002278,U0078,2026-01-10T11:21:30Z,page_view,/pricing,
E0008978,S002278,U0078,2026-01-10T11:27:12Z,page_view,/category/home,
E0001253,S000325,U0069,2026-01-10T11:30:04Z,page_view,/,
E0001254,S000325,U0069,2026-01-10T11:30:11Z,page_view,/,
E0001255,S000325,U0069,2026-01-10T11:31:22Z,page_view,/search,
E0001256,S000325,U0069,2026-01-10T11:33:25Z,view_item,/product/p0260,P0260
E0009418,S002393,U0233,2026-01-10T11:45:33Z,page_view,/category/shoes,
E0009419,S002393,U0233,2026-01-10T11:45:47Z,page_view,/category/shoes,
E0009420,S002393,U0233,2026-01-10T11:48:45Z,view_item,/product/p0045,P0045
E0009421,S002393,U0233,2026-01-10T11:49:24Z,add_to_cart,/product/p0045,P0045
E0009422,S002393,U0233,2026-01-10T11:50:56Z,begin_checkout,/checkout,P0045
E0007722,S001961,U0153,2026-01-10T12:01:33Z,page_view,/category/shoes,
E0009423,S002393,U0233,2026-01-10T12:04:14Z,page_view,/category/electronics,
E0001307,S000340,U0042,2026-01-10T12:26:11Z,page_view,/category/shoes,
E0001310,S000340,U0042,2026-01-10T12:29:19Z,page_view,/category/electronics,
E0001309,S000340,U0042,2026-01-10T12:33:55Z,page_view,/cart,
E0001308,S000340,U0042,2026-01-10T12:38:16Z,page_view,/help,
E0002982,S000758,U0202,2026-01-10T13:18:00Z,page_view,/,
E0002983,S000758,U0202,2026-01-10T13:25:39Z,page_view,/category/home,
E0008440,S002137,U0135,2026-01-10T13:47:59Z,page_view,/search,
E0008441,S002137,U0135,2026-01-10T13:51:41Z,view_item,/product/p0338,P0338
E0001423,S000372,U0029,2026-01-10T14:08:35Z,page_view,/category/home,
E0001424,S000372,U0029,2026-01-10T14:08:53Z,page_view,/category/home,
E0008442,S002137,U0135,2026-01-10T14:10:31Z,page_view,/category/electronics,
E0008588,S002175,U0246,2026-01-10T14:40:22Z,page_view,/category/electronics,
E0008589,S002175,U0246,2026-01-10T14:43:43Z,view_item,/product/p0232,P0232
E0009363,S002379,U0242,2026-01-10T14:59:50Z,page_view,/,
E0009364,S002379,U0242,2026-01-10T15:01:52Z,view_item,/product/p0282,P0282
E0003317,S000847,U0194,2026-01-10T15:39:25Z,page_view,/category/shoes,
E0003318,S000847,U0194,2026-01-10T15:42:46Z,view_item,/product/p0209,P0209
E0003321,S000847,U0194,2026-01-10T15:43:27Z,page_view,/cart,
E0003320,S000847,U0194,2026-01-10T15:49:49Z,page_view,/cart,
E0005423,S001375,U0173,2026-01-10T16:05:17Z,page_view,/,
E0003319,S000847,U0194,2026-01-10T16:08:05Z,page_view,/cart,
E0005424,S001375,U0173,2026-01-10T16:11:22Z,page_view,/pricing,
E0006188,S001574,U0244,2026-01-10T16:33:50Z,page_view,/,
E0006189,S001574,U0244,2026-01-10T16:35:15Z,page_view,/search,
E0006190,S001574,U0244,2026-01-10T16:37:19Z,view_item,/product/p0208,P0208
E0006192,S001574,U0244,2026-01-10T16:43:37Z,page_view,/category/electronics,
E0006193,S001574,U0244,2026-01-10T16:48:43Z,page_view,/cart,
E0006191,S001574,U0244,2026-01-10T17:01:49Z,page_view,/category/electronics,
E0007337,S001864,U0139,2026-01-10T18:02:09Z,page_view,/,
E0007339,S001864,U0139,2026-01-10T18:03:13Z,page_view,/category/electronics,
E0007338,S001864,U0139,2026-01-10T18:04:46Z,page_view,/category/electronics,
E0007340,S001864,U0139,2026-01-10T18:05:36Z,page_view,/,
E0003735,S000952,U0072,2026-01-10T19:43:49Z,page_view,/category/home,
E0003736,S000952,U0072,2026-01-10T19:47:20Z,view_item,/product/p0353,P0353
E0003738,S000952,U0072,2026-01-10T19:54:02Z,page_view,/cart,
E0003737,S000952,U0072,2026-01-10T19:54:16Z,page_view,/,
E0003147,S000801,U0198,2026-01-10T23:24:56Z,page_view,/category/beauty,
E0003148,S000801,U0198,2026-01-10T23:25:18Z,page_view,/category/beauty,
E0001961,S000507,U0047,2026-01-11T00:26:38Z,page_view,/category/home,
E0001962,S000507,U0047,2026-01-11T00:30:07Z,view_item,/product/p0047,P0047
E0001963,S000507,U0047,2026-01-11T00:37:25Z,page_view,/category/beauty,
E0001964,S000507,U0047,2026-01-11T00:50:41Z,page_view,/category/electronics,
E0004739,S001204,U0179,2026-01-11T00:57:39Z,page_view,/category/electronics,
E0004740,S001204,U0179,2026-01-11T00:57:44Z,page_view,/category/electronics,
E0004741,S001204,U0179,2026-01-11T00:59:03Z,page_view,/search,
E0004742,S001204,U0179,2026-01-11T01:00:26Z,view_item,/product/p0199,P0199
E0004743,S001204,U0179,2026-01-11T01:06:45Z,page_view,/search,
E0004744,S001204,U0179,2026-01-11T01:09:07Z,page_view,/pricing,
E0004745,S001204,U0179,2026-01-11T01:16:11Z,page_view,/category/home,
E0005365,S001361,U0213,2026-01-11T02:09:03Z,page_view,/category/shoes,
E0005369,S001361,U0213,2026-01-11T02:10:09Z,page_view,/cart,
E0005366,S001361,U0213,2026-01-11T02:12:43Z,view_item,/product/p0173,P0173
E0005367,S001361,U0213,2026-01-11T02:14:53Z,add_to_cart,/product/p0173,P0173
E0000650,S000164,U0206,2026-01-11T02:20:55Z,page_view,/search,
E0000651,S000164,U0206,2026-01-11T02:21:02Z,page_view,/search,
E0000652,S000164,U0206,2026-01-11T02:21:52Z,page_view,/search,
E0000653,S000164,U0206,2026-01-11T02:22:16Z,view_item,/product/p0233,P0233
E0000659,S000164,U0206,2026-01-11T02:23:49Z,page_view,/category/home,
E0000654,S000164,U0206,2026-01-11T02:24:53Z,add_to_cart,/product/p0233,P0233
E0000655,S000164,U0206,2026-01-11T02:25:30Z,begin_checkout,/checkout,P0233
E0000657,S000164,U0206,2026-01-11T02:25:48Z,page_view,/search,
E0000656,S000164,U0206,2026-01-11T02:26:56Z,purchase,/thank-you,P0233
E0000658,S000164,U0206,2026-01-11T02:28:58Z,page_view,/pricing,
E0005370,S001361,U0213,2026-01-11T02:42:06Z,page_view,/,
E0005368,S001361,U0213,2026-01-11T02:45:35Z,page_view,/,
E0000031,S000008,U0018,2026-01-11T03:22:47Z,page_view,/category/beauty,
E0000032,S000008,U0018,2026-01-11T03:24:00Z,view_item,/product/p0463,P0463
E0000033,S000008,U0018,2026-01-11T03:30:47Z,page_view,/cart,
E0000034,S000008,U0018,2026-01-11T03:31:31Z,page_view,/pricing,
E0000782,S000201,U0069,2026-01-11T04:23:25Z,page_view,/category/home,
E0000783,S000201,U0069,2026-01-11T04:23:41Z,page_view,/category/home,
E0000784,S000201,U0069,2026-01-11T04:24:02Z,page_view,/search,
E0000785,S000201,U0069,2026-01-11T04:25:01Z,view_item,/product/p0112,P0112
E0000786,S000201,U0069,2026-01-11T04:25:43Z,add_to_cart,/product/p0112,P0112
E0000787,S000201,U0069,2026-01-11T04:28:01Z,begin_checkout,/checkout,P0112
E0000788,S000201,U0069,2026-01-11T04:30:42Z,purchase,/thank-you,P0112
E0000789,S000201,U0069,2026-01-11T04:40:00Z,page_view,/category/beauty,
E0000790,S000201,U0069,2026-01-11T04:49:30Z,page_view,/category/home,
E0006081,S001543,U0015,2026-01-11T04:50:30Z,page_view,/search,
E0006082,S001543,U0015,2026-01-11T04:50:44Z,page_view,/search,
E0005480,S001389,U0181,2026-01-11T04:51:17Z,page_view,/category/beauty,
E0005481,S001389,U0181,2026-01-11T04:54:52Z,view_item,/product/p0178,P0178
E0006083,S001543,U0015,2026-01-11T04:58:57Z,page_view,/pricing,
E0005482,S001389,U0181,2026-01-11T05:07:59Z,page_view,/cart,
E0006084,S001543,U0015,2026-01-11T05:08:48Z,page_view,/category/electronics,
E0002701,S000695,U0177,2026-01-11T05:23:03Z,page_view,/search,
E0002702,S000695,U0177,2026-01-11T05:29:14Z,page_view,/category/beauty,
E0002704,S000695,U0177,2026-01-11T05:40:36Z,page_view,/category/shoes,
E0002703,S000695,U0177,2026-01-11T05:40:43Z,page_view,/category/shoes,
E0002939,S000747,U0018,2026-01-11T06:22:00Z,page_view,/category/shoes,
E0002940,S000747,U0018,2026-01-11T06:22:07Z,page_view,/category/shoes,
E0002941,S000747,U0018,2026-01-11T06:22:22Z,page_view,/search,
E0002942,S000747,U0018,2026-01-11T06:22:46Z,view_item,/product/p0379,P0379
E0002943,S000747,U0018,2026-01-11T06:29:11Z,page_view,/cart,
E0004294,S001096,U0110,2026-01-11T06:44:06Z,page_view,/category/electronics,
E0004297,S001096,U0110,2026-01-11T06:46:12Z,page_view,/category/home,
E0002944,S000747,U0018,2026-01-11T06:47:10Z,page_view,/category/electronics,
E0004295,S001096,U0110,2026-01-11T06:58:14Z,page_view,/search,
E0004296,S001096,U0110,2026-01-11T07:00:32Z,page_view,/category/home,
E0002977,S000757,U0028,2026-01-11T08:57:36Z,page_view,/,
E0002978,S000757,U0028,2026-01-11T08:57:59Z,page_view,/,
E0002981,S000757,U0028,2026-01-11T08:58:20Z,page_view,/category/beauty,
E0002979,S000757,U0028,2026-01-11T08:58:47Z,view_item,/product/p0128,P0128
E0002980,S000757,U0028,2026-01-11T09:06:48Z,page_view,/category/electronics,
E0003878,S000988,U0111,2026-01-11T09:07:57Z,page_view,/search,
E0004830,S001230,U0057,2026-01-11T09:14:13Z,page_view,/category/shoes,
E0003880,S000988,U0111,2026-01-11T09:19:35Z,page_view,/,
E0004833,S001230,U0057,2026-01-11T09:25:23Z,page_view,/category/beauty,
E0004831,S001230,U0057,2026-01-11T09:29:26Z,page_view,/search,
E0005138,S001309,U0202,2026-01-11T09:34:49Z,page_view,/,
E0003879,S000988,U0111,2026-01-11T09:34:54Z,page_view,/pricing,
E0004832,S001230,U0057,2026-01-11T09:35:08Z,page_view,/cart,
E0000245,S000061,U0143,2026-01-11T09:59:06Z,page_view,/,
E0002262,S000587,U0012,2026-01-11T10:09:15Z,page_view,/category/home,
E0002263,S000587,U0012,2026-01-11T10:09:29Z,page_view,/category/home,
E0007197,S001832,U0196,2026-01-11T10:59:29Z,page_view,/,
E0007198,S001832,U0196,2026-01-11T10:59:44Z,page_view,/,
E0007628,S001938,U0217,2026-01-11T12:03:40Z,page_view,/category/beauty,
E0007633,S001938,U0217,2026-01-11T12:04:16Z,page_view,/cart,
E0007629,S001938,U0217,2026-01-11T12:06:34Z,view_item,/product/p0494,P0494
E0007630,S001938,U0217,2026-01-11T12:08:38Z,add_to_cart,/product/p0494,P0494
E0007631,S001938,U0217,2026-01-11T12:10:33Z,begin_checkout,/checkout,P0494
E0007632,S001938,U0217,2026-01-11T12:13:59Z,purchase,/thank-you,P0494
E0007634,S001938,U0217,2026-01-11T12:15:24Z,page_view,/cart,
E0001200,S000311,U0147,2026-01-11T12:30:31Z,page_view,/,
E0001201,S000311,U0147,2026-01-11T12:36:47Z,page_view,/search,
E0006135,S001558,U0194,2026-01-11T12:37:03Z,page_view,/category/beauty,
E0006136,S001558,U0194,2026-01-11T12:37:11Z,page_view,/category/beauty,
E0001203,S000311,U0147,2026-01-11T12:37:59Z,page_view,/cart,
E0006137,S001558,U0194,2026-01-11T12:38:17Z,page_view,/help,
E0001202,S000311,U0147,2026-01-11T12:38:55Z,page_view,/,
E0001534,S000397,U0090,2026-01-11T14:25:00Z,page_view,/,
E0001535,S000397,U0090,2026-01-11T14:25:06Z,page_view,/,
E0001536,S000397,U0090,2026-01-11T14:26:22Z,page_view,/search,
E0001537,S000397,U0090,2026-01-11T14:27:37Z,view_item,/product/p0021,P0021
E0001538,S000397,U0090,2026-01-11T14:42:45Z,page_view,/pricing,
E0001539,S000397,U0090,2026-01-11T14:54:35Z,page_view,/search,
E0000878,S000228,U0065,2026-01-11T16:16:36Z,page_view,/search,
E0000879,S000228,U0065,2026-01-11T16:17:02Z,page_view,/search,
E0000880,S000228,U0065,2026-01-11T16:20:02Z,view_item,/product/p0140,P0140
E0000883,S000228,U0065,2026-01-11T16:23:42Z,page_view,/help,
E0000881,S000228,U0065,2026-01-11T16:23:52Z,page_view,/category/home,
E0000882,S000228,U0065,2026-01-11T16:27:17Z,page_view,/,
E0005395,S001369,U0012,2026-01-11T16:27:41Z,page_view,/category/shoes,
E0005396,S001369,U0012,2026-01-11T16:29:28Z,page_view,/search,
E0005397,S001369,U0012,2026-01-11T16:29:52Z,view_item,/product/p0411,P0411
E0005398,S001369,U0012,2026-01-11T16:32:40Z,add_to_cart,/product/p0411,P0411
E0009184,S002333,U0129,2026-01-11T16:46:18Z,page_view,/category/home,
E0009185,S002333,U0129,2026-01-11T16:46:42Z,page_view,/category/home,
E0005399,S001369,U0012,2026-01-11T16:48:11Z,page_view,/pricing,
E0009187,S002333,U0129,2026-01-11T16:49:20Z,page_view,/search,
E0009186,S002333,U0129,2026-01-11T16:51:14Z,page_view,/pricing,
E0005171,S001318,U0114,2026-01-11T19:44:41Z,page_view,/category/electronics,
E0005172,S001318,U0114,2026-01-11T19:45:02Z,page_view,/category/electronics,
E0005173,S001318,U0114,2026-01-11T19:46:06Z,page_view,/search,
E0005174,S001318,U0114,2026-01-11T19:48:32Z,view_item,/product/p0234,P0234
E0005175,S001318,U0114,2026-01-11T19:51:30Z,add_to_cart,/product/p0234,P0234
E0005176,S001318,U0114,2026-01-11T19:52:07Z,begin_checkout,/checkout,P0234
E0001083,S000280,U0231,2026-01-11T22:08:15Z,page_view,/category/shoes,
E0001085,S000280,U0231,2026-01-11T22:11:44Z,page_view,/category/electronics,
E0001084,S000280,U0231,2026-01-11T22:13:13Z,page_view,/help,
E0001086,S000280,U0231,2026-01-11T22:15:49Z,page_view,/search,
E0006475,S001641,U0059,2026-01-11T23:28:22Z,page_view,/,
E0006476,S001641,U0059,2026-01-11T23:28:34Z,page_view,/,
E0006477,S001641,U0059,2026-01-11T23:29:10Z,view_item,/product/p0416,P0416
E0006481,S001641,U0059,2026-01-11T23:29:50Z,page_view,/category/shoes,
E0006478,S001641,U0059,2026-01-11T23:29:52Z,add_to_cart,/product/p0416,P0416
E0006480,S001641,U0059,2026-01-11T23:29:52Z,page_view,/category/beauty,
E0006479,S001641,U0059,2026-01-11T23:33:05Z,begin_checkout,/checkout,P0416
E0000324,S000079,U0049,2026-01-12T01:00:43Z,page_view,/,
E0000326,S000079,U0049,2026-01-12T01:01:59Z,page_view,/,
E0000325,S000079,U0049,2026-01-12T01:03:24Z,page_view,/category/home,
E0007033,S001786,U0107,2026-01-12T02:37:44Z,page_view,/,
E0007036,S001786,U0107,2026-01-12T02:40:04Z,page_view,/category/home,
E0007035,S001786,U0107,2026-01-12T02:42:26Z,page_view,/category/shoes,
E0007034,S001786,U0107,2026-01-12T02:42:58Z,page_view,/,
E0008020,S002039,U0194,2026-01-12T03:14:37Z,page_view,/search,
E0008022,S002039,U0194,2026-01-12T03:16:13Z,page_view,/category/home,
E0008021,S002039,U0194,2026-01-12T03:18:03Z,page_view,/help,
E0008023,S002039,U0194,2026-01-12T03:18:46Z,page_view,/category/electronics,
E0000240,S000060,U0215,2026-01-12T04:37:40Z,page_view,/,
E0000241,S000060,U0215,2026-01-12T04:37:52Z,page_view,/,
E0000242,S000060,U0215,2026-01-12T04:40:31Z,page_view,/,
E0000243,S000060,U0215,2026-01-12T04:40:44Z,page_view,/category/beauty,
E0000244,S000060,U0215,2026-01-12T04:47:32Z,page_view,/category/shoes,
E0000254,S000064,U0066,2026-01-12T05:00:12Z,page_view,/category/shoes,
E0000255,S000064,U0066,2026-01-12T05:02:31Z,view_item,/product/p0303,P0303
E0000257,S000064,U0066,2026-01-12T05:05:13Z,page_view,/cart,
E0000256,S000064,U0066,2026-01-12T05:13:22Z,page_view,/category/electronics,
E0003069,S000779,U0228,2026-01-12T05:30:37Z,page_view,/,
E0003070,S000779,U0228,2026-01-12T05:30:48Z,page_view,/,
E0003071,S000779,U0228,2026-01-12T05:33:40Z,page_view,/category/beauty,
E0008484,S002149,U0220,2026-01-12T05:44:04Z,page_view,/category/home,
E0008485,S002149,U0220,2026-01-12T05:44:19Z,page_view,/category/home,
E0001095,S000282,U0152,2026-01-12T06:06:47Z,page_view,/,
E0001096,S000282,U0152,2026-01-12T06:07:03Z,page_view,/,
E0001097,S000282,U0152,2026-01-12T06:08:27Z,view_item,/product/p0224,P0224
E0008486,S002149,U0220,2026-01-12T06:09:03Z,page_view,/category/electronics,
E0001098,S000282,U0152,2026-01-12T06:11:07Z,add_to_cart,/product/p0224,P0224
E0001099,S000282,U0152,2026-01-12T06:13:07Z,begin_checkout,/checkout,P0224
E0008487,S002149,U0220,2026-01-12T06:18:29Z,page_view,/,
E0007594,S001930,U0018,2026-01-12T06:28:26Z,page_view,/category/beauty,
E0007595,S001930,U0018,2026-01-12T06:28:43Z,page_view,/category/beauty,
E0007596,S001930,U0018,2026-01-12T06:28:50Z,page_view,/search,
E0007597,S001930,U0018,2026-01-12T06:31:15Z,view_item,/product/p0314,P0314
E0007599,S001930,U0018,2026-01-12T06:35:17Z,page_view,/help,
E0007598,S001930,U0018,2026-01-12T06:39:07Z,page_view,/category/home,
E0009375,S002383,U0073,2026-01-12T07:58:54Z,page_view,/category/shoes,
E0009376,S002383,U0073,2026-01-12T08:01:08Z,view_item,/product/p0176,P0176
E0002147,S000555,U0165,2026-01-12T08:21:23Z,page_view,/,
E0002148,S000555,U0165,2026-01-12T08:22:52Z,page_view,/search,
E0002149,S000555,U0165,2026-01-12T08:23:01Z,view_item,/product/p0236,P0236
E0002150,S000555,U0165,2026-01-12T08:43:18Z,page_view,/search,
E0009969,S002541,U0118,2026-01-12T09:14:23Z,page_view,/category/beauty,
E0009971,S002541,U0118,2026-01-12T09:28:36Z,page_view,/category/beauty,
E0009970,S002541,U0118,2026-01-12T09:35:46Z,page_view,/help,
E0007233,S001841,U0012,2026-01-12T09:40:16Z,page_view,/,
E0007234,S001841,U0012,2026-01-12T09:40:26Z,page_view,/,
E0007235,S001841,U0012,2026-01-12T09:55:38Z,page_view,/category/beauty,
E0007237,S001841,U0012,2026-01-12T10:07:38Z,page_view,/,
E0007236,S001841,U0012,2026-01-12T10:10:32Z,page_view,/search,
E0000667,S000167,U0047,2026-01-12T10:39:52Z,page_view,/category/shoes,
E0008953,S002270,U0156,2026-01-12T11:39:26Z,page_view,/,
E0001195,S000309,U0189,2026-01-12T12:31:41Z,page_view,/category/electronics,
E0001196,S000309,U0189,2026-01-12T12:58:59Z,page_view,/category/beauty,
E0006832,S001734,U0081,2026-01-12T13:44:25Z,page_view,/,
E0006834,S001734,U0081,2026-01-12T13:57:38Z,page_view,/,
E0007489,S001903,U0184,2026-01-12T14:06:01Z,page_view,/category/electronics,
E0007490,S001903,U0184,2026-01-12T14:07:23Z,view_item,/product/p0272,P0272
E0003901,S000994,U0155,2026-01-12T14:08:38Z,page_view,/category/shoes,
E0003902,S000994,U0155,2026-01-12T14:09:00Z,page_view,/category/shoes,
E0006833,S001734,U0081,2026-01-12T14:09:45Z,page_view,/pricing,
E0003903,S000994,U0155,2026-01-12T14:10:59Z,view_item,/product/p0243,P0243
E0003905,S000994,U0155,2026-01-12T14:18:04Z,page_view,/pricing,
E0003906,S000994,U0155,2026-01-12T14:22:43Z,page_view,/cart,
E0002227,S000576,U0095,2026-01-12T14:31:42Z,page_view,/category/electronics,
E0002228,S000576,U0095,2026-01-12T14:32:00Z,page_view,/category/electronics,
E0007194,S001830,U0221,2026-01-12T14:33:58Z,page_view,/category/electronics,
E0007195,S001830,U0221,2026-01-12T14:34:14Z,page_view,/category/electronics,
E0001967,S000509,U0194,2026-01-12T14:38:44Z,page_view,/,
E0001968,S000509,U0194,2026-01-12T14:40:34Z,view_item,/product/p0080,P0080
E0001969,S000509,U0194,2026-01-12T14:41:41Z,add_to_cart,/product/p0080,P0080
E0002229,S000576,U0095,2026-01-12T14:44:15Z,page_view,/pricing,
E0003904,S000994,U0155,2026-01-12T14:47:29Z,page_view,/help,
E0001970,S000509,U0194,2026-01-12T14:47:54Z,page_view,/help,
E0003087,S000783,U0111,2026-01-12T14:52:30Z,page_view,/category/electronics,
E0003088,S000783,U0111,2026-01-12T15:04:53Z,page_view,/cart,
E0004046,S001032,U0155,2026-01-12T15:07:09Z,page_view,/category/shoes,
E0003090,S000783,U0111,2026-01-12T15:12:11Z,page_view,/category/electronics,
E0003089,S000783,U0111,2026-01-12T15:23:31Z,page_view,/search,
E0005847,S001484,U0012,2026-01-12T15:57:14Z,page_view,/,
E0006437,S001629,U0184,2026-01-12T16:18:13Z,page_view,/category/shoes,
E0006438,S001629,U0184,2026-01-12T16:18:35Z,page_view,/category/shoes,
E0005848,S001484,U0012,2026-01-12T16:19:58Z,page_view,/category/home,
E0006439,S001629,U0184,2026-01-12T16:21:37Z,view_item,/product/p0362,P0362
E0006440,S001629,U0184,2026-01-12T16:22:45Z,add_to_cart,/product/p0362,P0362
E0006441,S001629,U0184,2026-01-12T16:24:16Z,begin_checkout,/checkout,P0362
E0006442,S001629,U0184,2026-01-12T16:26:11Z,purchase,/thank-you,P0362
E0000393,S000099,U0224,2026-01-12T19:24:32Z,page_view,/category/home,
E0000958,S000247,U0093,2026-01-12T19:45:19Z,page_view,/,
E0000959,S000247,U0093,2026-01-12T19:47:47Z,view_item,/product/p0348,P0348
E0000394,S000099,U0224,2026-01-12T20:00:55Z,page_view,/,
E0006187,S001573,U0046,2026-01-12T20:52:53Z,page_view,/,
E0000664,S000166,U0069,2026-01-12T21:21:18Z,page_view,/category/shoes,
E0000666,S000166,U0069,2026-01-12T21:27:50Z,page_view,/category/home,
E0005355,S001358,U0117,2026-01-12T21:30:06Z,page_view,/category/beauty,
E0005356,S001358,U0117,2026-01-12T21:30:23Z,page_view,/category/beauty,
E0005357,S001358,U0117,2026-01-12T21:32:07Z,page_view,/category/shoes,
E0009883,S002516,U0177,2026-01-12T21:42:03Z,page_view,/,
E0009884,S002516,U0177,2026-01-12T21:42:23Z,page_view,/,
E0000665,S000166,U0069,2026-01-12T21:47:39Z,page_view,/cart,
E0004834,S001231,U0247,2026-01-12T21:55:55Z,page_view,/category/shoes,
E0004838,S001231,U0247,2026-01-12T21:58:36Z,page_view,/category/electronics,
E0004835,S001231,U0247,2026-01-12T21:58:56Z,view_item,/product/p0012,P0012
E0004836,S001231,U0247,2026-01-12T21:59:03Z,page_view,/search,
E0004837,S001231,U0247,2026-01-12T22:00:40Z,page_view,/category/electronics,
E0002053,S000533,U0177,2026-01-12T22:19:48Z,page_view,/,
E0002054,S000533,U0177,2026-01-12T22:21:03Z,page_view,/search,
E0002055,S000533,U0177,2026-01-12T22:22:04Z,view_item,/product/p0321,P0321
E0002056,S000533,U0177,2026-01-12T22:22:20Z,add_to_cart,/product/p0321,P0321
E0002057,S000533,U0177,2026-01-12T22:23:57Z,begin_checkout,/checkout,P0321
E0002060,S000533,U0177,2026-01-12T22:30:21Z,page_view,/pricing,
E0002058,S000533,U0177,2026-01-12T22:30:59Z,page_view,/help,
E0002059,S000533,U0177,2026-01-12T22:37:32Z,page_view,/category/beauty,
E0004236,S001084,U0029,2026-01-12T23:00:19Z,page_view,/category/electronics,
E0004238,S001084,U0029,2026-01-12T23:07:29Z,page_view,/category/electronics,
E0004237,S001084,U0029,2026-01-12T23:12:29Z,page_view,/search,
E0004239,S001084,U0029,2026-01-12T23:27:07Z,page_view,/,
E0010176,S002591,U0069,2026-01-13T00:09:41Z,page_view,/,
E0010177,S002591,U0069,2026-01-13T00:11:03Z,page_view,/search,
E0010178,S002591,U0069,2026-01-13T00:12:02Z,view_item,/product/p0196,P0196
E0010179,S002591,U0069,2026-01-13T00:16:22Z,page_view,/help,
E0010181,S002591,U0069,2026-01-13T00:17:06Z,page_view,/pricing,
E0010180,S002591,U0069,2026-01-13T00:20:31Z,page_view,/category/electronics,
E0008562,S002169,U0006,2026-01-13T00:25:26Z,page_view,/category/electronics,
E0008564,S002169,U0006,2026-01-13T00:26:20Z,view_item,/product/p0053,P0053
E0008563,S002169,U0006,2026-01-13T00:27:11Z,page_view,/search,
E0008565,S002169,U0006,2026-01-13T00:28:05Z,add_to_cart,/product/p0053,P0053
E0008567,S002169,U0006,2026-01-13T00:37:09Z,page_view,/,
E0008566,S002169,U0006,2026-01-13T00:37:42Z,page_view,/cart,
E0009567,S002429,U0161,2026-01-13T01:04:16Z,page_view,/category/home,
E0003663,S000934,U0060,2026-01-13T01:16:29Z,page_view,/,
E0003664,S000934,U0060,2026-01-13T01:16:35Z,page_view,/,
E0003665,S000934,U0060,2026-01-13T01:17:35Z,page_view,/search,
E0003666,S000934,U0060,2026-01-13T01:18:52Z,view_item,/product/p0064,P0064
E0003667,S000934,U0060,2026-01-13T01:23:19Z,page_view,/search,
E0003668,S000934,U0060,2026-01-13T01:24:15Z,page_view,/pricing,
E0003669,S000934,U0060,2026-01-13T01:30:27Z,page_view,/,
E0008030,S002041,U0103,2026-01-13T02:07:14Z,page_view,/category/home,
E0008031,S002041,U0103,2026-01-13T02:08:36Z,page_view,/search,
E0008032,S002041,U0103,2026-01-13T02:09:26Z,view_item,/product/p0307,P0307
E0005358,S001359,U0106,2026-01-13T02:59:06Z,page_view,/category/shoes,
E0005359,S001359,U0106,2026-01-13T03:06:22Z,page_view,/,
E0005360,S001359,U0106,2026-01-13T03:39:22Z,page_view,/category/home,
E0005002,S001270,U0161,2026-01-13T04:25:34Z,page_view,/category/shoes,
E0008482,S002148,U0004,2026-01-13T06:04:44Z,page_view,/category/electronics,
E0008483,S002148,U0004,2026-01-13T06:05:08Z,page_view,/category/electronics,
E0007089,S001802,U0046,2026-01-13T06:05:42Z,page_view,/search,
E0007090,S001802,U0046,2026-01-13T06:29:26Z,page_view,/cart,
E0005063,S001288,U0130,2026-01-13T07:31:29Z,page_view,/,
E0008603,S002179,U0237,2026-01-13T07:51:15Z,page_view,/category/shoes,
E0008604,S002179,U0237,2026-01-13T07:53:59Z,view_item,/product/p0151,P0151
E0009695,S002466,U0015,2026-01-13T09:12:10Z,page_view,/category/shoes,
E0009696,S002466,U0015,2026-01-13T09:12:56Z,page_view,/search,
E0009697,S002466,U0015,2026-01-13T09:14:32Z,view_item,/product/p0409,P0409
E0009700,S002466,U0015,2026-01-13T09:26:02Z,page_view,/help,
E0009699,S002466,U0015,2026-01-13T09:27:02Z,page_view,/pricing,
E0006552,S001660,U0120,2026-01-13T09:33:32Z,page_view,/category/shoes,
E0006553,S001660,U0120,2026-01-13T09:33:42Z,page_view,/category/shoes,
E0006555,S001660,U0120,2026-01-13T09:34:51Z,view_item,/product/p0049,P0049
E0006554,S001660,U0120,2026-01-13T09:35:32Z,page_view,/search,
E0006559,S001660,U0120,2026-01-13T09:35:35Z,page_view,/pricing,
E0006556,S001660,U0120,2026-01-13T09:36:45Z,add_to_cart,/product/p0049,P0049
E0006557,S001660,U0120,2026-01-13T09:37:26Z,begin_checkout,/checkout,P0049
E0006558,S001660,U0120,2026-01-13T09:40:16Z,purchase,/thank-you,P0049
E0009698,S002466,U0015,2026-01-13T09:53:46Z,page_view,/,
E0001642,S000425,U0161,2026-01-13T09:55:04Z,page_view,/category/home,
E0001643,S000425,U0161,2026-01-13T09:56:38Z,page_view,/search,
E0001644,S000425,U0161,2026-01-13T09:58:56Z,view_item,/product/p0434,P0434
E0003643,S000928,U0093,2026-01-13T10:00:09Z,page_view,/,
E0003644,S000928,U0093,2026-01-13T10:00:14Z,page_view,/,
E0003645,S000928,U0093,2026-01-13T10:05:30Z,page_view,/cart,
E0005077,S001293,U0020,2026-01-13T10:14:40Z,page_view,/category/beauty,
E0005078,S001293,U0020,2026-01-13T10:14:51Z,page_view,/category/beauty,
E0005079,S001293,U0020,2026-01-13T10:18:34Z,view_item,/product/p0107,P0107
E0001645,S000425,U0161,2026-01-13T10:20:40Z,page_view,/category/shoes,
E0006783,S001722,U0133,2026-01-13T10:44:04Z,page_view,/category/shoes,
E0006784,S001722,U0133,2026-01-13T10:51:30Z,page_view,/category/shoes,
E0006222,S001582,U0185,2026-01-13T13:07:41Z,page_view,/search,
E0006223,S001582,U0185,2026-01-13T13:09:21Z,page_view,/search,
E0006225,S001582,U0185,2026-01-13T13:16:49Z,page_view,/search,
E0006224,S001582,U0185,2026-01-13T13:17:01Z,page_view,/category/home,
E0009280,S002358,U0113,2026-01-13T13:38:32Z,page_view,/category/electronics,
E0009281,S002358,U0113,2026-01-13T13:38:39Z,page_view,/category/electronics,
E0009282,S002358,U0113,2026-01-13T13:40:02Z,page_view,/search,
E0009285,S002358,U0113,2026-01-13T13:41:52Z,page_view,/category/beauty,
E0009283,S002358,U0113,2026-01-13T13:42:06Z,view_item,/product/p0015,P0015
E0009284,S002358,U0113,2026-01-13T13:44:02Z,page_view,/pricing,
E0003833,S000978,U0198,2026-01-13T13:48:20Z,page_view,/,
E0003834,S000978,U0198,2026-01-13T13:48:37Z,page_view,/,
E0003835,S000978,U0198,2026-01-13T13:49:14Z,page_view,/search,
E0003836,S000978,U0198,2026-01-13T13:49:20Z,view_item,/product/p0283,P0283
E0003837,S000978,U0198,2026-01-13T13:56:06Z,page_view,/search,
E0003838,S000978,U0198,2026-01-13T14:04:25Z,page_view,/search,
E0005505,S001397,U0011,2026-01-13T14:06:16Z,page_view,/category/shoes,
E0005506,S001397,U0011,2026-01-13T14:07:13Z,page_view,/search,
E0005507,S001397,U0011,2026-01-13T14:07:36Z,view_item,/product/p0085,P0085
E0005508,S001397,U0011,2026-01-13T14:10:51Z,page_view,/help,
E0003839,S000978,U0198,2026-01-13T14:11:15Z,page_view,/cart,
E0005509,S001397,U0011,2026-01-13T14:16:49Z,page_view,/category/electronics,
E0010034,S002558,U0137,2026-01-13T14:27:07Z,page_view,/,
E0010035,S002558,U0137,2026-01-13T14:27:46Z,page_view,/help,
E0010036,S002558,U0137,2026-01-13T14:28:14Z,page_view,/category/beauty,
E0002738,S000704,U0121,2026-01-13T14:32:45Z,page_view,/category/shoes,
E0002739,S000704,U0121,2026-01-13T14:33:06Z,page_view,/category/shoes,
E0002740,S000704,U0121,2026-01-13T14:33:53Z,page_view,/search,
E0002744,S000704,U0121,2026-01-13T14:33:55Z,page_view,/category/beauty,
E0002743,S000704,U0121,2026-01-13T14:34:27Z,page_view,/,
E0002741,S000704,U0121,2026-01-13T14:34:49Z,view_item,/product/p0496,P0496
E0002742,S000704,U0121,2026-01-13T14:36:01Z,page_view,/category/beauty,
E0002397,S000617,U0179,2026-01-13T15:24:51Z,page_view,/category/shoes,
E0002398,S000617,U0179,2026-01-13T15:25:02Z,page_view,/category/shoes,
E0002400,S000617,U0179,2026-01-13T15:28:26Z,page_view,/category/beauty,
E0002399,S000617,U0179,2026-01-13T15:28:30Z,page_view,/category/shoes,
E0005647,S001431,U0073,2026-01-13T16:14:12Z,page_view,/category/electronics,
E0005648,S001431,U0073,2026-01-13T16:14:22Z,page_view,/category/electronics,
E0008553,S002167,U0162,2026-01-13T16:19:07Z,page_view,/,
E0008554,S002167,U0162,2026-01-13T16:19:23Z,page_view,/,
E0008555,S002167,U0162,2026-01-13T16:20:09Z,page_view,/search,
E0008556,S002167,U0162,2026-01-13T16:23:01Z,view_item,/product/p0493,P0493
E0008557,S002167,U0162,2026-01-13T16:28:02Z,page_view,/help,
E0005650,S001431,U0073,2026-01-13T16:29:56Z,page_view,/category/electronics,
E0005649,S001431,U0073,2026-01-13T16:38:53Z,page_view,/,
E0003391,S000865,U0140,2026-01-13T19:08:38Z,page_view,/,
E0003392,S000865,U0140,2026-01-13T19:08:55Z,page_view,/,
E0007530,S001915,U0197,2026-01-13T19:29:03Z,page_view,/category/beauty,
E0004188,S001070,U0068,2026-01-13T19:34:28Z,page_view,/category/electronics,
E0004189,S001070,U0068,2026-01-13T19:35:32Z,page_view,/search,
E0007532,S001915,U0197,2026-01-13T19:42:25Z,page_view,/help,
E0007533,S001915,U0197,2026-01-13T19:52:01Z,page_view,/help,
E0007531,S001915,U0197,2026-01-13T20:02:35Z,page_view,/,
E0009666,S002457,U0153,2026-01-13T21:51:32Z,page_view,/category/beauty,
E0009667,S002457,U0153,2026-01-13T21:53:56Z,view_item,/product/p0156,P0156
E0009668,S002457,U0153,2026-01-13T22:13:19Z,page_view,/category/shoes,
E0001184,S000306,U0177,2026-01-13T22:49:18Z,page_view,/category/electronics,
E0001185,S000306,U0177,2026-01-13T22:50:51Z,page_view,/search,
E0001187,S000306,U0177,2026-01-13T22:50:56Z,page_view,/search,
E0001186,S000306,U0177,2026-01-13T22:51:13Z,view_item,/product/p0163,P0163
E0001188,S000306,U0177,2026-01-13T22:53:18Z,page_view,/,
E0002695,S000694,U0034,2026-01-13T23:03:51Z,page_view,/search,
E0002696,S000694,U0034,2026-01-13T23:05:47Z,page_view,/search,
E0002697,S000694,U0034,2026-01-13T23:06:12Z,view_item,/product/p0410,P0410
E0004478,S001143,U0198,2026-01-13T23:06:53Z,page_view,/search,
E0004479,S001143,U0198,2026-01-13T23:07:30Z,page_view,/search,
E0004480,S001143,U0198,2026-01-13T23:07:37Z,view_item,/product/p0412,P0412
E0002699,S000694,U0034,2026-01-13T23:08:32Z,page_view,/help,
E0002700,S000694,U0034,2026-01-13T23:09:00Z,page_view,/category/beauty,
E0002698,S000694,U0034,2026-01-13T23:09:02Z,page_view,/category/electronics,
E0004481,S001143,U0198,2026-01-13T23:09:38Z,add_to_cart,/product/p0412,P0412
E0004926,S001251,U0078,2026-01-13T23:14:48Z,page_view,/category/electronics,
E0007330,S001863,U0029,2026-01-13T23:15:21Z,page_view,/,
E0004927,S001251,U0078,2026-01-13T23:18:11Z,view_item,/product/p0027,P0027
E0007331,S001863,U0029,2026-01-13T23:18:41Z,view_item,/product/p0013,P0013
E0007332,S001863,U0029,2026-01-13T23:19:12Z,add_to_cart,/product/p0013,P0013
E0004928,S001251,U0078,2026-01-13T23:19:39Z,add_to_cart,/product/p0027,P0027
E0004929,S001251,U0078,2026-01-13T23:21:00Z,begin_checkout,/checkout,P0027
E0007336,S001863,U0029,2026-01-13T23:21:43Z,page_view,/category/shoes,
E0004930,S001251,U0078,2026-01-13T23:22:18Z,purchase,/thank-you,P0027
E0007333,S001863,U0029,2026-01-13T23:22:28Z,begin_checkout,/checkout,P0013
E0007334,S001863,U0029,2026-01-13T23:25:25Z,purchase,/thank-you,P0013
E0004931,S001251,U0078,2026-01-13T23:30:20Z,page_view,/category/shoes,
E0007335,S001863,U0029,2026-01-13T23:31:18Z,page_view,/category/electronics,
E0003336,S000852,U0179,2026-01-13T23:33:23Z,page_view,/category/home,
E0004932,S001251,U0078,2026-01-13T23:40:01Z,page_view,/category/electronics,
E0003337,S000852,U0179,2026-01-13T23:40:18Z,page_view,/category/home,
E0003338,S000852,U0179,2026-01-13T23:46:24Z,page_view,/,
E0005830,S001476,U0229,2026-01-14T00:49:59Z,page_view,/,
E0005831,S001476,U0229,2026-01-14T00:50:18Z,page_view,/,
E0006989,S001772,U0166,2026-01-14T00:50:19Z,page_view,/search,
E0006990,S001772,U0166,2026-01-14T00:52:07Z,page_view,/,
E0006991,S001772,U0166,2026-01-14T00:53:10Z,page_view,/category/electronics,
E0007007,S001779,U0249,2026-01-14T01:11:39Z,page_view,/,
E0007008,S001779,U0249,2026-01-14T01:12:39Z,page_view,/search,
E0007009,S001779,U0249,2026-01-14T01:13:56Z,view_item,/product/p0473,P0473
E0007010,S001779,U0249,2026-01-14T01:14:34Z,add_to_cart,/product/p0473,P0473
E0007011,S001779,U0249,2026-01-14T01:18:17Z,begin_checkout,/checkout,P0473
E0008376,S002122,U0096,2026-01-14T05:13:51Z,page_view,/category/beauty,
E0008379,S002122,U0096,2026-01-14T05:19:07Z,page_view,/help,
E0008377,S002122,U0096,2026-01-14T05:20:05Z,page_view,/search,
E0008378,S002122,U0096,2026-01-14T05:27:50Z,page_view,/search,
E0001914,S000493,U0161,2026-01-14T06:18:47Z,page_view,/category/beauty,
E0001915,S000493,U0161,2026-01-14T06:19:11Z,page_view,/category/beauty,
E0001916,S000493,U0161,2026-01-14T06:25:20Z,page_view,/category/beauty,
E0006357,S001608,U0176,2026-01-14T06:37:14Z,page_view,/category/shoes,
E0006358,S001608,U0176,2026-01-14T06:38:37Z,page_view,/search,
E0006359,S001608,U0176,2026-01-14T06:39:14Z,view_item,/product/p0406,P0406
E0000250,S000063,U0098,2026-01-14T07:05:34Z,page_view,/,
E0000252,S000063,U0098,2026-01-14T07:07:25Z,page_view,/category/electronics,
E0000251,S000063,U0098,2026-01-14T07:09:24Z,view_item,/product/p0304,P0304
E0000253,S000063,U0098,2026-01-14T07:13:36Z,page_view,/search,
E0007015,S001781,U0031,2026-01-14T08:08:19Z,page_view,/category/electronics,
E0007016,S001781,U0031,2026-01-14T08:09:45Z,page_view,/search,
E0007017,S001781,U0031,2026-01-14T08:10:47Z,view_item,/product/p0200,P0200
E0007020,S001781,U0031,2026-01-14T08:12:03Z,page_view,/category/shoes,
E0007018,S001781,U0031,2026-01-14T08:13:22Z,add_to_cart,/product/p0200,P0200
E0007021,S001781,U0031,2026-01-14T08:13:57Z,page_view,/help,
E0007022,S001781,U0031,2026-01-14T08:15:17Z,page_view,/category/home,
E0007019,S001781,U0031,2026-01-14T08:17:08Z,begin_checkout,/checkout,P0200
E0000167,S000040,U0026,2026-01-14T08:18:16Z,page_view,/category/shoes,
E0000168,S000040,U0026,2026-01-14T08:18:32Z,page_view,/category/shoes,
E0006194,S001575,U0029,2026-01-14T08:23:25Z,page_view,/category/shoes,
E0006195,S001575,U0029,2026-01-14T08:24:58Z,view_item,/product/p0249,P0249
E0006196,S001575,U0029,2026-01-14T08:26:03Z,add_to_cart,/product/p0249,P0249
E0006199,S001575,U0029,2026-01-14T08:26:33Z,page_view,/,
E0000171,S000040,U0026,2026-01-14T08:27:11Z,page_view,/category/home,
E0000170,S000040,U0026,2026-01-14T08:27:20Z,page_view,/category/beauty,
E0006198,S001575,U0029,2026-01-14T08:28:48Z,page_view,/search,
E0006197,S001575,U0029,2026-01-14T08:29:05Z,page_view,/pricing,
E0000169,S000040,U0026,2026-01-14T08:33:23Z,page_view,/cart,
E0003550,S000904,U0163,2026-01-14T08:49:03Z,page_view,/search,
E0003551,S000904,U0163,2026-01-14T08:49:18Z,page_view,/search,
E0003552,S000904,U0163,2026-01-14T08:53:01Z,view_item,/product/p0047,P0047
E0004088,S001044,U0074,2026-01-14T08:57:49Z,page_view,/category/home,
E0004089,S001044,U0074,2026-01-14T09:01:00Z,view_item,/product/p0037,P0037
E0003006,S000763,U0086,2026-01-14T09:02:02Z,page_view,/category/electronics,
E0003553,S000904,U0163,2026-01-14T09:02:57Z,page_view,/category/electronics,
E0003007,S000763,U0086,2026-01-14T09:04:02Z,page_view,/search,
E0003010,S000763,U0086,2026-01-14T09:05:23Z,page_view,/category/electronics,
E0003009,S000763,U0086,2026-01-14T09:05:46Z,page_view,/category/shoes,
E0003008,S000763,U0086,2026-01-14T09:05:57Z,view_item,/product/p0394,P0394
E0003011,S000763,U0086,2026-01-14T09:08:17Z,page_view,/pricing,
E0003555,S000904,U0163,2026-01-14T09:08:48Z,page_view,/search,
E0003554,S000904,U0163,2026-01-14T09:12:20Z,page_view,/pricing,
E0002718,S000699,U0155,2026-01-14T11:20:50Z,page_view,/category/beauty,
E0002719,S000699,U0155,2026-01-14T11:22:32Z,view_item,/product/p0213,P0213
E0006640,S001684,U0227,2026-01-14T11:54:26Z,page_view,/category/beauty,
E0006641,S001684,U0227,2026-01-14T11:54:37Z,page_view,/category/beauty,
E0006644,S001684,U0227,2026-01-14T11:55:33Z,page_view,/pricing,
E0006642,S001684,U0227,2026-01-14T11:59:54Z,page_view,/help,
E0006643,S001684,U0227,2026-01-14T12:05:25Z,page_view,/category/electronics,
E0008007,S002035,U0116,2026-01-14T12:59:59Z,page_view,/category/beauty,
E0008008,S002035,U0116,2026-01-14T13:00:13Z,page_view,/category/beauty,
E0009496,S002415,U0199,2026-01-14T13:01:21Z,page_view,/category/shoes,
E0008009,S002035,U0116,2026-01-14T13:07:53Z,page_view,/category/beauty,
E0009498,S002415,U0199,2026-01-14T13:09:46Z,page_view,/category/beauty,
E0008010,S002035,U0116,2026-01-14T13:12:59Z,page_view,/help,
E0000860,S000223,U0179,2026-01-14T13:23:22Z,page_view,/,
E0009497,S002415,U0199,2026-01-14T13:23:40Z,page_view,/category/electronics,
E0000861,S000223,U0179,2026-01-14T13:23:55Z,page_view,/search,
E0000862,S000223,U0179,2026-01-14T13:25:29Z,view_item,/product/p0198,P0198
E0000863,S000223,U0179,2026-01-14T13:28:10Z,add_to_cart,/product/p0198,P0198
E0008394,S002126,U0131,2026-01-14T13:28:14Z,page_view,/,
E0008395,S002126,U0131,2026-01-14T13:30:12Z,view_item,/product/p0208,P0208
E0008396,S002126,U0131,2026-01-14T13:32:34Z,add_to_cart,/product/p0208,P0208
E0000865,S000223,U0179,2026-01-14T13:34:54Z,page_view,/help,
E0000864,S000223,U0179,2026-01-14T13:50:13Z,page_view,/category/electronics,
E0009329,S002369,U0208,2026-01-14T14:12:38Z,page_view,/,
E0009330,S002369,U0208,2026-01-14T14:12:53Z,page_view,/,
E0009331,S002369,U0208,2026-01-14T14:15:31Z,view_item,/product/p0149,P0149
E0009332,S002369,U0208,2026-01-14T14:15:37Z,page_view,/pricing,
E0007224,S001839,U0192,2026-01-14T15:53:15Z,page_view,/,
E0007225,S001839,U0192,2026-01-14T15:54:45Z,page_view,/search,
E0007226,S001839,U0192,2026-01-14T15:56:12Z,view_item,/product/p0336,P0336
E0007229,S001839,U0192,2026-01-14T16:00:49Z,page_view,/category/beauty,
E0007227,S001839,U0192,2026-01-14T16:06:07Z,page_view,/category/beauty,
E0007228,S001839,U0192,2026-01-14T16:11:35Z,page_view,/,
E0003393,S000866,U0047,2026-01-14T16:13:38Z,page_view,/category/home,
E0003394,S000866,U0047,2026-01-14T16:13:45Z,page_view,/category/home,
E0003395,S000866,U0047,2026-01-14T16:25:23Z,page_view,/cart,
E0009405,S002389,U0073,2026-01-14T16:26:10Z,page_view,/category/electronics,
E0009406,S002389,U0073,2026-01-14T16:26:44Z,page_view,/search,
E0009407,S002389,U0073,2026-01-14T16:32:39Z,page_view,/pricing,
E0003097,S000787,U0236,2026-01-14T17:57:08Z,page_view,/category/shoes,
E0001606,S000415,U0001,2026-01-14T18:12:42Z,page_view,/category/shoes,
E0001607,S000415,U0001,2026-01-14T18:13:59Z,page_view,/search,
E0001608,S000415,U0001,2026-01-14T18:14:02Z,view_item,/product/p0238,P0238
E0009049,S002298,U0234,2026-01-14T18:16:00Z,page_view,/category/shoes,
E0009050,S002298,U0234,2026-01-14T18:16:15Z,page_view,/category/shoes,
E0009051,S002298,U0234,2026-01-14T18:17:58Z,page_view,/search,
E0009052,S002298,U0234,2026-01-14T18:18:57Z,view_item,/product/p0256,P0256
E0009054,S002298,U0234,2026-01-14T18:20:14Z,page_view,/help,
E0009053,S002298,U0234,2026-01-14T18:20:47Z,page_view,/cart,
E0003098,S000787,U0236,2026-01-14T18:28:57Z,page_view,/,
E0001390,S000363,U0141,2026-01-14T18:34:38Z,page_view,/category/beauty,
E0001609,S000415,U0001,2026-01-14T18:40:43Z,page_view,/category/shoes,
E0001391,S000363,U0141,2026-01-14T18:40:57Z,page_view,/category/shoes,
E0002648,S000682,U0092,2026-01-14T18:46:34Z,page_view,/category/beauty,
E0004994,S001266,U0210,2026-01-14T18:50:26Z,page_view,/,
E0004996,S001266,U0210,2026-01-14T18:54:19Z,page_view,/cart,
E0002649,S000682,U0092,2026-01-14T19:01:59Z,page_view,/category/shoes,
E0004995,S001266,U0210,2026-01-14T19:02:10Z,page_view,/category/beauty,
E0006161,S001564,U0247,2026-01-14T19:35:14Z,page_view,/search,
E0000340,S000084,U0054,2026-01-14T19:54:34Z,page_view,/search,
E0000341,S000084,U0054,2026-01-14T19:55:33Z,view_item,/product/p0374,P0374
E0000343,S000084,U0054,2026-01-14T20:06:20Z,page_view,/,
E0000342,S000084,U0054,2026-01-14T20:21:15Z,page_view,/search,
E0005458,S001384,U0130,2026-01-14T20:54:29Z,page_view,/category/electronics,
E0005459,S001384,U0130,2026-01-14T20:54:46Z,page_view,/category/electronics,
E0005460,S001384,U0130,2026-01-14T20:55:22Z,page_view,/search,
E0005461,S001384,U0130,2026-01-14T20:58:26Z,view_item,/product/p0289,P0289
E0005462,S001384,U0130,2026-01-14T21:00:16Z,page_view,/help,
E0005464,S001384,U0130,2026-01-14T21:10:37Z,page_view,/category/electronics,
E0008663,S002195,U0078,2026-01-14T21:22:15Z,page_view,/search,
E0008664,S002195,U0078,2026-01-14T21:23:04Z,page_view,/search,
E0008665,S002195,U0078,2026-01-14T21:23:11Z,view_item,/product/p0415,P0415
E0005463,S001384,U0130,2026-01-14T21:25:43Z,page_view,/category/beauty,
E0002499,S000641,U0069,2026-01-14T22:53:30Z,page_view,/,
E0002503,S000641,U0069,2026-01-14T22:54:29Z,page_view,/category/shoes,
E0002500,S000641,U0069,2026-01-14T22:55:19Z,page_view,/search,
E0002504,S000641,U0069,2026-01-14T22:55:52Z,page_view,/,
E0002501,S000641,U0069,2026-01-14T22:56:11Z,view_item,/product/p0180,P0180
E0002502,S000641,U0069,2026-01-14T22:56:21Z,page_view,/pricing,
E0009063,S002300,U0181,2026-01-14T22:56:28Z,page_view,/category/shoes,
E0009064,S002300,U0181,2026-01-14T22:56:33Z,page_view,/category/shoes,
E0009065,S002300,U0181,2026-01-14T22:56:55Z,page_view,/search,
E0009067,S002300,U0181,2026-01-14T22:57:33Z,page_view,/cart,
E0009066,S002300,U0181,2026-01-14T22:59:32Z,view_item,/product/p0352,P0352
E0009068,S002300,U0181,2026-01-14T23:04:00Z,page_view,/cart,
E0004137,S001057,U0104,2026-01-14T23:13:34Z,page_view,/category/electronics,
E0004140,S001057,U0104,2026-01-14T23:14:31Z,page_view,/category/shoes,
E0004139,S001057,U0104,2026-01-14T23:15:14Z,page_view,/,
E0004138,S001057,U0104,2026-01-14T23:15:52Z,page_view,/category/electronics,
E0008783,S002228,U0184,2026-01-15T00:35:07Z,page_view,/category/home,
E0008784,S002228,U0184,2026-01-15T00:59:07Z,page_view,/,
E0006336,S001604,U0146,2026-01-15T01:06:28Z,page_view,/,
E0006337,S001604,U0146,2026-01-15T01:06:44Z,page_view,/,
E0006338,S001604,U0146,2026-01-15T01:10:23Z,view_item,/product/p0416,P0416
E0006339,S001604,U0146,2026-01-15T01:12:51Z,add_to_cart,/product/p0416,P0416
E0006340,S001604,U0146,2026-01-15T01:14:21Z,begin_checkout,/checkout,P0416
E0006342,S001604,U0146,2026-01-15T01:30:15Z,page_view,/category/shoes,
E0006341,S001604,U0146,2026-01-15T01:31:44Z,page_view,/category/home,
E0002569,S000661,U0144,2026-01-15T01:39:22Z,page_view,/category/electronics,
E0002571,S000661,U0144,2026-01-15T01:40:23Z,view_item,/product/p0016,P0016
E0002570,S000661,U0144,2026-01-15T01:40:53Z,page_view,/search,
E0002572,S000661,U0144,2026-01-15T01:42:44Z,page_view,/pricing,
E0000750,S000190,U0100,2026-01-15T01:43:32Z,page_view,/category/beauty,
E0006343,S001604,U0146,2026-01-15T01:45:29Z,page_view,/search,
E0000751,S000190,U0100,2026-01-15T02:01:34Z,page_view,/category/home,
E0003205,S000815,U0190,2026-01-15T02:16:08Z,page_view,/category/shoes,
E0003206,S000815,U0190,2026-01-15T02:19:02Z,view_item,/product/p0066,P0066
E0003207,S000815,U0190,2026-01-15T02:42:45Z,page_view,/search,
E0002686,S000691,U0012,2026-01-15T02:52:00Z,page_view,/category/beauty,
E0002687,S000691,U0012,2026-01-15T02:54:51Z,view_item,/product/p0088,P0088
E0000556,S000142,U0232,2026-01-15T03:41:22Z,page_view,/category/beauty,
E0000557,S000142,U0232,2026-01-15T03:41:31Z,page_view,/category/beauty,
E0000558,S000142,U0232,2026-01-15T03:42:31Z,page_view,/search,
E0000559,S000142,U0232,2026-01-15T03:43:32Z,view_item,/product/p0066,P0066
E0000562,S000142,U0232,2026-01-15T04:04:49Z,page_view,/help,
E0000561,S000142,U0232,2026-01-15T04:10:19Z,page_view,/,
E0000560,S000142,U0232,2026-01-15T04:14:55Z,page_view,/category/beauty,
E0004642,S001177,U0123,2026-01-15T04:48:22Z,page_view,/search,
E0004643,S001177,U0123,2026-01-15T04:48:50Z,page_view,/search,
E0004644,S001177,U0123,2026-01-15T04:51:30Z,view_item,/product/p0277,P0277
E0009992,S002547,U0173,2026-01-15T05:13:13Z,page_view,/category/beauty,
E0009993,S002547,U0173,2026-01-15T05:13:44Z,page_view,/search,
E0009994,S002547,U0173,2026-01-15T05:14:48Z,view_item,/product/p0272,P0272
E0009618,S002443,U0194,2026-01-15T05:42:14Z,page_view,/category/home,
E0009619,S002443,U0194,2026-01-15T05:44:09Z,page_view,/search,
E0009620,S002443,U0194,2026-01-15T06:00:41Z,page_view,/category/shoes,
E0005483,S001390,U0036,2026-01-15T06:02:04Z,page_view,/category/electronics,
E0004607,S001167,U0189,2026-01-15T06:02:27Z,page_view,/,
E0009621,S002443,U0194,2026-01-15T06:03:10Z,page_view,/pricing,
E0005485,S001390,U0036,2026-01-15T06:10:21Z,page_view,/help,
E0005484,S001390,U0036,2026-01-15T06:12:51Z,page_view,/category/shoes,
E0004878,S001242,U0051,2026-01-15T06:36:53Z,page_view,/category/shoes,
E0004879,S001242,U0051,2026-01-15T06:37:40Z,view_item,/product/p0330,P0330
E0004880,S001242,U0051,2026-01-15T06:38:42Z,add_to_cart,/product/p0330,P0330
E0004881,S001242,U0051,2026-01-15T06:41:53Z,begin_checkout,/checkout,P0330
E0004882,S001242,U0051,2026-01-15T06:43:28Z,purchase,/thank-you,P0330
E0004884,S001242,U0051,2026-01-15T06:46:43Z,page_view,/category/home,
E0004883,S001242,U0051,2026-01-15T06:54:57Z,page_view,/cart,
E0008549,S002166,U0079,2026-01-15T07:52:30Z,page_view,/,
E0008550,S002166,U0079,2026-01-15T07:56:35Z,page_view,/category/shoes,
E0008551,S002166,U0079,2026-01-15T08:03:03Z,page_view,/category/beauty,
E0008552,S002166,U0079,2026-01-15T08:08:55Z,page_view,/category/electronics,
E0006330,S001603,U0068,2026-01-15T08:47:19Z,page_view,/category/electronics,
E0006331,S001603,U0068,2026-01-15T08:48:35Z,page_view,/search,
E0006332,S001603,U0068,2026-01-15T08:48:48Z,view_item,/product/p0265,P0265
E0006334,S001603,U0068,2026-01-15T08:54:21Z,page_view,/,
E0006335,S001603,U0068,2026-01-15T08:55:26Z,page_view,/category/beauty,
E0006333,S001603,U0068,2026-01-15T09:01:54Z,page_view,/pricing,
E0009622,S002444,U0174,2026-01-15T09:03:26Z,page_view,/category/beauty,
E0009623,S002444,U0174,2026-01-15T09:03:46Z,page_view,/category/beauty,
E0007265,S001849,U0120,2026-01-15T09:31:29Z,page_view,/category/electronics,
E0007266,S001849,U0120,2026-01-15T09:32:12Z,page_view,/search,
E0007271,S001849,U0120,2026-01-15T09:33:00Z,page_view,/pricing,
E0007267,S001849,U0120,2026-01-15T09:34:32Z,view_item,/product/p0176,P0176
E0007270,S001849,U0120,2026-01-15T09:34:37Z,purchase,/thank-you,P0176
E0007268,S001849,U0120,2026-01-15T09:35:35Z,add_to_cart,/product/p0176,P0176
E0007269,S001849,U0120,2026-01-15T09:36:06Z,begin_checkout,/checkout,P0176
E0002720,S000700,U0073,2026-01-15T09:48:10Z,page_view,/category/shoes,
E0002721,S000700,U0073,2026-01-15T09:51:33Z,page_view,/category/home,
E0002722,S000700,U0073,2026-01-15T09:58:56Z,page_view,/help,
E0002723,S000700,U0073,2026-01-15T10:01:00Z,page_view,/category/electronics,
E0003974,S001013,U0038,2026-01-15T10:54:59Z,page_view,/,
E0003975,S001013,U0038,2026-01-15T10:58:27Z,view_item,/product/p0058,P0058
E0004975,S001262,U0142,2026-01-15T11:23:41Z,page_view,/category/beauty,
E0004976,S001262,U0142,2026-01-15T11:24:38Z,page_view,/search,
E0004977,S001262,U0142,2026-01-15T11:26:00Z,view_item,/product/p0148,P0148
E0002413,S000621,U0249,2026-01-15T11:26:59Z,page_view,/,
E0002414,S000621,U0249,2026-01-15T11:27:23Z,page_view,/,
E0002415,S000621,U0249,2026-01-15T11:27:39Z,view_item,/product/p0006,P0006
E0004978,S001262,U0142,2026-01-15T11:28:21Z,add_to_cart,/product/p0148,P0148
E0004979,S001262,U0142,2026-01-15T11:29:36Z,page_view,/category/shoes,
E0004980,S001262,U0142,2026-01-15T11:30:02Z,page_view,/category/home,
E0002418,S000621,U0249,2026-01-15T11:34:29Z,page_view,/search,
E0002417,S000621,U0249,2026-01-15T11:38:44Z,page_view,/,
E0008596,S002177,U0012,2026-01-15T11:56:07Z,page_view,/category/shoes,
E0008597,S002177,U0012,2026-01-15T11:57:33Z,page_view,/,
E0008598,S002177,U0012,2026-01-15T12:01:05Z,page_view,/pricing,
E0002416,S000621,U0249,2026-01-15T12:06:37Z,page_view,/category/electronics,
E0002580,S000664,U0104,2026-01-15T12:54:47Z,page_view,/category/beauty,
E0002581,S000664,U0104,2026-01-15T12:56:31Z,view_item,/product/p0316,P0316
E0006819,S001731,U0028,2026-01-15T13:02:08Z,page_view,/category/home,
E0006820,S001731,U0028,2026-01-15T13:04:06Z,view_item,/product/p0233,P0233
E0006378,S001613,U0073,2026-01-15T13:05:28Z,page_view,/category/home,
E0002582,S000664,U0104,2026-01-15T13:05:31Z,page_view,/category/electronics,
E0006821,S001731,U0028,2026-01-15T13:05:40Z,add_to_cart,/product/p0233,P0233
E0006822,S001731,U0028,2026-01-15T13:09:38Z,begin_checkout,/checkout,P0233
E0006823,S001731,U0028,2026-01-15T13:11:24Z,purchase,/thank-you,P0233
E0006825,S001731,U0028,2026-01-15T13:12:24Z,page_view,/category/home,
E0006379,S001613,U0073,2026-01-15T13:12:40Z,page_view,/category/electronics,
E0006381,S001613,U0073,2026-01-15T13:15:06Z,page_view,/category/shoes,
E0002583,S000664,U0104,2026-01-15T13:15:57Z,page_view,/category/beauty,
E0007468,S001895,U0084,2026-01-15T13:17:14Z,page_view,/,
E0006824,S001731,U0028,2026-01-15T13:18:26Z,page_view,/help,
E0008521,S002156,U0177,2026-01-15T13:33:59Z,page_view,/category/beauty,
E0007470,S001895,U0084,2026-01-15T13:34:05Z,page_view,/search,
E0008522,S002156,U0177,2026-01-15T13:34:21Z,page_view,/category/beauty,
E0007469,S001895,U0084,2026-01-15T13:37:28Z,page_view,/help,
E0000078,S000020,U0175,2026-01-15T13:39:32Z,page_view,/category/beauty,
E0000079,S000020,U0175,2026-01-15T13:39:40Z,page_view,/category/beauty,
E0000081,S000020,U0175,2026-01-15T13:40:13Z,view_item,/product/p0158,P0158
E0006380,S001613,U0073,2026-01-15T13:40:50Z,page_view,/category/shoes,
E0000080,S000020,U0175,2026-01-15T13:41:08Z,page_view,/search,
E0000083,S000020,U0175,2026-01-15T13:41:42Z,page_view,/cart,
E0000082,S000020,U0175,2026-01-15T13:41:59Z,add_to_cart,/product/p0158,P0158
E0008706,S002205,U0060,2026-01-15T13:50:55Z,page_view,/category/shoes,
E0008707,S002205,U0060,2026-01-15T13:51:09Z,page_view,/category/shoes,
E0001178,S000305,U0019,2026-01-15T13:51:55Z,page_view,/,
E0001179,S000305,U0019,2026-01-15T13:52:24Z,page_view,/search,
E0001180,S000305,U0019,2026-01-15T13:53:32Z,view_item,/product/p0333,P0333
E0008708,S002205,U0060,2026-01-15T13:58:23Z,page_view,/category/shoes,
E0007129,S001810,U0188,2026-01-15T13:58:37Z,page_view,/category/electronics,
E0007130,S001810,U0188,2026-01-15T13:58:43Z,page_view,/category/electronics,
E0007132,S001810,U0188,2026-01-15T13:59:11Z,page_view,/pricing,
E0007133,S001810,U0188,2026-01-15T13:59:28Z,page_view,/category/home,
E0007131,S001810,U0188,2026-01-15T14:00:16Z,view_item,/product/p0330,P0330
E0001182,S000305,U0019,2026-01-15T14:01:05Z,page_view,/cart,
E0001183,S000305,U0019,2026-01-15T14:28:50Z,page_view,/pricing,
E0001181,S000305,U0019,2026-01-15T14:29:36Z,page_view,/category/electronics,
E0005285,S001343,U0146,2026-01-15T15:07:54Z,page_view,/category/shoes,
E0005286,S001343,U0146,2026-01-15T15:08:06Z,page_view,/category/shoes,
E0003670,S000935,U0030,2026-01-15T15:09:11Z,page_view,/category/electronics,
E0005287,S001343,U0146,2026-01-15T15:09:16Z,page_view,/search,
E0005288,S001343,U0146,2026-01-15T15:10:18Z,view_item,/product/p0493,P0493
E0005289,S001343,U0146,2026-01-15T15:19:24Z,page_view,/,
E0003672,S000935,U0030,2026-01-15T15:19:30Z,page_view,/search,
E0003671,S000935,U0030,2026-01-15T15:22:28Z,page_view,/search,
E0000547,S000139,U0118,2026-01-15T15:36:47Z,page_view,/category/home,
E0000548,S000139,U0118,2026-01-15T16:00:12Z,page_view,/,
E0006946,S001761,U0048,2026-01-15T18:11:47Z,page_view,/,
E0005936,S001508,U0115,2026-01-15T18:47:40Z,page_view,/,
E0005937,S001508,U0115,2026-01-15T18:48:43Z,page_view,/search,
E0005938,S001508,U0115,2026-01-15T18:49:19Z,view_item,/product/p0266,P0266
E0005939,S001508,U0115,2026-01-15T18:51:33Z,add_to_cart,/product/p0266,P0266
E0005940,S001508,U0115,2026-01-15T18:52:04Z,page_view,/category/electronics,
E0005941,S001508,U0115,2026-01-15T18:57:29Z,page_view,/help,
E0005942,S001508,U0115,2026-01-15T19:02:15Z,page_view,/category/shoes,
E0007998,S002032,U0158,2026-01-15T19:33:54Z,page_view,/category/home,
E0007999,S002032,U0158,2026-01-15T19:56:57Z,page_view,/,
E0008000,S002032,U0158,2026-01-15T20:01:54Z,page_view,/help,
E0007165,S001821,U0233,2026-01-15T23:33:54Z,page_view,/category/shoes,
E0007166,S001821,U0233,2026-01-15T23:35:42Z,page_view,/search,
E0007167,S001821,U0233,2026-01-15T23:36:45Z,view_item,/product/p0223,P0223
E0007168,S001821,U0233,2026-01-15T23:37:44Z,add_to_cart,/product/p0223,P0223
E0007169,S001821,U0233,2026-01-15T23:39:40Z,begin_checkout,/checkout,P0223
E0007171,S001821,U0233,2026-01-15T23:41:07Z,page_view,/,
E0007170,S001821,U0233,2026-01-15T23:41:23Z,purchase,/thank-you,P0223
E0007923,S002012,U0121,2026-01-16T01:43:16Z,page_view,/category/beauty,
E0007924,S002012,U0121,2026-01-16T01:43:41Z,page_view,/category/beauty,
E0007925,S002012,U0121,2026-01-16T01:43:56Z,page_view,/search,
E0007926,S002012,U0121,2026-01-16T01:45:45Z,view_item,/product/p0270,P0270
E0009951,S002536,U0042,2026-01-16T02:14:16Z,page_view,/,
E0009952,S002536,U0042,2026-01-16T02:16:14Z,view_item,/product/p0005,P0005
E0009953,S002536,U0042,2026-01-16T02:24:12Z,page_view,/pricing,
E0003646,S000929,U0072,2026-01-16T03:57:53Z,page_view,/,
E0003647,S000929,U0072,2026-01-16T03:59:31Z,view_item,/product/p0009,P0009
E0006059,S001537,U0168,2026-01-16T04:49:40Z,page_view,/category/electronics,
E0006060,S001537,U0168,2026-01-16T04:53:04Z,view_item,/product/p0067,P0067
E0006061,S001537,U0168,2026-01-16T04:55:56Z,add_to_cart,/product/p0067,P0067
E0006062,S001537,U0168,2026-01-16T04:59:45Z,begin_checkout,/checkout,P0067
E0006063,S001537,U0168,2026-01-16T05:00:07Z,purchase,/thank-you,P0067
E0006064,S001537,U0168,2026-01-16T05:10:24Z,page_view,/search,
E0008006,S002034,U0077,2026-01-16T05:10:30Z,page_view,/category/shoes,
E0007674,S001948,U0199,2026-01-16T06:24:52Z,page_view,/category/beauty,
E0007675,S001948,U0199,2026-01-16T06:26:05Z,page_view,/search,
E0007676,S001948,U0199,2026-01-16T06:26:09Z,view_item,/product/p0111,P0111
E0007677,S001948,U0199,2026-01-16T06:27:08Z,add_to_cart,/product/p0111,P0111
E0007678,S001948,U0199,2026-01-16T06:34:15Z,page_view,/cart,
E0000163,S000039,U0247,2026-01-16T08:02:00Z,page_view,/category/electronics,
E0000164,S000039,U0247,2026-01-16T08:02:11Z,page_view,/category/electronics,
E0000165,S000039,U0247,2026-01-16T08:09:17Z,page_view,/category/electronics,
E0000166,S000039,U0247,2026-01-16T08:10:30Z,page_view,/category/home,
E0004955,S001256,U0144,2026-01-16T08:17:20Z,page_view,/category/shoes,
E0004958,S001256,U0144,2026-01-16T08:19:03Z,page_view,/help,
E0004956,S001256,U0144,2026-01-16T08:19:23Z,view_item,/product/p0426,P0426
E0004959,S001256,U0144,2026-01-16T08:19:55Z,page_view,/category/shoes,
E0004625,S001172,U0224,2026-01-16T08:21:50Z,page_view,/category/beauty,
E0004626,S001172,U0224,2026-01-16T08:22:50Z,page_view,/search,
E0004957,S001256,U0144,2026-01-16T08:26:56Z,page_view,/help,
E0002953,S000750,U0227,2026-01-16T09:15:56Z,page_view,/category/shoes,
E0002954,S000750,U0227,2026-01-16T09:16:10Z,page_view,/category/shoes,
E0002955,S000750,U0227,2026-01-16T09:23:24Z,page_view,/cart,
E0002956,S000750,U0227,2026-01-16T09:44:06Z,page_view,/cart,
E0007614,S001934,U0027,2026-01-16T10:24:00Z,page_view,/,
E0007615,S001934,U0027,2026-01-16T10:24:35Z,page_view,/search,
E0007616,S001934,U0027,2026-01-16T10:27:00Z,view_item,/product/p0023,P0023
E0009454,S002403,U0198,2026-01-16T10:55:51Z,page_view,/category/electronics,
E0009455,S002403,U0198,2026-01-16T10:56:14Z,page_view,/category/electronics,
E0009456,S002403,U0198,2026-01-16T10:56:50Z,view_item,/product/p0015,P0015
E0009457,S002403,U0198,2026-01-16T10:59:12Z,add_to_cart,/product/p0015,P0015
E0009458,S002403,U0198,2026-01-16T11:01:07Z,begin_checkout,/checkout,P0015
E0009459,S002403,U0198,2026-01-16T11:03:23Z,purchase,/thank-you,P0015
E0009461,S002403,U0198,2026-01-16T11:08:38Z,page_view,/category/beauty,
E0009460,S002403,U0198,2026-01-16T11:09:27Z,page_view,/search,
E0003764,S000961,U0023,2026-01-16T11:32:46Z,page_view,/,
E0003765,S000961,U0023,2026-01-16T11:32:57Z,page_view,/,
E0003767,S000961,U0023,2026-01-16T11:33:49Z,view_item,/product/p0044,P0044
E0003766,S000961,U0023,2026-01-16T11:33:57Z,page_view,/search,
E0009675,S002460,U0226,2026-01-16T12:09:37Z,page_view,/category/electronics,
E0006457,S001634,U0062,2026-01-16T12:14:27Z,page_view,/category/home,
E0006459,S001634,U0062,2026-01-16T12:18:23Z,page_view,/search,
E0003581,S000911,U0236,2026-01-16T12:21:26Z,page_view,/category/beauty,
E0003582,S000911,U0236,2026-01-16T12:23:58Z,view_item,/product/p0096,P0096
E0003587,S000911,U0236,2026-01-16T12:24:02Z,page_view,/category/electronics,
E0003583,S000911,U0236,2026-01-16T12:24:22Z,add_to_cart,/product/p0096,P0096
E0003584,S000911,U0236,2026-01-16T12:27:27Z,begin_checkout,/checkout,P0096
E0001294,S000336,U0057,2026-01-16T12:27:28Z,page_view,/category/shoes,
E0001295,S000336,U0057,2026-01-16T12:28:33Z,page_view,/search,
E0003586,S000911,U0236,2026-01-16T12:30:36Z,page_view,/category/shoes,
E0003585,S000911,U0236,2026-01-16T12:31:06Z,page_view,/category/beauty,
E0001296,S000336,U0057,2026-01-16T12:31:24Z,view_item,/product/p0361,P0361
E0006458,S001634,U0062,2026-01-16T12:45:26Z,page_view,/search,
E0006102,S001549,U0153,2026-01-16T13:47:53Z,page_view,/category/home,
E0006104,S001549,U0153,2026-01-16T13:48:39Z,view_item,/product/p0033,P0033
E0006103,S001549,U0153,2026-01-16T13:48:59Z,page_view,/search,
E0006105,S001549,U0153,2026-01-16T13:49:39Z,add_to_cart,/product/p0033,P0033
E0006118,S001553,U0016,2026-01-16T15:18:36Z,page_view,/category/electronics,
E0007927,S002013,U0046,2026-01-16T15:20:40Z,page_view,/category/home,
E0007928,S002013,U0046,2026-01-16T15:21:00Z,page_view,/category/home,
E0007929,S002013,U0046,2026-01-16T15:22:18Z,page_view,/search,
E0007930,S002013,U0046,2026-01-16T15:23:04Z,view_item,/product/p0172,P0172
E0007931,S002013,U0046,2026-01-16T15:26:26Z,page_view,/category/shoes,
E0004872,S001240,U0229,2026-01-16T15:26:42Z,page_view,/category/shoes,
E0006120,S001553,U0016,2026-01-16T15:27:30Z,page_view,/category/shoes,
E0004873,S001240,U0229,2026-01-16T15:30:38Z,view_item,/product/p0050,P0050
E0004876,S001240,U0229,2026-01-16T15:37:19Z,page_view,/category/shoes,
E0004874,S001240,U0229,2026-01-16T15:45:45Z,page_view,/cart,
E0007932,S002013,U0046,2026-01-16T15:45:59Z,page_view,/pricing,
E0004875,S001240,U0229,2026-01-16T15:49:58Z,page_view,/category/beauty,
E0006119,S001553,U0016,2026-01-16T15:50:31Z,page_view,/help,
E0005471,S001387,U0193,2026-01-16T17:50:00Z,page_view,/category/shoes,
E0005472,S001387,U0193,2026-01-16T17:52:22Z,view_item,/product/p0281,P0281
E0005473,S001387,U0193,2026-01-16T17:53:36Z,page_view,/category/beauty,
E0007044,S001789,U0039,2026-01-16T18:38:49Z,page_view,/search,
E0007046,S001789,U0039,2026-01-16T18:39:30Z,view_item,/product/p0154,P0154
E0007045,S001789,U0039,2026-01-16T18:39:39Z,page_view,/search,
E0007048,S001789,U0039,2026-01-16T18:39:41Z,page_view,/category/home,
E0007047,S001789,U0039,2026-01-16T18:42:49Z,page_view,/category/electronics,
E0007049,S001789,U0039,2026-01-16T18:48:42Z,page_view,/search,
E0010124,S002579,U0100,2026-01-16T18:54:35Z,page_view,/category/beauty,
E0010125,S002579,U0100,2026-01-16T18:56:34Z,view_item,/product/p0107,P0107
E0010126,S002579,U0100,2026-01-16T18:57:49Z,add_to_cart,/product/p0107,P0107
E0006028,S001529,U0227,2026-01-16T19:20:58Z,page_view,/category/beauty,
E0006030,S001529,U0227,2026-01-16T19:22:36Z,page_view,/category/electronics,
E0006029,S001529,U0227,2026-01-16T19:22:38Z,page_view,/search,
E0006031,S001529,U0227,2026-01-16T19:24:38Z,page_view,/category/beauty,
E0010015,S002554,U0118,2026-01-16T19:56:24Z,page_view,/,
E0010016,S002554,U0118,2026-01-16T19:57:32Z,page_view,/search,
E0010021,S002554,U0118,2026-01-16T19:59:55Z,page_view,/cart,
E0010017,S002554,U0118,2026-01-16T20:00:05Z,view_item,/product/p0243,P0243
E0010018,S002554,U0118,2026-01-16T20:00:47Z,add_to_cart,/product/p0243,P0243
E0000736,S000188,U0246,2026-01-16T20:01:53Z,page_view,/,
E0000737,S000188,U0246,2026-01-16T20:03:06Z,page_view,/search,
E0010019,S002554,U0118,2026-01-16T20:03:08Z,begin_checkout,/checkout,P0243
E0000738,S000188,U0246,2026-01-16T20:05:25Z,view_item,/product/p0338,P0338
E0010020,S002554,U0118,2026-01-16T20:05:36Z,purchase,/thank-you,P0243
E0000739,S000188,U0246,2026-01-16T20:07:21Z,add_to_cart,/product/p0338,P0338
E0000740,S000188,U0246,2026-01-16T20:07:42Z,begin_checkout,/checkout,P0338
E0000743,S000188,U0246,2026-01-16T20:08:12Z,page_view,/search,
E0000741,S000188,U0246,2026-01-16T20:10:14Z,purchase,/thank-you,P0338
E0000742,S000188,U0246,2026-01-16T20:13:49Z,page_view,/,
E0010023,S002554,U0118,2026-01-16T20:19:56Z,page_view,/,
E0010022,S002554,U0118,2026-01-16T20:21:54Z,page_view,/category/beauty,
E0008208,S002084,U0154,2026-01-16T20:34:23Z,page_view,/category/shoes,
E0008211,S002084,U0154,2026-01-16T20:48:52Z,page_view,/cart,
E0008209,S002084,U0154,2026-01-16T21:01:10Z,page_view,/category/electronics,
E0008210,S002084,U0154,2026-01-16T21:03:31Z,page_view,/cart,
E0005888,S001495,U0199,2026-01-16T21:27:47Z,page_view,/category/beauty,
E0005889,S001495,U0199,2026-01-16T21:28:05Z,page_view,/category/beauty,
E0005890,S001495,U0199,2026-01-16T21:29:26Z,view_item,/product/p0102,P0102
E0005891,S001495,U0199,2026-01-16T21:42:19Z,page_view,/pricing,
E0005892,S001495,U0199,2026-01-16T21:44:23Z,page_view,/category/beauty,
E0005893,S001495,U0199,2026-01-16T21:49:11Z,page_view,/category/beauty,
E0006914,S001754,U0147,2026-01-16T22:32:26Z,page_view,/,
E0006915,S001754,U0147,2026-01-16T22:32:39Z,page_view,/,
E0006917,S001754,U0147,2026-01-16T22:34:19Z,page_view,/pricing,
E0006916,S001754,U0147,2026-01-16T22:36:00Z,view_item,/product/p0338,P0338
E0006918,S001754,U0147,2026-01-16T22:38:55Z,page_view,/category/home,
E0007578,S001927,U0025,2026-01-16T23:19:41Z,page_view,/search,
E0007579,S001927,U0025,2026-01-16T23:21:13Z,page_view,/search,
E0007580,S001927,U0025,2026-01-16T23:21:25Z,view_item,/product/p0276,P0276
E0007581,S001927,U0025,2026-01-16T23:21:51Z,add_to_cart,/product/p0276,P0276
E0007582,S001927,U0025,2026-01-16T23:24:24Z,begin_checkout,/checkout,P0276
E0007583,S001927,U0025,2026-01-16T23:30:35Z,page_view,/search,
E0007704,S001956,U0122,2026-01-17T00:10:40Z,page_view,/category/home,
E0007705,S001956,U0122,2026-01-17T00:10:58Z,page_view,/category/home,
E0007706,S001956,U0122,2026-01-17T00:11:56Z,page_view,/search,
E0007707,S001956,U0122,2026-01-17T00:12:49Z,view_item,/product/p0042,P0042
E0007708,S001956,U0122,2026-01-17T00:13:21Z,add_to_cart,/product/p0042,P0042
E0007709,S001956,U0122,2026-01-17T00:16:49Z,begin_checkout,/checkout,P0042
E0007710,S001956,U0122,2026-01-17T00:18:02Z,purchase,/thank-you,P0042
E0004256,S001088,U0214,2026-01-17T01:44:48Z,page_view,/search,
E0004257,S001088,U0214,2026-01-17T01:48:15Z,view_item,/product/p0250,P0250
E0004258,S001088,U0214,2026-01-17T01:48:58Z,add_to_cart,/product/p0250,P0250
E0004698,S001192,U0001,2026-01-17T02:10:40Z,page_view,/category/beauty,
E0004699,S001192,U0001,2026-01-17T02:10:56Z,page_view,/category/beauty,
E0004701,S001192,U0001,2026-01-17T02:28:54Z,page_view,/pricing,
E0006959,S001765,U0045,2026-01-17T02:32:35Z,page_view,/search,
E0006960,S001765,U0045,2026-01-17T02:34:18Z,page_view,/search,
E0004702,S001192,U0001,2026-01-17T02:34:56Z,page_view,/cart,
E0006961,S001765,U0045,2026-01-17T02:35:51Z,view_item,/product/p0013,P0013
E0004700,S001192,U0001,2026-01-17T02:37:43Z,page_view,/pricing,
E0009201,S002337,U0096,2026-01-17T03:25:14Z,page_view,/category/beauty,
E0009203,S002337,U0096,2026-01-17T03:32:00Z,page_view,/pricing,
E0009202,S002337,U0096,2026-01-17T03:32:55Z,page_view,/search,
E0002661,S000686,U0149,2026-01-17T04:40:04Z,page_view,/category/home,
E0002662,S000686,U0149,2026-01-17T04:41:38Z,page_view,/search,
E0002664,S000686,U0149,2026-01-17T04:42:06Z,page_view,/category/shoes,
E0002663,S000686,U0149,2026-01-17T04:43:29Z,view_item,/product/p0087,P0087
E0008780,S002226,U0168,2026-01-17T04:50:25Z,page_view,/category/shoes,
E0007114,S001807,U0104,2026-01-17T04:54:45Z,page_view,/category/shoes,
E0007115,S001807,U0104,2026-01-17T04:55:07Z,page_view,/search,
E0007116,S001807,U0104,2026-01-17T04:56:46Z,view_item,/product/p0383,P0383
E0007117,S001807,U0104,2026-01-17T04:57:02Z,add_to_cart,/product/p0383,P0383
E0007118,S001807,U0104,2026-01-17T04:58:43Z,begin_checkout,/checkout,P0383
E0007121,S001807,U0104,2026-01-17T04:59:21Z,page_view,/category/beauty,
E0007119,S001807,U0104,2026-01-17T04:59:32Z,purchase,/thank-you,P0383
E0007122,S001807,U0104,2026-01-17T05:08:59Z,page_view,/category/electronics,
E0007120,S001807,U0104,2026-01-17T05:09:19Z,page_view,/category/electronics,
E0004790,S001216,U0211,2026-01-17T06:02:53Z,page_view,/category/shoes,
E0004791,S001216,U0211,2026-01-17T06:03:14Z,page_view,/category/shoes,
E0004792,S001216,U0211,2026-01-17T06:05:51Z,view_item,/product/p0059,P0059
E0004793,S001216,U0211,2026-01-17T06:09:37Z,page_view,/category/electronics,
E0004794,S001216,U0211,2026-01-17T06:17:09Z,page_view,/category/beauty,
E0004795,S001216,U0211,2026-01-17T06:19:06Z,page_view,/category/beauty,
E0009879,S002515,U0002,2026-01-17T06:56:15Z,page_view,/search,
E0009880,S002515,U0002,2026-01-17T06:56:38Z,page_view,/search,
E0009881,S002515,U0002,2026-01-17T06:57:47Z,page_view,/search,
E0009882,S002515,U0002,2026-01-17T07:00:12Z,view_item,/product/p0493,P0493
E0006699,S001701,U0220,2026-01-17T07:11:01Z,page_view,/,
E0008257,S002095,U0012,2026-01-17T07:23:57Z,page_view,/category/shoes,
E0008258,S002095,U0012,2026-01-17T07:24:21Z,page_view,/category/shoes,
E0008259,S002095,U0012,2026-01-17T07:25:29Z,view_item,/product/p0021,P0021
E0008260,S002095,U0012,2026-01-17T07:29:33Z,page_view,/category/electronics,
E0008262,S002095,U0012,2026-01-17T07:32:14Z,page_view,/help,
E0008261,S002095,U0012,2026-01-17T07:37:28Z,page_view,/help,
E0007767,S001974,U0188,2026-01-17T07:53:59Z,page_view,/category/electronics,
E0007768,S001974,U0188,2026-01-17T07:55:29Z,view_item,/product/p0182,P0182
E0007769,S001974,U0188,2026-01-17T07:57:26Z,add_to_cart,/product/p0182,P0182
E0004321,S001105,U0115,2026-01-17T09:11:17Z,page_view,/category/shoes,
E0004322,S001105,U0115,2026-01-17T09:12:58Z,view_item,/product/p0103,P0103
E0004324,S001105,U0115,2026-01-17T09:24:37Z,page_view,/category/beauty,
E0004323,S001105,U0115,2026-01-17T09:43:20Z,page_view,/search,
E0002565,S000659,U0203,2026-01-17T10:42:03Z,page_view,/category/beauty,
E0002566,S000659,U0203,2026-01-17T10:59:05Z,page_view,/category/home,
E0000567,S000144,U0117,2026-01-17T11:14:13Z,page_view,/,
E0000568,S000144,U0117,2026-01-17T11:14:36Z,page_view,/,
E0000569,S000144,U0117,2026-01-17T11:20:49Z,page_view,/,
E0002309,S000597,U0047,2026-01-17T11:44:23Z,page_view,/,
E0002310,S000597,U0047,2026-01-17T11:45:24Z,page_view,/search,
E0002311,S000597,U0047,2026-01-17T11:47:59Z,view_item,/product/p0127,P0127
E0002312,S000597,U0047,2026-01-17T11:49:29Z,add_to_cart,/product/p0127,P0127
E0002313,S000597,U0047,2026-01-17T11:51:45Z,begin_checkout,/checkout,P0127
E0002315,S000597,U0047,2026-01-17T11:58:19Z,page_view,/search,
E0002314,S000597,U0047,2026-01-17T12:07:39Z,page_view,/category/electronics,
E0005533,S001402,U0232,2026-01-17T12:43:31Z,page_view,/,
E0005534,S001402,U0232,2026-01-17T12:43:36Z,page_view,/,
E0005537,S001402,U0232,2026-01-17T12:46:17Z,page_view,/cart,
E0005535,S001402,U0232,2026-01-17T12:47:20Z,view_item,/product/p0491,P0491
E0005536,S001402,U0232,2026-01-17T12:53:05Z,page_view,/search,
E0003441,S000879,U0161,2026-01-17T13:54:03Z,page_view,/category/electronics,
E0001646,S000426,U0166,2026-01-17T13:54:10Z,page_view,/category/shoes,
E0003442,S000879,U0161,2026-01-17T13:55:41Z,page_view,/search,
E0003443,S000879,U0161,2026-01-17T13:55:58Z,view_item,/product/p0072,P0072
E0003444,S000879,U0161,2026-01-17T13:57:11Z,add_to_cart,/product/p0072,P0072
E0003445,S000879,U0161,2026-01-17T13:58:00Z,begin_checkout,/checkout,P0072
E0003447,S000879,U0161,2026-01-17T13:58:29Z,page_view,/search,
E0003446,S000879,U0161,2026-01-17T14:01:22Z,page_view,/category/shoes,
E0000884,S000229,U0161,2026-01-17T14:01:33Z,page_view,/category/shoes,
E0001647,S000426,U0166,2026-01-17T14:03:45Z,page_view,/help,
E0000887,S000229,U0161,2026-01-17T14:04:05Z,page_view,/search,
E0000885,S000229,U0161,2026-01-17T14:06:06Z,page_view,/pricing,
E0009344,S002373,U0069,2026-01-17T14:15:06Z,page_view,/category/beauty,
E0009345,S002373,U0069,2026-01-17T14:15:16Z,page_view,/category/beauty,
E0000886,S000229,U0161,2026-01-17T14:25:38Z,page_view,/category/shoes,
E0004726,S001198,U0246,2026-01-17T14:55:50Z,page_view,/category/electronics,
E0009377,S002384,U0161,2026-01-17T15:13:00Z,page_view,/,
E0009378,S002384,U0161,2026-01-17T15:13:25Z,page_view,/,
E0009379,S002384,U0161,2026-01-17T15:14:01Z,view_item,/product/p0289,P0289
E0009381,S002384,U0161,2026-01-17T15:26:11Z,page_view,/category/beauty,
E0009380,S002384,U0161,2026-01-17T15:31:17Z,page_view,/pricing,
E0008741,S002214,U0231,2026-01-17T16:45:30Z,page_view,/category/beauty,
E0008742,S002214,U0231,2026-01-17T16:45:45Z,page_view,/category/beauty,
E0008743,S002214,U0231,2026-01-17T16:47:09Z,view_item,/product/p0003,P0003
E0008744,S002214,U0231,2026-01-17T16:54:37Z,page_view,/cart,
E0004691,S001190,U0019,2026-01-17T17:11:42Z,page_view,/category/shoes,
E0004692,S001190,U0019,2026-01-17T17:12:04Z,page_view,/category/shoes,
E0004693,S001190,U0019,2026-01-17T17:22:24Z,page_view,/category/electronics,
E0002677,S000690,U0233,2026-01-17T17:26:36Z,page_view,/category/electronics,
E0002678,S000690,U0233,2026-01-17T17:26:48Z,page_view,/category/electronics,
E0002680,S000690,U0233,2026-01-17T17:27:35Z,view_item,/product/p0493,P0493
E0002681,S000690,U0233,2026-01-17T17:28:10Z,add_to_cart,/product/p0493,P0493
E0002679,S000690,U0233,2026-01-17T17:28:27Z,page_view,/search,
E0002682,S000690,U0233,2026-01-17T17:31:45Z,begin_checkout,/checkout,P0493
E0008958,S002273,U0134,2026-01-17T17:32:39Z,page_view,/category/shoes,
E0002683,S000690,U0233,2026-01-17T17:34:26Z,purchase,/thank-you,P0493
E0002685,S000690,U0233,2026-01-17T17:37:41Z,page_view,/category/shoes,
E0002684,S000690,U0233,2026-01-17T17:39:28Z,page_view,/category/shoes,
E0008959,S002273,U0134,2026-01-17T18:05:00Z,page_view,/,
E0005205,S001326,U0025,2026-01-17T18:31:08Z,page_view,/,
E0001900,S000489,U0246,2026-01-17T18:37:56Z,page_view,/,
E0001901,S000489,U0246,2026-01-17T18:41:28Z,view_item,/product/p0379,P0379
E0005208,S001326,U0025,2026-01-17T18:42:31Z,page_view,/category/electronics,
E0001902,S000489,U0246,2026-01-17T18:43:31Z,add_to_cart,/product/p0379,P0379
E0005207,S001326,U0025,2026-01-17T18:44:12Z,page_view,/category/beauty,
E0005206,S001326,U0025,2026-01-17T18:44:36Z,page_view,/cart,
E0008361,S002118,U0146,2026-01-17T18:44:38Z,page_view,/search,
E0001903,S000489,U0246,2026-01-17T18:44:56Z,begin_checkout,/checkout,P0379
E0008362,S002118,U0146,2026-01-17T18:47:42Z,view_item,/product/p0117,P0117
E0007412,S001882,U0141,2026-01-17T19:48:19Z,page_view,/,
E0007413,S001882,U0141,2026-01-17T19:49:29Z,page_view,/search,
E0007414,S001882,U0141,2026-01-17T19:50:27Z,view_item,/product/p0242,P0242
E0008752,S002218,U0089,2026-01-17T20:02:17Z,page_view,/,
E0008753,S002218,U0089,2026-01-17T20:03:48Z,page_view,/search,
E0008754,S002218,U0089,2026-01-17T20:04:03Z,view_item,/product/p0300,P0300
E0003565,S000908,U0069,2026-01-17T20:04:35Z,page_view,/category/electronics,
E0003566,S000908,U0069,2026-01-17T20:04:58Z,page_view,/category/electronics,
E0003568,S000908,U0069,2026-01-17T20:05:51Z,view_item,/product/p0156,P0156
E0003567,S000908,U0069,2026-01-17T20:06:05Z,page_view,/search,
E0003569,S000908,U0069,2026-01-17T20:06:43Z,add_to_cart,/product/p0156,P0156
E0005856,S001486,U0059,2026-01-17T20:07:24Z,page_view,/category/shoes,
E0003570,S000908,U0069,2026-01-17T20:08:31Z,begin_checkout,/checkout,P0156
E0005857,S001486,U0059,2026-01-17T20:09:05Z,view_item,/product/p0069,P0069
E0005858,S001486,U0059,2026-01-17T20:10:03Z,page_view,/category/shoes,
E0003571,S000908,U0069,2026-01-17T20:15:18Z,page_view,/,
E0005859,S001486,U0059,2026-01-17T20:29:48Z,page_view,/help,
E0005860,S001486,U0059,2026-01-17T20:33:58Z,page_view,/pricing,
E0006647,S001686,U0013,2026-01-17T20:54:35Z,page_view,/,
E0004000,S001021,U0184,2026-01-17T21:09:36Z,page_view,/category/beauty,
E0004002,S001021,U0184,2026-01-17T21:10:16Z,view_item,/product/p0385,P0385
E0004001,S001021,U0184,2026-01-17T21:10:19Z,page_view,/search,
E0004003,S001021,U0184,2026-01-17T21:11:55Z,page_view,/category/shoes,
E0004004,S001021,U0184,2026-01-17T21:13:01Z,page_view,/category/home,
E0006648,S001686,U0013,2026-01-17T21:15:23Z,page_view,/help,
E0008721,S002209,U0248,2026-01-17T21:25:22Z,page_view,/category/shoes,
E0008722,S002209,U0248,2026-01-17T21:25:46Z,page_view,/category/shoes,
E0006650,S001686,U0013,2026-01-17T21:26:51Z,page_view,/search,
E0008723,S002209,U0248,2026-01-17T21:27:41Z,view_item,/product/p0246,P0246
E0006649,S001686,U0013,2026-01-17T21:34:10Z,page_view,/category/electronics,
E0002560,S000658,U0095,2026-01-17T21:42:01Z,page_view,/category/home,
E0002561,S000658,U0095,2026-01-17T21:42:19Z,page_view,/category/home,
E0002562,S000658,U0095,2026-01-17T21:43:02Z,page_view,/search,
E0002563,S000658,U0095,2026-01-17T21:46:00Z,view_item,/product/p0222,P0222
E0002564,S000658,U0095,2026-01-17T22:08:15Z,page_view,/help,
E0007037,S001787,U0181,2026-01-18T00:15:37Z,page_view,/category/electronics,
E0007039,S001787,U0181,2026-01-18T00:16:18Z,page_view,/category/electronics,
E0007038,S001787,U0181,2026-01-18T00:16:21Z,page_view,/category/shoes,
E0009069,S002301,U0242,2026-01-18T00:34:11Z,page_view,/category/shoes,
E0009070,S002301,U0242,2026-01-18T00:34:29Z,page_view,/category/shoes,
E0009071,S002301,U0242,2026-01-18T00:35:04Z,page_view,/cart,
E0009073,S002301,U0242,2026-01-18T00:35:26Z,page_view,/category/electronics,
E0009072,S002301,U0242,2026-01-18T00:41:01Z,page_view,/help,
E0000917,S000236,U0012,2026-01-18T01:52:09Z,page_view,/search,
E0005657,S001434,U0017,2026-01-18T02:32:19Z,page_view,/search,
E0005659,S001434,U0017,2026-01-18T02:33:26Z,view_item,/product/p0446,P0446
E0005658,S001434,U0017,2026-01-18T02:34:15Z,page_view,/search,
E0002505,S000642,U0034,2026-01-18T02:37:48Z,page_view,/category/shoes,
E0002506,S000642,U0034,2026-01-18T02:37:53Z,page_view,/category/shoes,
E0002507,S000642,U0034,2026-01-18T02:38:19Z,page_view,/search,
E0002508,S000642,U0034,2026-01-18T02:40:29Z,view_item,/product/p0493,P0493
E0002509,S000642,U0034,2026-01-18T02:41:02Z,add_to_cart,/product/p0493,P0493
E0002510,S000642,U0034,2026-01-18T02:44:22Z,begin_checkout,/checkout,P0493
E0005661,S001434,U0017,2026-01-18T02:44:30Z,page_view,/category/home,
E0005660,S001434,U0017,2026-01-18T03:00:43Z,page_view,/help,
E0008117,S002066,U0204,2026-01-18T03:41:10Z,page_view,/category/home,
E0005600,S001418,U0211,2026-01-18T04:18:26Z,page_view,/category/beauty,
E0005601,S001418,U0211,2026-01-18T04:32:41Z,page_view,/pricing,
E0003276,S000836,U0004,2026-01-18T06:00:03Z,page_view,/,
E0003277,S000836,U0004,2026-01-18T06:02:40Z,view_item,/product/p0204,P0204
E0002745,S000705,U0214,2026-01-18T06:17:02Z,page_view,/category/home,
E0002746,S000705,U0214,2026-01-18T06:17:26Z,page_view,/category/home,
E0002747,S000705,U0214,2026-01-18T06:17:27Z,page_view,/search,
E0002748,S000705,U0214,2026-01-18T06:18:59Z,view_item,/product/p0202,P0202
E0002749,S000705,U0214,2026-01-18T06:19:43Z,add_to_cart,/product/p0202,P0202
E0002754,S000705,U0214,2026-01-18T06:21:54Z,page_view,/category/beauty,
E0002750,S000705,U0214,2026-01-18T06:22:23Z,begin_checkout,/checkout,P0202
E0002751,S000705,U0214,2026-01-18T06:23:21Z,purchase,/thank-you,P0202
E0002752,S000705,U0214,2026-01-18T06:26:53Z,page_view,/help,
E0002753,S000705,U0214,2026-01-18T06:27:14Z,page_view,/cart,
E0003177,S000808,U0198,2026-01-18T07:06:09Z,page_view,/search,
E0003178,S000808,U0198,2026-01-18T07:06:57Z,page_view,/search,
E0003179,S000808,U0198,2026-01-18T07:09:56Z,view_item,/product/p0471,P0471
E0003180,S000808,U0198,2026-01-18T07:11:07Z,add_to_cart,/product/p0471,P0471
E0003181,S000808,U0198,2026-01-18T07:13:30Z,begin_checkout,/checkout,P0471
E0003182,S000808,U0198,2026-01-18T07:15:14Z,purchase,/thank-you,P0471
E0005906,S001500,U0086,2026-01-18T07:17:35Z,page_view,/,
E0003183,S000808,U0198,2026-01-18T07:22:48Z,page_view,/cart,
E0005676,S001439,U0104,2026-01-18T07:30:35Z,page_view,/category/electronics,
E0005677,S001439,U0104,2026-01-18T07:30:47Z,page_view,/category/electronics,
E0005679,S001439,U0104,2026-01-18T07:32:00Z,view_item,/product/p0391,P0391
E0005678,S001439,U0104,2026-01-18T07:32:14Z,page_view,/search,
E0005680,S001439,U0104,2026-01-18T07:33:26Z,add_to_cart,/product/p0391,P0391
E0005909,S001500,U0086,2026-01-18T07:33:56Z,page_view,/cart,
E0005908,S001500,U0086,2026-01-18T07:35:40Z,page_view,/cart,
E0005907,S001500,U0086,2026-01-18T07:37:04Z,page_view,/,
E0003514,S000895,U0101,2026-01-18T07:55:37Z,page_view,/,
E0003515,S000895,U0101,2026-01-18T07:57:16Z,view_item,/product/p0118,P0118
E0003516,S000895,U0101,2026-01-18T07:58:26Z,add_to_cart,/product/p0118,P0118
E0003517,S000895,U0101,2026-01-18T08:02:25Z,begin_checkout,/checkout,P0118
E0003615,S000920,U0227,2026-01-18T08:27:45Z,page_view,/category/home,
E0003616,S000920,U0227,2026-01-18T08:28:03Z,page_view,/category/home,
E0009116,S002315,U0178,2026-01-18T10:25:58Z,page_view,/,
E0006048,S001534,U0131,2026-01-18T10:28:01Z,page_view,/,
E0006049,S001534,U0131,2026-01-18T10:28:18Z,page_view,/,
E0003807,S000971,U0206,2026-01-18T10:40:34Z,page_view,/category/home,
E0003808,S000971,U0206,2026-01-18T10:40:53Z,page_view,/category/home,
E0006050,S001534,U0131,2026-01-18T10:42:37Z,page_view,/pricing,
E0007963,S002021,U0161,2026-01-18T10:49:40Z,page_view,/category/shoes,
E0001997,S000516,U0119,2026-01-18T10:49:41Z,page_view,/,
E0007964,S002021,U0161,2026-01-18T10:52:03Z,view_item,/product/p0137,P0137
E0007965,S002021,U0161,2026-01-18T10:58:50Z,page_view,/search,
E0000215,S000054,U0008,2026-01-18T11:17:02Z,page_view,/,
E0000216,S000054,U0008,2026-01-18T11:18:53Z,view_item,/product/p0063,P0063
E0000217,S000054,U0008,2026-01-18T11:30:09Z,page_view,/category/home,
E0002475,S000636,U0145,2026-01-18T11:32:45Z,page_view,/category/electronics,
E0002476,S000636,U0145,2026-01-18T11:32:57Z,page_view,/category/electronics,
E0002477,S000636,U0145,2026-01-18T11:38:36Z,page_view,/category/shoes,
E0002478,S000636,U0145,2026-01-18T11:56:59Z,page_view,/category/electronics,
E0002479,S000636,U0145,2026-01-18T11:59:00Z,page_view,/category/electronics,
E0003709,S000943,U0154,2026-01-18T13:48:27Z,page_view,/search,
E0003710,S000943,U0154,2026-01-18T13:52:06Z,view_item,/product/p0124,P0124
E0000056,S000015,U0104,2026-01-18T13:56:49Z,page_view,/category/shoes,
E0000057,S000015,U0104,2026-01-18T14:00:48Z,view_item,/product/p0054,P0054
E0000058,S000015,U0104,2026-01-18T14:02:57Z,page_view,/category/home,
E0000060,S000015,U0104,2026-01-18T14:04:24Z,page_view,/category/beauty,
E0000059,S000015,U0104,2026-01-18T14:05:57Z,page_view,/cart,
E0003410,S000871,U0038,2026-01-18T14:09:40Z,page_view,/search,
E0003411,S000871,U0038,2026-01-18T14:33:59Z,page_view,/category/beauty,
E0003412,S000871,U0038,2026-01-18T14:41:09Z,page_view,/category/beauty,
E0001782,S000461,U0185,2026-01-18T15:43:28Z,page_view,/category/electronics,
E0001786,S000461,U0185,2026-01-18T15:44:28Z,page_view,/category/shoes,
E0001784,S000461,U0185,2026-01-18T15:44:57Z,page_view,/,
E0001785,S000461,U0185,2026-01-18T15:44:58Z,page_view,/category/beauty,
E0001783,S000461,U0185,2026-01-18T15:47:24Z,view_item,/product/p0115,P0115
E0003193,S000811,U0112,2026-01-18T15:51:38Z,page_view,/search,
E0003194,S000811,U0112,2026-01-18T15:53:08Z,view_item,/product/p0047,P0047
E0003195,S000811,U0112,2026-01-18T16:20:10Z,page_view,/category/electronics,
E0004720,S001197,U0194,2026-01-18T17:07:40Z,page_view,/category/electronics,
E0004721,S001197,U0194,2026-01-18T17:09:25Z,page_view,/search,
E0004723,S001197,U0194,2026-01-18T17:11:13Z,page_view,/cart,
E0004725,S001197,U0194,2026-01-18T17:11:21Z,page_view,/category/electronics,
E0004722,S001197,U0194,2026-01-18T17:11:24Z,view_item,/product/p0224,P0224
E0004724,S001197,U0194,2026-01-18T17:13:20Z,page_view,/category/home,
E0008617,S002183,U0143,2026-01-18T17:26:43Z,page_view,/category/shoes,
E0008618,S002183,U0143,2026-01-18T17:27:54Z,view_item,/product/p0195,P0195
E0002822,S000722,U0047,2026-01-18T17:56:21Z,page_view,/category/home,
E0002823,S000722,U0047,2026-01-18T17:59:29Z,view_item,/product/p0171,P0171
E0002824,S000722,U0047,2026-01-18T18:01:42Z,add_to_cart,/product/p0171,P0171
E0002825,S000722,U0047,2026-01-18T18:02:28Z,begin_checkout,/checkout,P0171
E0002827,S000722,U0047,2026-01-18T18:04:21Z,page_view,/help,
E0002826,S000722,U0047,2026-01-18T18:21:24Z,page_view,/category/beauty,
E0000001,S000001,U0191,2026-01-18T18:46:14Z,page_view,/category/electronics,
E0000150,S000036,U0039,2026-01-18T18:46:44Z,page_view,/category/electronics,
E0000002,S000001,U0191,2026-01-18T18:46:58Z,page_view,/search,
E0000151,S000036,U0039,2026-01-18T18:47:01Z,page_view,/category/electronics,
E0000152,S000036,U0039,2026-01-18T18:48:15Z,page_view,/search,
E0000003,S000001,U0191,2026-01-18T18:48:43Z,view_item,/product/p0044,P0044
E0000154,S000036,U0039,2026-01-18T18:49:41Z,page_view,/category/home,
E0000153,S000036,U0039,2026-01-18T18:49:59Z,view_item,/product/p0233,P0233
E0000155,S000036,U0039,2026-01-18T18:55:22Z,page_view,/category/electronics,
E0000004,S000001,U0191,2026-01-18T19:01:03Z,page_view,/category/shoes,
E0007695,S001953,U0181,2026-01-18T19:10:02Z,page_view,/category/home,
E0007696,S001953,U0181,2026-01-18T19:10:15Z,page_view,/category/home,
E0000005,S000001,U0191,2026-01-18T19:16:41Z,page_view,/search,
E0000006,S000001,U0191,2026-01-18T19:17:28Z,page_view,/category/electronics,
E0007697,S001953,U0181,2026-01-18T19:20:17Z,page_view,/pricing,
E0004671,S001184,U0049,2026-01-18T20:41:26Z,page_view,/category/home,
E0004672,S001184,U0049,2026-01-18T20:41:34Z,page_view,/category/home,
E0004673,S001184,U0049,2026-01-18T20:42:36Z,view_item,/product/p0045,P0045
E0002243,S000581,U0162,2026-01-18T22:11:55Z,page_view,/category/electronics,
E0002244,S000581,U0162,2026-01-18T22:12:35Z,view_item,/product/p0368,P0368
E0002245,S000581,U0162,2026-01-18T22:13:21Z,page_view,/category/electronics,
E0009760,S002482,U0047,2026-01-18T22:50:37Z,page_view,/,
E0009761,S002482,U0047,2026-01-18T22:50:42Z,page_view,/,
E0009762,S002482,U0047,2026-01-18T22:51:15Z,page_view,/search,
E0009763,S002482,U0047,2026-01-18T22:53:17Z,view_item,/product/p0172,P0172
E0009764,S002482,U0047,2026-01-18T22:58:23Z,page_view,/category/shoes,
E0005153,S001313,U0238,2026-01-18T23:22:55Z,page_view,/category/shoes,
E0005154,S001313,U0238,2026-01-18T23:25:05Z,page_view,/category/beauty,
E0005155,S001313,U0238,2026-01-18T23:27:19Z,page_view,/cart,
E0007711,S001957,U0131,2026-01-18T23:43:01Z,page_view,/search,
E0003232,S000823,U0131,2026-01-19T00:36:26Z,page_view,/category/home,
E0003233,S000823,U0131,2026-01-19T00:36:43Z,page_view,/category/home,
E0003235,S000823,U0131,2026-01-19T00:37:12Z,view_item,/product/p0312,P0312
E0003236,S000823,U0131,2026-01-19T00:37:23Z,page_view,/search,
E0003234,S000823,U0131,2026-01-19T00:38:23Z,page_view,/search,
E0003237,S000823,U0131,2026-01-19T00:38:27Z,page_view,/cart,
E0003238,S000823,U0131,2026-01-19T00:41:05Z,page_view,/cart,
E0004054,S001035,U0243,2026-01-19T01:33:08Z,page_view,/category/shoes,
E0004055,S001035,U0243,2026-01-19T01:33:24Z,page_view,/category/shoes,
E0004056,S001035,U0243,2026-01-19T01:34:38Z,page_view,/search,
E0004057,S001035,U0243,2026-01-19T01:35:16Z,view_item,/product/p0068,P0068
E0004058,S001035,U0243,2026-01-19T01:50:37Z,page_view,/cart,
E0004059,S001035,U0243,2026-01-19T02:02:28Z,page_view,/category/beauty,
E0008087,S002058,U0009,2026-01-19T03:40:40Z,page_view,/category/electronics,
E0008088,S002058,U0009,2026-01-19T03:40:45Z,page_view,/category/electronics,
E0008089,S002058,U0009,2026-01-19T03:42:06Z,view_item,/product/p0499,P0499
E0004303,S001098,U0182,2026-01-19T03:47:57Z,page_view,/category/home,
E0004304,S001098,U0182,2026-01-19T03:49:12Z,page_view,/search,
E0008090,S002058,U0009,2026-01-19T03:49:23Z,page_view,/category/home,
E0004305,S001098,U0182,2026-01-19T03:50:17Z,view_item,/product/p0019,P0019
E0000906,S000233,U0044,2026-01-19T03:50:19Z,page_view,/,
E0000908,S000233,U0044,2026-01-19T03:51:42Z,page_view,/cart,
E0004306,S001098,U0182,2026-01-19T03:55:00Z,page_view,/pricing,
E0004307,S001098,U0182,2026-01-19T03:56:14Z,page_view,/category/beauty,
E0000909,S000233,U0044,2026-01-19T03:57:03Z,page_view,/,
E0008091,S002058,U0009,2026-01-19T03:57:22Z,page_view,/,
E0008092,S002058,U0009,2026-01-19T04:01:28Z,page_view,/,
E0000907,S000233,U0044,2026-01-19T04:02:24Z,page_view,/pricing,
E0001516,S000393,U0182,2026-01-19T04:27:48Z,page_view,/category/home,
E0001519,S000393,U0182,2026-01-19T04:28:47Z,page_view,/,
E0001518,S000393,U0182,2026-01-19T04:28:53Z,view_item,/product/p0043,P0043
E0001517,S000393,U0182,2026-01-19T04:29:41Z,page_view,/search,
E0001520,S000393,U0182,2026-01-19T04:33:51Z,page_view,/category/beauty,
E0001521,S000393,U0182,2026-01-19T04:39:15Z,page_view,/cart,
E0001935,S000498,U0240,2026-01-19T04:54:54Z,page_view,/,
E0005589,S001415,U0036,2026-01-19T06:26:12Z,page_view,/category/beauty,
E0005593,S001415,U0036,2026-01-19T06:27:39Z,page_view,/search,
E0005590,S001415,U0036,2026-01-19T06:28:45Z,view_item,/product/p0451,P0451
E0005592,S001415,U0036,2026-01-19T06:28:59Z,page_view,/cart,
E0005591,S001415,U0036,2026-01-19T06:32:02Z,page_view,/pricing,
E0007635,S001939,U0145,2026-01-19T07:33:57Z,page_view,/category/home,
E0007636,S001939,U0145,2026-01-19T07:36:15Z,view_item,/product/p0011,P0011
E0007637,S001939,U0145,2026-01-19T07:43:44Z,page_view,/category/shoes,
E0007638,S001939,U0145,2026-01-19T07:54:02Z,page_view,/help,
E0004727,S001199,U0220,2026-01-19T08:08:08Z,page_view,/category/beauty,
E0004728,S001199,U0220,2026-01-19T08:09:51Z,page_view,/search,
E0004729,S001199,U0220,2026-01-19T08:11:05Z,view_item,/product/p0371,P0371
E0002591,S000667,U0025,2026-01-19T08:14:21Z,page_view,/category/shoes,
E0002592,S000667,U0025,2026-01-19T08:22:48Z,page_view,/cart,
E0005149,S001312,U0059,2026-01-19T09:15:01Z,page_view,/,
E0005152,S001312,U0059,2026-01-19T09:17:20Z,page_view,/search,
E0005150,S001312,U0059,2026-01-19T09:28:06Z,page_view,/search,
E0001842,S000473,U0008,2026-01-19T09:30:16Z,page_view,/category/shoes,
E0001843,S000473,U0008,2026-01-19T09:31:28Z,view_item,/product/p0461,P0461
E0002188,S000565,U0051,2026-01-19T09:35:34Z,page_view,/,
E0002189,S000565,U0051,2026-01-19T09:36:54Z,view_item,/product/p0052,P0052
E0001844,S000473,U0008,2026-01-19T09:37:20Z,page_view,/help,
E0005151,S001312,U0059,2026-01-19T09:41:27Z,page_view,/category/shoes,
E0002190,S000565,U0051,2026-01-19T09:47:23Z,page_view,/help,
E0001845,S000473,U0008,2026-01-19T10:03:23Z,page_view,/category/beauty,
E0009272,S002355,U0136,2026-01-19T10:31:23Z,page_view,/,
E0006941,S001760,U0059,2026-01-19T11:18:51Z,page_view,/category/electronics,
E0006942,S001760,U0059,2026-01-19T11:19:09Z,page_view,/category/electronics,
E0006944,S001760,U0059,2026-01-19T11:23:15Z,page_view,/cart,
E0006945,S001760,U0059,2026-01-19T11:25:46Z,page_view,/search,
E0006943,S001760,U0059,2026-01-19T11:27:10Z,page_view,/pricing,
E0004279,S001093,U0101,2026-01-19T12:37:51Z,page_view,/search,
E0004280,S001093,U0101,2026-01-19T12:38:13Z,page_view,/search,
E0004281,S001093,U0101,2026-01-19T12:41:17Z,view_item,/product/p0394,P0394
E0004282,S001093,U0101,2026-01-19T12:44:00Z,add_to_cart,/product/p0394,P0394
E0004283,S001093,U0101,2026-01-19T12:47:09Z,begin_checkout,/checkout,P0394
E0000629,S000159,U0179,2026-01-19T13:58:05Z,page_view,/search,
E0007885,S002002,U0102,2026-01-19T14:29:42Z,page_view,/category/home,
E0007886,S002002,U0102,2026-01-19T14:29:56Z,page_view,/category/home,
E0007887,S002002,U0102,2026-01-19T14:30:53Z,view_item,/product/p0302,P0302
E0007888,S002002,U0102,2026-01-19T14:33:27Z,add_to_cart,/product/p0302,P0302
E0007889,S002002,U0102,2026-01-19T14:46:27Z,page_view,/search,
E0007890,S002002,U0102,2026-01-19T14:51:32Z,page_view,/category/beauty,
E0000625,S000158,U0144,2026-01-19T14:55:15Z,page_view,/category/shoes,
E0000627,S000158,U0144,2026-01-19T14:57:40Z,page_view,/category/electronics,
E0000628,S000158,U0144,2026-01-19T14:58:42Z,page_view,/category/beauty,
E0000626,S000158,U0144,2026-01-19T15:00:17Z,page_view,/category/shoes,
E0007405,S001880,U0209,2026-01-19T15:49:58Z,page_view,/category/beauty,
E0007406,S001880,U0209,2026-01-19T15:54:09Z,page_view,/category/shoes,
E0007407,S001880,U0209,2026-01-19T15:56:45Z,page_view,/category/electronics,
E0003095,S000786,U0113,2026-01-19T16:24:16Z,page_view,/,
E0003096,S000786,U0113,2026-01-19T16:28:32Z,page_view,/category/beauty,
E0005183,S001322,U0009,2026-01-19T16:57:18Z,page_view,/,
E0005184,S001322,U0009,2026-01-19T16:57:58Z,page_view,/search,
E0005185,S001322,U0009,2026-01-19T16:58:28Z,view_item,/product/p0487,P0487
E0005186,S001322,U0009,2026-01-19T17:00:53Z,add_to_cart,/product/p0487,P0487
E0005187,S001322,U0009,2026-01-19T17:02:18Z,begin_checkout,/checkout,P0487
E0005189,S001322,U0009,2026-01-19T17:02:35Z,page_view,/search,
E0005188,S001322,U0009,2026-01-19T17:02:40Z,purchase,/thank-you,P0487
E0001628,S000422,U0113,2026-01-19T19:28:30Z,page_view,/category/home,
E0001629,S000422,U0113,2026-01-19T19:28:42Z,page_view,/category/home,
E0001631,S000422,U0113,2026-01-19T19:29:18Z,view_item,/product/p0493,P0493
E0001630,S000422,U0113,2026-01-19T19:30:25Z,page_view,/search,
E0009128,S002318,U0038,2026-01-19T19:49:08Z,page_view,/,
E0009130,S002318,U0038,2026-01-19T19:51:07Z,page_view,/category/shoes,
E0009129,S002318,U0038,2026-01-19T19:53:02Z,view_item,/product/p0064,P0064
E0009131,S002318,U0038,2026-01-19T19:54:44Z,page_view,/,
E0001634,S000422,U0113,2026-01-19T19:55:33Z,page_view,/cart,
E0001633,S000422,U0113,2026-01-19T20:01:20Z,page_view,/category/home,
E0001632,S000422,U0113,2026-01-19T20:04:43Z,page_view,/cart,
E0006704,S001703,U0137,2026-01-19T20:25:50Z,page_view,/,
E0006706,S001703,U0137,2026-01-19T20:27:30Z,view_item,/product/p0450,P0450
E0006705,S001703,U0137,2026-01-19T20:27:40Z,page_view,/search,
E0006707,S001703,U0137,2026-01-19T20:29:05Z,add_to_cart,/product/p0450,P0450
E0006708,S001703,U0137,2026-01-19T20:29:33Z,begin_checkout,/checkout,P0450
E0006709,S001703,U0137,2026-01-19T20:32:42Z,purchase,/thank-you,P0450
E0006710,S001703,U0137,2026-01-19T20:33:15Z,page_view,/,
E0007701,S001955,U0060,2026-01-19T21:54:46Z,page_view,/category/electronics,
E0007702,S001955,U0060,2026-01-19T21:55:51Z,page_view,/search,
E0007703,S001955,U0060,2026-01-19T21:59:57Z,page_view,/pricing,
E0003547,S000903,U0247,2026-01-19T22:13:42Z,page_view,/category/shoes,
E0003549,S000903,U0247,2026-01-19T22:19:00Z,page_view,/cart,
E0003548,S000903,U0247,2026-01-19T22:30:53Z,page_view,/help,
E0002911,S000739,U0007,2026-01-19T22:33:35Z,page_view,/,
E0002912,S000739,U0007,2026-01-19T22:33:56Z,page_view,/,
E0002914,S000739,U0007,2026-01-19T22:39:48Z,page_view,/category/beauty,
E0002915,S000739,U0007,2026-01-19T22:40:34Z,page_view,/category/home,
E0002913,S000739,U0007,2026-01-19T22:41:19Z,page_view,/category/shoes,
E0005738,S001453,U0012,2026-01-19T22:52:35Z,page_view,/category/beauty,
E0004047,S001033,U0095,2026-01-19T22:56:47Z,page_view,/search,
E0004048,S001033,U0095,2026-01-19T22:57:09Z,page_view,/search,
E0004049,S001033,U0095,2026-01-19T22:59:58Z,view_item,/product/p0048,P0048
E0005740,S001453,U0012,2026-01-19T23:11:37Z,page_view,/category/electronics,
E0002537,S000652,U0115,2026-01-19T23:25:46Z,page_view,/category/shoes,
E0005739,S001453,U0012,2026-01-19T23:26:13Z,page_view,/category/shoes,
E0002538,S000652,U0115,2026-01-19T23:27:01Z,view_item,/product/p0125,P0125
E0004050,S001033,U0095,2026-01-19T23:27:05Z,page_view,/cart,
E0002539,S000652,U0115,2026-01-19T23:27:52Z,add_to_cart,/product/p0125,P0125
E0002540,S000652,U0115,2026-01-19T23:28:54Z,begin_checkout,/checkout,P0125
E0002543,S000652,U0115,2026-01-19T23:35:39Z,page_view,/pricing,
E0002541,S000652,U0115,2026-01-19T23:37:35Z,page_view,/category/electronics,
E0002542,S000652,U0115,2026-01-19T23:43:20Z,page_view,/category/beauty,
E0009031,S002293,U0161,2026-01-20T00:17:28Z,page_view,/search,
E0009032,S002293,U0161,2026-01-20T00:19:15Z,view_item,/product/p0215,P0215
E0009034,S002293,U0161,2026-01-20T00:19:20Z,page_view,/pricing,
E0009033,S002293,U0161,2026-01-20T00:20:34Z,page_view,/search,
E0008118,S002067,U0008,2026-01-20T00:32:17Z,page_view,/category/electronics,
E0005371,S001362,U0027,2026-01-20T00:33:53Z,page_view,/category/shoes,
E0008120,S002067,U0008,2026-01-20T00:34:08Z,view_item,/product/p0400,P0400
E0008119,S002067,U0008,2026-01-20T00:34:16Z,page_view,/search,
E0005374,S001362,U0027,2026-01-20T00:36:12Z,page_view,/cart,
E0005372,S001362,U0027,2026-01-20T00:36:18Z,page_view,/category/beauty,
E0005373,S001362,U0027,2026-01-20T00:41:29Z,page_view,/category/beauty,
E0004350,S001112,U0137,2026-01-20T01:02:52Z,page_view,/category/shoes,
E0004351,S001112,U0137,2026-01-20T01:03:01Z,page_view,/category/shoes,
E0004352,S001112,U0137,2026-01-20T01:04:00Z,page_view,/search,
E0004353,S001112,U0137,2026-01-20T01:05:13Z,view_item,/product/p0482,P0482
E0004355,S001112,U0137,2026-01-20T01:07:33Z,page_view,/category/electronics,
E0004354,S001112,U0137,2026-01-20T01:09:54Z,page_view,/help,
E0004356,S001112,U0137,2026-01-20T01:11:52Z,page_view,/category/home,
E0002113,S000545,U0209,2026-01-20T02:18:36Z,page_view,/category/home,
E0002114,S000545,U0209,2026-01-20T02:18:47Z,page_view,/category/home,
E0005771,S001462,U0057,2026-01-20T04:08:04Z,page_view,/category/electronics,
E0005772,S001462,U0057,2026-01-20T04:12:21Z,page_view,/cart,
E0005361,S001360,U0086,2026-01-20T04:25:30Z,page_view,/category/beauty,
E0005362,S001360,U0086,2026-01-20T04:25:49Z,page_view,/category/beauty,
E0005364,S001360,U0086,2026-01-20T04:26:54Z,page_view,/search,
E0005363,S001360,U0086,2026-01-20T04:51:09Z,page_view,/category/home,
E0005764,S001460,U0017,2026-01-20T04:51:30Z,page_view,/category/electronics,
E0005766,S001460,U0017,2026-01-20T04:52:16Z,page_view,/category/electronics,
E0005767,S001460,U0017,2026-01-20T04:52:24Z,page_view,/pricing,
E0005765,S001460,U0017,2026-01-20T04:54:33Z,view_item,/product/p0233,P0233
E0004064,S001037,U0036,2026-01-20T04:56:16Z,page_view,/,
E0004065,S001037,U0036,2026-01-20T04:56:23Z,page_view,/,
E0007953,S002019,U0092,2026-01-20T05:12:05Z,page_view,/category/home,
E0002576,S000663,U0132,2026-01-20T05:14:39Z,page_view,/category/home,
E0002577,S000663,U0132,2026-01-20T05:15:00Z,page_view,/category/home,
E0007954,S002019,U0092,2026-01-20T05:16:35Z,page_view,/cart,
E0002578,S000663,U0132,2026-01-20T05:18:15Z,view_item,/product/p0388,P0388
E0007955,S002019,U0092,2026-01-20T05:20:20Z,page_view,/category/beauty,
E0004066,S001037,U0036,2026-01-20T05:20:32Z,page_view,/cart,
E0003001,S000762,U0231,2026-01-20T05:37:43Z,page_view,/category/shoes,
E0003003,S000762,U0231,2026-01-20T05:38:38Z,view_item,/product/p0238,P0238
E0003002,S000762,U0231,2026-01-20T05:39:43Z,page_view,/search,
E0003004,S000762,U0231,2026-01-20T05:45:27Z,page_view,/category/electronics,
E0002579,S000663,U0132,2026-01-20T05:47:26Z,page_view,/category/shoes,
E0003005,S000762,U0231,2026-01-20T05:52:36Z,page_view,/search,
E0006079,S001542,U0039,2026-01-20T09:17:37Z,page_view,/category/beauty,
E0006080,S001542,U0039,2026-01-20T09:18:51Z,page_view,/pricing,
E0009441,S002399,U0238,2026-01-20T09:54:19Z,page_view,/,
E0009442,S002399,U0238,2026-01-20T09:58:05Z,view_item,/product/p0201,P0201
E0009443,S002399,U0238,2026-01-20T09:58:22Z,page_view,/pricing,
E0001734,S000449,U0233,2026-01-20T10:26:05Z,page_view,/category/electronics,
E0001736,S000449,U0233,2026-01-20T10:26:51Z,view_item,/product/p0367,P0367
E0001735,S000449,U0233,2026-01-20T10:27:12Z,page_view,/search,
E0001737,S000449,U0233,2026-01-20T10:37:43Z,page_view,/pricing,
E0001249,S000323,U0144,2026-01-20T10:42:26Z,page_view,/category/home,
E0001738,S000449,U0233,2026-01-20T10:45:38Z,page_view,/pricing,
E0001739,S000449,U0233,2026-01-20T10:45:42Z,page_view,/category/beauty,
E0001207,S000313,U0009,2026-01-20T11:11:30Z,page_view,/,
E0001208,S000313,U0009,2026-01-20T11:11:40Z,page_view,/,
E0001209,S000313,U0009,2026-01-20T11:21:11Z,page_view,/help,
E0001552,S000400,U0126,2026-01-20T11:23:15Z,page_view,/,
E0001553,S000400,U0126,2026-01-20T11:25:07Z,page_view,/search,
E0001554,S000400,U0126,2026-01-20T11:26:38Z,view_item,/product/p0020,P0020
E0008916,S002262,U0229,2026-01-20T12:22:12Z,page_view,/,
E0008920,S002262,U0229,2026-01-20T12:23:31Z,page_view,/search,
E0008917,S002262,U0229,2026-01-20T12:25:09Z,view_item,/product/p0361,P0361
E0008918,S002262,U0229,2026-01-20T12:25:29Z,add_to_cart,/product/p0361,P0361
E0008919,S002262,U0229,2026-01-20T12:27:37Z,begin_checkout,/checkout,P0361
E0002080,S000539,U0129,2026-01-20T13:14:00Z,page_view,/category/electronics,
E0002081,S000539,U0129,2026-01-20T13:15:14Z,page_view,/search,
E0002082,S000539,U0129,2026-01-20T13:17:34Z,view_item,/product/p0343,P0343
E0002083,S000539,U0129,2026-01-20T13:21:53Z,page_view,/cart,
E0002084,S000539,U0129,2026-01-20T13:37:12Z,page_view,/help,
E0005777,S001465,U0047,2026-01-20T13:50:06Z,page_view,/category/beauty,
E0005778,S001465,U0047,2026-01-20T13:52:11Z,page_view,/,
E0005779,S001465,U0047,2026-01-20T14:01:17Z,page_view,/cart,
E0009173,S002330,U0008,2026-01-20T14:49:42Z,page_view,/category/home,
E0009174,S002330,U0008,2026-01-20T14:51:16Z,view_item,/product/p0179,P0179
E0001347,S000351,U0075,2026-01-20T15:12:24Z,page_view,/,
E0001348,S000351,U0075,2026-01-20T15:13:41Z,page_view,/pricing,
E0001350,S000351,U0075,2026-01-20T15:14:53Z,page_view,/cart,
E0001349,S000351,U0075,2026-01-20T15:15:26Z,page_view,/help,
E0003714,S000945,U0132,2026-01-20T15:23:05Z,page_view,/category/home,
E0007801,S001984,U0064,2026-01-20T16:37:25Z,page_view,/category/electronics,
E0007802,S001984,U0064,2026-01-20T17:02:34Z,page_view,/,
E0007804,S001984,U0064,2026-01-20T17:15:26Z,page_view,/cart,
E0007803,S001984,U0064,2026-01-20T17:19:52Z,page_view,/cart,
E0008599,S002178,U0131,2026-01-20T17:55:11Z,page_view,/category/shoes,
E0008600,S002178,U0131,2026-01-20T17:55:16Z,page_view,/category/shoes,
E0008601,S002178,U0131,2026-01-20T17:55:36Z,page_view,/search,
E0008602,S002178,U0131,2026-01-20T17:58:52Z,view_item,/product/p0212,P0212
E0003726,S000949,U0089,2026-01-20T18:07:00Z,page_view,/,
E0003728,S000949,U0089,2026-01-20T18:17:10Z,page_view,/search,
E0003727,S000949,U0089,2026-01-20T18:17:58Z,page_view,/category/beauty,
E0003729,S000949,U0089,2026-01-20T18:20:28Z,page_view,/cart,
E0007083,S001800,U0224,2026-01-20T18:38:35Z,page_view,/,
E0007084,S001800,U0224,2026-01-20T18:39:58Z,page_view,/search,
E0007085,S001800,U0224,2026-01-20T18:41:58Z,view_item,/product/p0391,P0391
E0007432,S001887,U0029,2026-01-20T19:21:42Z,page_view,/search,
E0007433,S001887,U0029,2026-01-20T19:21:52Z,page_view,/search,
E0007434,S001887,U0029,2026-01-20T19:22:22Z,view_item,/product/p0105,P0105
E0009930,S002532,U0056,2026-01-20T19:22:39Z,page_view,/,
E0007435,S001887,U0029,2026-01-20T19:23:00Z,add_to_cart,/product/p0105,P0105
E0009931,S002532,U0056,2026-01-20T19:24:22Z,page_view,/search,
E0007436,S001887,U0029,2026-01-20T19:25:12Z,begin_checkout,/checkout,P0105
E0009932,S002532,U0056,2026-01-20T19:25:12Z,view_item,/product/p0184,P0184
E0007437,S001887,U0029,2026-01-20T19:26:16Z,purchase,/thank-you,P0105
E0009933,S002532,U0056,2026-01-20T19:34:17Z,page_view,/category/beauty,
E0003866,S000986,U0244,2026-01-20T19:35:56Z,page_view,/search,
E0003867,S000986,U0244,2026-01-20T19:36:06Z,page_view,/search,
E0003868,S000986,U0244,2026-01-20T19:37:04Z,page_view,/search,
E0003869,S000986,U0244,2026-01-20T19:39:30Z,view_item,/product/p0472,P0472
E0008253,S002094,U0246,2026-01-20T19:46:56Z,page_view,/search,
E0008254,S002094,U0246,2026-01-20T19:48:09Z,page_view,/category/home,
E0003872,S000986,U0244,2026-01-20T19:50:35Z,page_view,/search,
E0003870,S000986,U0244,2026-01-20T19:51:18Z,page_view,/help,
E0003871,S000986,U0244,2026-01-20T19:53:33Z,page_view,/category/electronics,
E0008255,S002094,U0246,2026-01-20T19:58:14Z,page_view,/category/beauty,
E0008256,S002094,U0246,2026-01-20T20:00:40Z,page_view,/,
E0009593,S002437,U0011,2026-01-20T20:09:04Z,page_view,/,
E0002235,S000578,U0039,2026-01-20T21:09:43Z,page_view,/category/shoes,
E0002236,S000578,U0039,2026-01-20T21:09:55Z,page_view,/category/shoes,
E0002237,S000578,U0039,2026-01-20T21:11:16Z,page_view,/search,
E0002238,S000578,U0039,2026-01-20T21:11:23Z,view_item,/product/p0192,P0192
E0005910,S001501,U0250,2026-01-20T21:23:37Z,page_view,/category/shoes,
E0005911,S001501,U0250,2026-01-20T21:24:43Z,page_view,/category/beauty,
E0000373,S000092,U0236,2026-01-20T21:24:44Z,page_view,/search,
E0005913,S001501,U0250,2026-01-20T21:28:26Z,page_view,/category/electronics,
E0005912,S001501,U0250,2026-01-20T21:34:34Z,page_view,/cart,
E0007362,S001870,U0179,2026-01-20T21:39:50Z,page_view,/category/home,
E0007363,S001870,U0179,2026-01-20T21:41:15Z,view_item,/product/p0006,P0006
E0007364,S001870,U0179,2026-01-20T21:44:10Z,add_to_cart,/product/p0006,P0006
E0007365,S001870,U0179,2026-01-20T21:47:51Z,begin_checkout,/checkout,P0006
E0007366,S001870,U0179,2026-01-20T21:50:47Z,purchase,/thank-you,P0006
E0000374,S000092,U0236,2026-01-20T21:53:49Z,page_view,/help,
E0010062,S002565,U0121,2026-01-20T22:07:00Z,page_view,/category/beauty,
E0010064,S002565,U0121,2026-01-20T22:08:03Z,page_view,/search,
E0010063,S002565,U0121,2026-01-20T22:08:47Z,view_item,/product/p0446,P0446
E0010065,S002565,U0121,2026-01-20T22:12:45Z,page_view,/category/beauty,
E0010066,S002565,U0121,2026-01-20T22:15:30Z,page_view,/search,
E0001132,S000292,U0217,2026-01-20T23:53:53Z,page_view,/search,
E0001133,S000292,U0217,2026-01-20T23:58:08Z,page_view,/category/electronics,
E0001134,S000292,U0217,2026-01-20T23:59:24Z,page_view,/search,
E0001135,S000292,U0217,2026-01-21T00:00:39Z,page_view,/cart,
E0007968,S002023,U0168,2026-01-21T01:06:25Z,page_view,/,
E0007969,S002023,U0168,2026-01-21T01:10:30Z,page_view,/category/electronics,
E0007970,S002023,U0168,2026-01-21T01:10:48Z,page_view,/help,
E0003912,S000996,U0157,2026-01-21T01:22:55Z,page_view,/,
E0004370,S001116,U0117,2026-01-21T01:28:50Z,page_view,/category/beauty,
E0004371,S001116,U0117,2026-01-21T01:28:59Z,page_view,/category/beauty,
E0004730,S001200,U0113,2026-01-21T01:36:00Z,page_view,/,
E0004731,S001200,U0113,2026-01-21T01:37:03Z,page_view,/search,
E0003659,S000932,U0229,2026-01-21T02:13:47Z,page_view,/category/electronics,
E0003660,S000932,U0229,2026-01-21T02:16:12Z,view_item,/product/p0442,P0442
E0003661,S000932,U0229,2026-01-21T02:16:54Z,add_to_cart,/product/p0442,P0442
E0003105,S000789,U0042,2026-01-21T02:28:08Z,page_view,/category/beauty,
E0003106,S000789,U0042,2026-01-21T02:28:17Z,page_view,/category/beauty,
E0003107,S000789,U0042,2026-01-21T02:52:39Z,page_view,/search,
E0009080,S002304,U0126,2026-01-21T03:44:25Z,page_view,/category/home,
E0009081,S002304,U0126,2026-01-21T03:49:57Z,page_view,/category/beauty,
E0006857,S001741,U0115,2026-01-21T04:09:47Z,page_view,/category/electronics,
E0006858,S001741,U0115,2026-01-21T04:11:24Z,page_view,/search,
E0006859,S001741,U0115,2026-01-21T04:12:31Z,view_item,/product/p0317,P0317
E0006860,S001741,U0115,2026-01-21T04:12:56Z,add_to_cart,/product/p0317,P0317
E0006861,S001741,U0115,2026-01-21T04:15:56Z,begin_checkout,/checkout,P0317
E0006862,S001741,U0115,2026-01-21T04:17:06Z,purchase,/thank-you,P0317
E0004082,S001042,U0148,2026-01-21T05:01:05Z,page_view,/search,
E0004085,S001042,U0148,2026-01-21T05:02:41Z,page_view,/cart,
E0004083,S001042,U0148,2026-01-21T05:02:52Z,page_view,/category/beauty,
E0004084,S001042,U0148,2026-01-21T05:07:33Z,page_view,/category/electronics,
E0000174,S000042,U0050,2026-01-21T05:19:44Z,page_view,/category/beauty,
E0000175,S000042,U0050,2026-01-21T05:20:35Z,page_view,/search,
E0000177,S000042,U0050,2026-01-21T05:21:09Z,page_view,/cart,
E0000176,S000042,U0050,2026-01-21T05:22:58Z,view_item,/product/p0349,P0349
E0007143,S001813,U0109,2026-01-21T05:46:39Z,page_view,/category/home,
E0007147,S001813,U0109,2026-01-21T05:47:16Z,page_view,/,
E0007144,S001813,U0109,2026-01-21T05:50:33Z,view_item,/product/p0437,P0437
E0007145,S001813,U0109,2026-01-21T05:51:35Z,page_view,/category/home,
E0007146,S001813,U0109,2026-01-21T05:55:01Z,page_view,/pricing,
E0002793,S000716,U0001,2026-01-21T05:58:18Z,page_view,/category/home,
E0002794,S000716,U0001,2026-01-21T06:00:05Z,page_view,/search,
E0002795,S000716,U0001,2026-01-21T06:01:57Z,view_item,/product/p0432,P0432
E0007990,S002030,U0233,2026-01-21T06:23:28Z,page_view,/category/home,
E0008666,S002196,U0002,2026-01-21T06:30:30Z,page_view,/,
E0008667,S002196,U0002,2026-01-21T06:30:42Z,page_view,/,
E0008668,S002196,U0002,2026-01-21T06:30:53Z,page_view,/search,
E0007991,S002030,U0233,2026-01-21T06:32:54Z,page_view,/cart,
E0008669,S002196,U0002,2026-01-21T06:33:26Z,view_item,/product/p0429,P0429
E0008670,S002196,U0002,2026-01-21T06:41:14Z,page_view,/search,
E0009734,S002476,U0237,2026-01-21T06:45:01Z,page_view,/,
E0008671,S002196,U0002,2026-01-21T06:45:03Z,page_view,/pricing,
E0005009,S001274,U0112,2026-01-21T06:52:22Z,page_view,/category/beauty,
E0009735,S002476,U0237,2026-01-21T06:52:32Z,page_view,/,
E0005010,S001274,U0112,2026-01-21T06:54:17Z,page_view,/search,
E0005011,S001274,U0112,2026-01-21T06:56:12Z,view_item,/product/p0345,P0345
E0005012,S001274,U0112,2026-01-21T06:58:49Z,add_to_cart,/product/p0345,P0345
E0005013,S001274,U0112,2026-01-21T07:01:33Z,begin_checkout,/checkout,P0345
E0005014,S001274,U0112,2026-01-21T07:04:09Z,purchase,/thank-you,P0345
E0009737,S002476,U0237,2026-01-21T07:06:20Z,page_view,/category/beauty,
E0009736,S002476,U0237,2026-01-21T07:07:53Z,page_view,/pricing,
E0005015,S001274,U0112,2026-01-21T07:22:00Z,page_view,/category/beauty,
E0004844,S001233,U0216,2026-01-21T07:22:17Z,page_view,/category/shoes,
E0004845,S001233,U0216,2026-01-21T07:23:28Z,page_view,/search,
E0004846,S001233,U0216,2026-01-21T07:26:04Z,view_item,/product/p0323,P0323
E0008001,S002033,U0161,2026-01-21T08:25:21Z,page_view,/,
E0008002,S002033,U0161,2026-01-21T08:25:39Z,page_view,/,
E0008003,S002033,U0161,2026-01-21T08:26:24Z,page_view,/search,
E0008004,S002033,U0161,2026-01-21T08:27:46Z,view_item,/product/p0337,P0337
E0008005,S002033,U0161,2026-01-21T08:28:20Z,page_view,/search,
E0005375,S001363,U0057,2026-01-21T08:45:51Z,page_view,/category/electronics,
E0005376,S001363,U0057,2026-01-21T08:46:30Z,page_view,/search,
E0005377,S001363,U0057,2026-01-21T08:47:04Z,view_item,/product/p0316,P0316
E0000395,S000100,U0116,2026-01-21T08:49:30Z,page_view,/category/shoes,
E0000396,S000100,U0116,2026-01-21T08:50:53Z,page_view,/search,
E0000397,S000100,U0116,2026-01-21T08:51:47Z,view_item,/product/p0488,P0488
E0000398,S000100,U0116,2026-01-21T08:52:25Z,add_to_cart,/product/p0488,P0488
E0005378,S001363,U0057,2026-01-21T08:55:20Z,page_view,/,
E0000399,S000100,U0116,2026-01-21T08:55:33Z,begin_checkout,/checkout,P0488
E0000400,S000100,U0116,2026-01-21T08:59:32Z,purchase,/thank-you,P0488
E0005379,S001363,U0057,2026-01-21T09:03:11Z,page_view,/cart,
E0005380,S001363,U0057,2026-01-21T09:03:30Z,page_view,/search,
E0005135,S001308,U0081,2026-01-21T09:08:11Z,page_view,/category/electronics,
E0005136,S001308,U0081,2026-01-21T09:19:49Z,page_view,/pricing,
E0005137,S001308,U0081,2026-01-21T09:38:44Z,page_view,/search,
E0003935,S001003,U0033,2026-01-21T10:01:47Z,page_view,/category/shoes,
E0003937,S001003,U0033,2026-01-21T10:05:15Z,page_view,/category/home,
E0003691,S000940,U0083,2026-01-21T10:07:25Z,page_view,/,
E0003692,S000940,U0083,2026-01-21T10:07:55Z,page_view,/search,
E0003693,S000940,U0083,2026-01-21T10:08:17Z,view_item,/product/p0365,P0365
E0003694,S000940,U0083,2026-01-21T10:09:39Z,page_view,/search,
E0003695,S000940,U0083,2026-01-21T10:10:22Z,page_view,/cart,
E0001494,S000389,U0159,2026-01-21T10:16:09Z,page_view,/search,
E0003936,S001003,U0033,2026-01-21T10:19:16Z,page_view,/,
E0003938,S001003,U0033,2026-01-21T10:19:49Z,page_view,/category/shoes,
E0008902,S002258,U0121,2026-01-21T10:22:13Z,page_view,/category/shoes,
E0008903,S002258,U0121,2026-01-21T10:22:21Z,page_view,/category/shoes,
E0008904,S002258,U0121,2026-01-21T10:24:28Z,view_item,/product/p0084,P0084
E0001495,S000389,U0159,2026-01-21T10:24:56Z,page_view,/search,
E0008905,S002258,U0121,2026-01-21T10:25:40Z,add_to_cart,/product/p0084,P0084
E0007392,S001876,U0174,2026-01-21T10:34:52Z,page_view,/category/shoes,
E0007393,S001876,U0174,2026-01-21T10:35:14Z,page_view,/category/shoes,
E0008906,S002258,U0121,2026-01-21T10:45:38Z,page_view,/,
E0001104,S000284,U0190,2026-01-21T10:47:14Z,page_view,/category/electronics,
E0004128,S001054,U0140,2026-01-21T11:06:23Z,page_view,/category/shoes,
E0002065,S000535,U0161,2026-01-21T11:06:43Z,page_view,/category/beauty,
E0006204,S001577,U0241,2026-01-21T11:07:32Z,page_view,/category/electronics,
E0002066,S000535,U0161,2026-01-21T11:07:48Z,page_view,/search,
E0006209,S001577,U0241,2026-01-21T11:08:42Z,page_view,/category/home,
E0006208,S001577,U0241,2026-01-21T11:09:15Z,page_view,/category/electronics,
E0002067,S000535,U0161,2026-01-21T11:09:40Z,view_item,/product/p0156,P0156
E0006205,S001577,U0241,2026-01-21T11:10:03Z,view_item,/product/p0214,P0214
E0004130,S001054,U0140,2026-01-21T11:10:11Z,page_view,/cart,
E0006206,S001577,U0241,2026-01-21T11:10:45Z,add_to_cart,/product/p0214,P0214
E0002068,S000535,U0161,2026-01-21T11:11:41Z,add_to_cart,/product/p0156,P0156
E0006207,S001577,U0241,2026-01-21T11:11:56Z,begin_checkout,/checkout,P0214
E0004129,S001054,U0140,2026-01-21T11:14:35Z,page_view,/category/shoes,
E0002069,S000535,U0161,2026-01-21T11:24:36Z,page_view,/help,
E0009729,S002475,U0171,2026-01-21T11:38:33Z,page_view,/category/electronics,
E0009730,S002475,U0171,2026-01-21T11:41:31Z,view_item,/product/p0251,P0251
E0009733,S002475,U0171,2026-01-21T11:44:41Z,page_view,/,
E0008877,S002250,U0171,2026-01-21T11:52:01Z,page_view,/category/beauty,
E0009731,S002475,U0171,2026-01-21T12:00:30Z,page_view,/search,
E0009732,S002475,U0171,2026-01-21T12:02:08Z,page_view,/category/shoes,
E0008878,S002250,U0171,2026-01-21T12:11:38Z,page_view,/category/electronics,
E0005698,S001444,U0131,2026-01-21T12:34:16Z,page_view,/category/shoes,
E0005699,S001444,U0131,2026-01-21T12:34:29Z,page_view,/category/shoes,
E0005703,S001444,U0131,2026-01-21T12:35:08Z,page_view,/,
E0005702,S001444,U0131,2026-01-21T12:35:13Z,page_view,/pricing,
E0005704,S001444,U0131,2026-01-21T12:35:48Z,page_view,/help,
E0005700,S001444,U0131,2026-01-21T12:36:12Z,view_item,/product/p0048,P0048
E0005701,S001444,U0131,2026-01-21T12:37:13Z,add_to_cart,/product/p0048,P0048
E0002124,S000549,U0102,2026-01-21T12:52:35Z,page_view,/category/beauty,
E0002125,S000549,U0102,2026-01-21T12:58:03Z,page_view,/category/home,
E0005668,S001437,U0061,2026-01-21T13:11:12Z,page_view,/category/electronics,
E0005669,S001437,U0061,2026-01-21T13:11:49Z,page_view,/search,
E0005670,S001437,U0061,2026-01-21T13:13:36Z,view_item,/product/p0356,P0356
E0005672,S001437,U0061,2026-01-21T13:15:20Z,page_view,/help,
E0007730,S001965,U0017,2026-01-21T13:32:55Z,page_view,/category/home,
E0007732,S001965,U0017,2026-01-21T13:33:27Z,page_view,/category/beauty,
E0005671,S001437,U0061,2026-01-21T13:35:08Z,page_view,/category/home,
E0007731,S001965,U0017,2026-01-21T13:36:50Z,view_item,/product/p0048,P0048
E0007733,S001965,U0017,2026-01-21T13:43:01Z,page_view,/help,
E0007734,S001965,U0017,2026-01-21T13:49:12Z,page_view,/search,
E0004249,S001087,U0041,2026-01-21T13:59:40Z,page_view,/category/beauty,
E0004250,S001087,U0041,2026-01-21T14:00:01Z,page_view,/category/beauty,
E0009801,S002494,U0214,2026-01-21T14:00:17Z,page_view,/search,
E0004251,S001087,U0041,2026-01-21T14:01:01Z,view_item,/product/p0370,P0370
E0004252,S001087,U0041,2026-01-21T14:01:56Z,add_to_cart,/product/p0370,P0370
E0004253,S001087,U0041,2026-01-21T14:04:48Z,begin_checkout,/checkout,P0370
E0004255,S001087,U0041,2026-01-21T14:05:03Z,page_view,/category/electronics,
E0004254,S001087,U0041,2026-01-21T14:08:42Z,purchase,/thank-you,P0370
E0006964,S001767,U0181,2026-01-21T14:28:16Z,page_view,/category/home,
E0006965,S001767,U0181,2026-01-21T14:28:39Z,page_view,/category/home,
E0006967,S001767,U0181,2026-01-21T14:33:10Z,page_view,/help,
E0006966,S001767,U0181,2026-01-21T14:50:25Z,page_view,/cart,
E0005495,S001394,U0149,2026-01-21T14:59:38Z,page_view,/category/electronics,
E0005496,S001394,U0149,2026-01-21T15:03:43Z,page_view,/help,
E0005498,S001394,U0149,2026-01-21T15:07:00Z,page_view,/pricing,
E0005497,S001394,U0149,2026-01-21T15:14:48Z,page_view,/category/beauty,
E0005567,S001411,U0069,2026-01-21T15:29:22Z,page_view,/,
E0005568,S001411,U0069,2026-01-21T15:29:33Z,page_view,/,
E0005570,S001411,U0069,2026-01-21T15:30:19Z,view_item,/product/p0491,P0491
E0005569,S001411,U0069,2026-01-21T15:30:27Z,page_view,/search,
E0005573,S001411,U0069,2026-01-21T15:31:06Z,page_view,/category/shoes,
E0005571,S001411,U0069,2026-01-21T15:32:04Z,add_to_cart,/product/p0491,P0491
E0005572,S001411,U0069,2026-01-21T15:35:58Z,page_view,/category/electronics,
E0004498,S001148,U0029,2026-01-21T15:57:26Z,page_view,/,
E0004499,S001148,U0029,2026-01-21T15:57:37Z,page_view,/,
E0004500,S001148,U0029,2026-01-21T15:59:43Z,view_item,/product/p0047,P0047
E0004501,S001148,U0029,2026-01-21T16:00:09Z,page_view,/search,
E0006467,S001637,U0153,2026-01-21T16:12:51Z,page_view,/category/beauty,
E0006468,S001637,U0153,2026-01-21T16:13:58Z,page_view,/category/shoes,
E0007864,S001998,U0011,2026-01-21T18:14:50Z,page_view,/category/electronics,
E0007865,S001998,U0011,2026-01-21T18:15:11Z,page_view,/category/electronics,
E0003609,S000917,U0137,2026-01-21T18:16:08Z,page_view,/,
E0003610,S000917,U0137,2026-01-21T18:16:19Z,page_view,/,
E0007867,S001998,U0011,2026-01-21T18:27:23Z,page_view,/category/beauty,
E0007866,S001998,U0011,2026-01-21T18:28:32Z,page_view,/cart,
E0007868,S001998,U0011,2026-01-21T18:30:03Z,page_view,/search,
E0005897,S001497,U0151,2026-01-21T18:32:04Z,page_view,/category/beauty,
E0005898,S001497,U0151,2026-01-21T18:35:08Z,view_item,/product/p0085,P0085
E0008769,S002223,U0229,2026-01-21T18:58:13Z,page_view,/category/beauty,
E0008770,S002223,U0229,2026-01-21T18:58:35Z,page_view,/category/beauty,
E0008771,S002223,U0229,2026-01-21T18:59:00Z,page_view,/search,
E0008772,S002223,U0229,2026-01-21T19:02:05Z,view_item,/product/p0072,P0072
E0008773,S002223,U0229,2026-01-21T19:03:56Z,add_to_cart,/product/p0072,P0072
E0009043,S002296,U0206,2026-01-21T19:07:55Z,page_view,/category/electronics,
E0009044,S002296,U0206,2026-01-21T19:17:06Z,page_view,/search,
E0009045,S002296,U0206,2026-01-21T19:31:32Z,page_view,/category/beauty,
E0005513,S001399,U0113,2026-01-21T20:23:05Z,page_view,/,
E0005514,S001399,U0113,2026-01-21T20:23:15Z,page_view,/,
E0005515,S001399,U0113,2026-01-21T20:26:10Z,view_item,/product/p0093,P0093
E0006579,S001665,U0047,2026-01-21T20:33:39Z,page_view,/category/home,
E0006581,S001665,U0047,2026-01-21T20:40:44Z,page_view,/cart,
E0006582,S001665,U0047,2026-01-21T20:43:17Z,page_view,/pricing,
E0000224,S000056,U0144,2026-01-21T20:47:11Z,page_view,/,
E0001725,S000447,U0146,2026-01-21T20:47:36Z,page_view,/category/home,
E0006580,S001665,U0047,2026-01-21T20:48:48Z,page_view,/cart,
E0001726,S000447,U0146,2026-01-21T20:49:36Z,view_item,/product/p0182,P0182
E0000225,S000056,U0144,2026-01-21T20:55:05Z,page_view,/category/beauty,
E0000226,S000056,U0144,2026-01-21T20:55:54Z,page_view,/category/home,
E0001728,S000447,U0146,2026-01-21T21:01:47Z,page_view,/category/beauty,
E0001727,S000447,U0146,2026-01-21T21:07:35Z,page_view,/category/beauty,
E0001729,S000447,U0146,2026-01-21T21:14:23Z,page_view,/search,
E0006473,S001640,U0004,2026-01-21T21:39:57Z,page_view,/,
E0006474,S001640,U0004,2026-01-21T21:42:23Z,view_item,/product/p0308,P0308
E0000534,S000137,U0096,2026-01-21T22:01:52Z,page_view,/category/shoes,
E0000535,S000137,U0096,2026-01-21T22:03:08Z,view_item,/product/p0454,P0454
E0000539,S000137,U0096,2026-01-21T22:04:13Z,page_view,/help,
E0000536,S000137,U0096,2026-01-21T22:04:15Z,add_to_cart,/product/p0454,P0454
E0000541,S000137,U0096,2026-01-21T22:04:17Z,page_view,/category/electronics,
E0000538,S000137,U0096,2026-01-21T22:04:20Z,purchase,/thank-you,P0454
E0000540,S000137,U0096,2026-01-21T22:04:39Z,page_view,/category/electronics,
E0000537,S000137,U0096,2026-01-21T22:06:19Z,begin_checkout,/checkout,P0454
E0006672,S001693,U0142,2026-01-21T22:33:54Z,page_view,/category/beauty,
E0007779,S001978,U0245,2026-01-21T23:27:04Z,page_view,/,
E0007780,S001978,U0245,2026-01-21T23:27:36Z,page_view,/search,
E0007781,S001978,U0245,2026-01-21T23:30:14Z,view_item,/product/p0276,P0276
E0007782,S001978,U0245,2026-01-21T23:32:40Z,add_to_cart,/product/p0276,P0276
E0004312,S001100,U0057,2026-01-22T00:10:02Z,page_view,/,
E0004960,S001257,U0196,2026-01-22T00:13:06Z,page_view,/category/shoes,
E0004961,S001257,U0196,2026-01-22T00:13:24Z,page_view,/category/shoes,
E0004962,S001257,U0196,2026-01-22T00:23:42Z,page_view,/pricing,
E0002544,S000653,U0111,2026-01-22T00:38:35Z,page_view,/category/electronics,
E0003956,S001009,U0123,2026-01-22T00:41:57Z,page_view,/category/shoes,
E0003960,S001009,U0123,2026-01-22T00:43:06Z,page_view,/category/home,
E0003957,S001009,U0123,2026-01-22T00:43:25Z,page_view,/search,
E0003959,S001009,U0123,2026-01-22T00:43:27Z,page_view,/category/home,
E0003958,S001009,U0123,2026-01-22T00:44:33Z,view_item,/product/p0306,P0306
E0004428,S001130,U0162,2026-01-22T00:57:59Z,page_view,/search,
E0002545,S000653,U0111,2026-01-22T00:59:05Z,page_view,/help,
E0004429,S001130,U0162,2026-01-22T01:05:24Z,page_view,/pricing,
E0002425,S000624,U0216,2026-01-22T01:33:20Z,page_view,/,
E0002426,S000624,U0216,2026-01-22T01:33:45Z,page_view,/,
E0001509,S000392,U0108,2026-01-22T02:04:18Z,page_view,/category/shoes,
E0001510,S000392,U0108,2026-01-22T02:05:01Z,page_view,/search,
E0001511,S000392,U0108,2026-01-22T02:06:46Z,view_item,/product/p0174,P0174
E0001512,S000392,U0108,2026-01-22T02:08:15Z,add_to_cart,/product/p0174,P0174
E0001515,S000392,U0108,2026-01-22T02:10:41Z,page_view,/category/beauty,
E0001513,S000392,U0108,2026-01-22T02:12:00Z,begin_checkout,/checkout,P0174
E0001514,S000392,U0108,2026-01-22T02:14:07Z,purchase,/thank-you,P0174
E0004666,S001183,U0029,2026-01-22T03:08:27Z,page_view,/category/home,
E0004667,S001183,U0029,2026-01-22T03:08:36Z,page_view,/category/home,
E0004669,S001183,U0029,2026-01-22T03:22:01Z,page_view,/help,
E0004668,S001183,U0029,2026-01-22T03:26:13Z,page_view,/pricing,
E0004670,S001183,U0029,2026-01-22T03:40:01Z,page_view,/category/home,
E0001481,S000387,U0036,2026-01-22T04:18:36Z,page_view,/category/home,
E0001482,S000387,U0036,2026-01-22T04:18:43Z,page_view,/category/home,
E0001485,S000387,U0036,2026-01-22T04:19:24Z,page_view,/,
E0001483,S000387,U0036,2026-01-22T04:19:40Z,page_view,/search,
E0001484,S000387,U0036,2026-01-22T04:21:13Z,view_item,/product/p0393,P0393
E0001486,S000387,U0036,2026-01-22T04:29:25Z,page_view,/category/beauty,
E0009539,S002423,U0143,2026-01-22T04:31:49Z,page_view,/search,
E0009540,S002423,U0143,2026-01-22T04:32:35Z,view_item,/product/p0046,P0046
E0001487,S000387,U0036,2026-01-22T04:33:01Z,page_view,/category/beauty,
E0009546,S002423,U0143,2026-01-22T04:33:18Z,page_view,/,
E0009541,S002423,U0143,2026-01-22T04:33:54Z,add_to_cart,/product/p0046,P0046
E0009542,S002423,U0143,2026-01-22T04:35:29Z,begin_checkout,/checkout,P0046
E0009543,S002423,U0143,2026-01-22T04:37:19Z,purchase,/thank-you,P0046
E0006110,S001551,U0210,2026-01-22T04:38:27Z,page_view,/category/home,
E0006111,S001551,U0210,2026-01-22T04:39:09Z,page_view,/search,
E0006112,S001551,U0210,2026-01-22T04:40:12Z,view_item,/product/p0032,P0032
E0009545,S002423,U0143,2026-01-22T04:46:48Z,page_view,/search,
E0006113,S001551,U0210,2026-01-22T04:47:31Z,page_view,/category/beauty,
E0002391,S000616,U0091,2026-01-22T04:49:41Z,page_view,/search,
E0002392,S000616,U0091,2026-01-22T04:51:24Z,page_view,/search,
E0002393,S000616,U0091,2026-01-22T04:53:12Z,view_item,/product/p0015,P0015
E0002396,S000616,U0091,2026-01-22T04:54:18Z,page_view,/category/shoes,
E0002395,S000616,U0091,2026-01-22T04:56:46Z,page_view,/category/home,
E0002394,S000616,U0091,2026-01-22T04:57:27Z,page_view,/category/home,
E0009544,S002423,U0143,2026-01-22T04:59:13Z,page_view,/category/electronics,
E0007052,S001791,U0082,2026-01-22T06:21:15Z,page_view,/category/home,
E0002032,S000526,U0085,2026-01-22T06:46:08Z,page_view,/,
E0002033,S000526,U0085,2026-01-22T07:04:04Z,page_view,/pricing,
E0003536,S000901,U0152,2026-01-22T08:14:49Z,page_view,/,
E0003541,S000901,U0152,2026-01-22T08:17:14Z,page_view,/category/beauty,
E0003537,S000901,U0152,2026-01-22T08:17:42Z,view_item,/product/p0005,P0005
E0003538,S000901,U0152,2026-01-22T08:18:59Z,add_to_cart,/product/p0005,P0005
E0003539,S000901,U0152,2026-01-22T08:20:06Z,begin_checkout,/checkout,P0005
E0002604,S000671,U0155,2026-01-22T08:22:20Z,page_view,/category/shoes,
E0002605,S000671,U0155,2026-01-22T08:31:43Z,page_view,/,
E0002606,S000671,U0155,2026-01-22T08:32:41Z,page_view,/category/beauty,
E0003540,S000901,U0152,2026-01-22T08:39:08Z,page_view,/pricing,
E0010044,S002560,U0009,2026-01-22T08:41:51Z,page_view,/category/electronics,
E0010045,S002560,U0009,2026-01-22T08:42:14Z,page_view,/category/electronics,
E0008524,S002158,U0096,2026-01-22T08:43:46Z,page_view,/,
E0008525,S002158,U0096,2026-01-22T08:46:43Z,view_item,/product/p0205,P0205
E0008527,S002158,U0096,2026-01-22T08:50:21Z,page_view,/search,
E0003542,S000901,U0152,2026-01-22T08:51:56Z,page_view,/,
E0010046,S002560,U0009,2026-01-22T08:53:16Z,page_view,/category/shoes,
E0008526,S002158,U0096,2026-01-22T09:00:41Z,page_view,/category/beauty,
E0008528,S002158,U0096,2026-01-22T09:02:14Z,page_view,/help,
E0008799,S002232,U0047,2026-01-22T09:15:58Z,page_view,/category/shoes,
E0008800,S002232,U0047,2026-01-22T09:17:35Z,page_view,/search,
E0008801,S002232,U0047,2026-01-22T09:19:39Z,view_item,/product/p0219,P0219
E0008803,S002232,U0047,2026-01-22T09:21:05Z,page_view,/category/shoes,
E0008802,S002232,U0047,2026-01-22T09:21:37Z,page_view,/category/shoes,
E0004131,S001055,U0218,2026-01-22T10:12:45Z,page_view,/,
E0007091,S001803,U0155,2026-01-22T10:36:02Z,page_view,/,
E0007092,S001803,U0155,2026-01-22T10:36:21Z,page_view,/,
E0007093,S001803,U0155,2026-01-22T10:40:28Z,page_view,/category/shoes,
E0001754,S000453,U0159,2026-01-22T12:10:56Z,page_view,/category/shoes,
E0001757,S000453,U0159,2026-01-22T12:12:11Z,page_view,/category/home,
E0001755,S000453,U0159,2026-01-22T12:12:23Z,page_view,/search,
E0001756,S000453,U0159,2026-01-22T12:12:50Z,view_item,/product/p0339,P0339
E0003297,S000843,U0230,2026-01-22T12:19:07Z,page_view,/category/shoes,
E0003298,S000843,U0230,2026-01-22T12:19:29Z,page_view,/category/shoes,
E0003299,S000843,U0230,2026-01-22T12:21:06Z,view_item,/product/p0301,P0301
E0003300,S000843,U0230,2026-01-22T12:30:37Z,page_view,/category/beauty,
E0003301,S000843,U0230,2026-01-22T12:35:16Z,page_view,/category/home,
E0004916,S001249,U0096,2026-01-22T12:48:59Z,page_view,/category/electronics,
E0003809,S000972,U0053,2026-01-22T12:56:21Z,page_view,/category/shoes,
E0003810,S000972,U0053,2026-01-22T12:56:55Z,page_view,/search,
E0003811,S000972,U0053,2026-01-22T12:59:31Z,view_item,/product/p0038,P0038
E0003812,S000972,U0053,2026-01-22T13:09:28Z,page_view,/category/electronics,
E0006114,S001552,U0161,2026-01-22T13:10:29Z,page_view,/,
E0006115,S001552,U0161,2026-01-22T13:11:22Z,page_view,/search,
E0004917,S001249,U0096,2026-01-22T13:13:19Z,page_view,/category/electronics,
E0006116,S001552,U0161,2026-01-22T13:14:16Z,view_item,/product/p0364,P0364
E0009223,S002342,U0175,2026-01-22T13:16:24Z,page_view,/category/electronics,
E0006117,S001552,U0161,2026-01-22T13:17:51Z,page_view,/pricing,
E0009224,S002342,U0175,2026-01-22T13:20:57Z,page_view,/category/beauty,
E0009225,S002342,U0175,2026-01-22T13:22:46Z,page_view,/category/beauty,
E0005525,S001401,U0039,2026-01-22T13:30:06Z,page_view,/category/beauty,
E0005526,S001401,U0039,2026-01-22T13:31:18Z,page_view,/search,
E0005530,S001401,U0039,2026-01-22T13:31:31Z,page_view,/category/home,
E0005532,S001401,U0039,2026-01-22T13:32:02Z,page_view,/category/home,
E0005527,S001401,U0039,2026-01-22T13:32:43Z,view_item,/product/p0102,P0102
E0005531,S001401,U0039,2026-01-22T13:33:15Z,page_view,/help,
E0005528,S001401,U0039,2026-01-22T13:34:04Z,add_to_cart,/product/p0102,P0102
E0005529,S001401,U0039,2026-01-22T13:35:16Z,begin_checkout,/checkout,P0102
E0006422,S001624,U0229,2026-01-22T13:49:11Z,page_view,/category/home,
E0006423,S001624,U0229,2026-01-22T13:50:47Z,page_view,/cart,
E0009775,S002485,U0143,2026-01-22T13:52:17Z,page_view,/,
E0009776,S002485,U0143,2026-01-22T13:53:39Z,page_view,/search,
E0009777,S002485,U0143,2026-01-22T13:53:52Z,view_item,/product/p0241,P0241
E0009778,S002485,U0143,2026-01-22T13:54:40Z,add_to_cart,/product/p0241,P0241
E0002292,S000594,U0057,2026-01-22T14:14:09Z,page_view,/category/shoes,
E0002297,S000594,U0057,2026-01-22T14:17:00Z,page_view,/category/home,
E0002293,S000594,U0057,2026-01-22T14:17:09Z,view_item,/product/p0425,P0425
E0002294,S000594,U0057,2026-01-22T14:18:07Z,add_to_cart,/product/p0425,P0425
E0002299,S000594,U0057,2026-01-22T14:18:35Z,page_view,/cart,
E0006424,S001624,U0229,2026-01-22T14:21:10Z,page_view,/category/home,
E0002295,S000594,U0057,2026-01-22T14:21:27Z,begin_checkout,/checkout,P0425
E0002296,S000594,U0057,2026-01-22T14:22:27Z,purchase,/thank-you,P0425
E0005177,S001319,U0115,2026-01-22T14:23:47Z,page_view,/category/beauty,
E0002298,S000594,U0057,2026-01-22T14:27:01Z,page_view,/category/beauty,
E0005178,S001319,U0115,2026-01-22T14:30:32Z,page_view,/category/shoes,
E0009191,S002335,U0008,2026-01-22T15:29:35Z,page_view,/category/shoes,
E0009192,S002335,U0008,2026-01-22T15:39:01Z,page_view,/search,
E0009193,S002335,U0008,2026-01-22T15:39:21Z,page_view,/help,
E0004115,S001050,U0047,2026-01-22T15:40:18Z,page_view,/category/electronics,
E0000187,S000045,U0013,2026-01-22T15:41:00Z,page_view,/category/shoes,
E0009194,S002335,U0008,2026-01-22T15:41:35Z,page_view,/help,
E0000189,S000045,U0013,2026-01-22T15:43:22Z,page_view,/help,
E0000188,S000045,U0013,2026-01-22T15:47:58Z,page_view,/category/shoes,
E0004116,S001050,U0047,2026-01-22T15:51:20Z,page_view,/category/beauty,
E0000020,S000005,U0161,2026-01-22T15:51:54Z,page_view,/category/home,
E0000021,S000005,U0161,2026-01-22T15:55:17Z,view_item,/product/p0292,P0292
E0004117,S001050,U0047,2026-01-22T15:59:36Z,page_view,/category/shoes,
E0005043,S001282,U0129,2026-01-22T16:18:59Z,page_view,/category/electronics,
E0002119,S000547,U0095,2026-01-22T16:19:24Z,page_view,/,
E0005044,S001282,U0129,2026-01-22T16:22:25Z,view_item,/product/p0216,P0216
E0002949,S000749,U0038,2026-01-22T17:09:59Z,page_view,/category/beauty,
E0002950,S000749,U0038,2026-01-22T17:10:59Z,view_item,/product/p0109,P0109
E0002951,S000749,U0038,2026-01-22T17:12:19Z,add_to_cart,/product/p0109,P0109
E0006348,S001606,U0037,2026-01-22T17:13:21Z,page_view,/category/electronics,
E0002952,S000749,U0038,2026-01-22T17:15:48Z,begin_checkout,/checkout,P0109
E0006349,S001606,U0037,2026-01-22T17:16:29Z,view_item,/product/p0231,P0231
E0006350,S001606,U0037,2026-01-22T17:17:17Z,add_to_cart,/product/p0231,P0231
E0006351,S001606,U0037,2026-01-22T17:29:58Z,page_view,/search,
E0005538,S001403,U0227,2026-01-22T18:16:56Z,page_view,/category/electronics,
E0005539,S001403,U0227,2026-01-22T18:19:31Z,page_view,/category/shoes,
E0005540,S001403,U0227,2026-01-22T18:27:58Z,page_view,/cart,
E0005058,S001286,U0011,2026-01-22T18:42:53Z,page_view,/category/home,
E0008015,S002038,U0103,2026-01-22T18:52:01Z,page_view,/,
E0005060,S001286,U0011,2026-01-22T18:52:32Z,page_view,/category/electronics,
E0008016,S002038,U0103,2026-01-22T18:53:07Z,page_view,/search,
E0008017,S002038,U0103,2026-01-22T18:54:40Z,view_item,/product/p0089,P0089
E0008019,S002038,U0103,2026-01-22T18:54:45Z,page_view,/category/beauty,
E0008018,S002038,U0103,2026-01-22T18:56:00Z,page_view,/pricing,
E0000401,S000101,U0094,2026-01-22T18:59:53Z,page_view,/category/electronics,
E0000402,S000101,U0094,2026-01-22T19:02:13Z,view_item,/product/p0378,P0378
E0004424,S001129,U0219,2026-01-22T19:02:50Z,page_view,/search,
E0000403,S000101,U0094,2026-01-22T19:03:41Z,add_to_cart,/product/p0378,P0378
E0004425,S001129,U0219,2026-01-22T19:05:06Z,page_view,/,
E0005059,S001286,U0011,2026-01-22T19:05:19Z,page_view,/search,
E0001076,S000277,U0036,2026-01-22T19:09:07Z,page_view,/category/electronics,
E0004427,S001129,U0219,2026-01-22T19:09:56Z,page_view,/,
E0004426,S001129,U0219,2026-01-22T19:21:00Z,page_view,/help,
E0005711,S001446,U0229,2026-01-22T19:21:33Z,page_view,/search,
E0005712,S001446,U0229,2026-01-22T19:22:28Z,page_view,/search,
E0005716,S001446,U0229,2026-01-22T19:23:45Z,page_view,/category/electronics,
E0005713,S001446,U0229,2026-01-22T19:24:02Z,view_item,/product/p0500,P0500
E0005714,S001446,U0229,2026-01-22T19:27:38Z,page_view,/category/shoes,
E0005715,S001446,U0229,2026-01-22T19:27:51Z,page_view,/help,
E0002734,S000703,U0047,2026-01-22T21:48:31Z,page_view,/,
E0002735,S000703,U0047,2026-01-22T21:50:51Z,page_view,/category/home,
E0002737,S000703,U0047,2026-01-22T21:51:12Z,page_view,/pricing,
E0002736,S000703,U0047,2026-01-22T21:52:16Z,page_view,/category/beauty,
E0006447,S001631,U0046,2026-01-22T23:41:20Z,page_view,/category/electronics,
E0005983,S001518,U0116,2026-01-22T23:43:02Z,page_view,/search,
E0006449,S001631,U0046,2026-01-22T23:46:00Z,page_view,/cart,
E0006448,S001631,U0046,2026-01-22T23:47:51Z,page_view,/category/shoes,
E0006450,S001631,U0046,2026-01-22T23:53:37Z,page_view,/help,
E0007753,S001971,U0166,2026-01-22T23:58:27Z,page_view,/category/shoes,
E0007754,S001971,U0166,2026-01-23T00:00:33Z,view_item,/product/p0376,P0376
E0007755,S001971,U0166,2026-01-23T00:02:39Z,add_to_cart,/product/p0376,P0376
E0007756,S001971,U0166,2026-01-23T00:04:11Z,begin_checkout,/checkout,P0376
E0004813,S001224,U0032,2026-01-23T01:12:39Z,page_view,/search,
E0004814,S001224,U0032,2026-01-23T01:12:55Z,page_view,/search,
E0004817,S001224,U0032,2026-01-23T01:17:53Z,page_view,/category/electronics,
E0004815,S001224,U0032,2026-01-23T01:18:16Z,page_view,/cart,
E0004816,S001224,U0032,2026-01-23T01:20:36Z,page_view,/category/electronics,
E0004818,S001225,U0178,2026-01-23T01:26:11Z,page_view,/category/shoes,
E0004820,S001225,U0178,2026-01-23T01:26:55Z,view_item,/product/p0255,P0255
E0004819,S001225,U0178,2026-01-23T01:27:57Z,page_view,/search,
E0007744,S001970,U0009,2026-01-23T01:52:06Z,page_view,/,
E0007745,S001970,U0009,2026-01-23T01:52:30Z,page_view,/,
E0007746,S001970,U0009,2026-01-23T01:53:03Z,view_item,/product/p0090,P0090
E0004821,S001225,U0178,2026-01-23T01:53:39Z,page_view,/search,
E0007747,S001970,U0009,2026-01-23T01:54:43Z,add_to_cart,/product/p0090,P0090
E0007748,S001970,U0009,2026-01-23T01:58:42Z,begin_checkout,/checkout,P0090
E0007749,S001970,U0009,2026-01-23T02:00:20Z,purchase,/thank-you,P0090
E0007752,S001970,U0009,2026-01-23T02:01:11Z,page_view,/search,
E0007750,S001970,U0009,2026-01-23T02:03:22Z,page_view,/category/home,
E0007751,S001970,U0009,2026-01-23T02:08:16Z,page_view,/,
E0000933,S000241,U0242,2026-01-23T02:49:23Z,page_view,/category/electronics,
E0000935,S000241,U0242,2026-01-23T02:53:05Z,page_view,/search,
E0000936,S000241,U0242,2026-01-23T02:54:37Z,page_view,/help,
E0001654,S000428,U0134,2026-01-23T02:57:45Z,page_view,/,
E0000934,S000241,U0242,2026-01-23T02:59:05Z,page_view,/category/beauty,
E0001655,S000428,U0134,2026-01-23T03:07:16Z,page_view,/pricing,
E0001956,S000505,U0115,2026-01-23T03:24:58Z,page_view,/category/electronics,
E0001957,S000505,U0115,2026-01-23T03:36:29Z,page_view,/category/home,
E0004540,S001155,U0213,2026-01-23T04:32:04Z,page_view,/category/shoes,
E0004541,S001155,U0213,2026-01-23T04:32:21Z,page_view,/category/shoes,
E0004542,S001155,U0213,2026-01-23T04:33:19Z,page_view,/search,
E0004543,S001155,U0213,2026-01-23T04:33:47Z,view_item,/product/p0145,P0145
E0005688,S001442,U0039,2026-01-23T04:35:10Z,page_view,/category/home,
E0004544,S001155,U0213,2026-01-23T04:35:21Z,add_to_cart,/product/p0145,P0145
E0005689,S001442,U0039,2026-01-23T04:35:24Z,page_view,/category/home,
E0005690,S001442,U0039,2026-01-23T04:37:20Z,view_item,/product/p0270,P0270
E0005691,S001442,U0039,2026-01-23T04:39:56Z,add_to_cart,/product/p0270,P0270
E0005695,S001442,U0039,2026-01-23T04:40:52Z,page_view,/category/beauty,
E0005692,S001442,U0039,2026-01-23T04:42:09Z,begin_checkout,/checkout,P0270
E0005693,S001442,U0039,2026-01-23T04:44:22Z,purchase,/thank-you,P0270
E0004545,S001155,U0213,2026-01-23T04:47:47Z,page_view,/category/home,
E0004546,S001155,U0213,2026-01-23T04:53:40Z,page_view,/category/shoes,
E0005694,S001442,U0039,2026-01-23T04:58:21Z,page_view,/search,
E0005696,S001442,U0039,2026-01-23T05:05:07Z,page_view,/help,
E0009427,S002395,U0068,2026-01-23T05:17:54Z,page_view,/category/electronics,
E0009428,S002395,U0068,2026-01-23T05:18:30Z,page_view,/search,
E0009429,S002395,U0068,2026-01-23T05:19:03Z,view_item,/product/p0123,P0123
E0009430,S002395,U0068,2026-01-23T05:19:29Z,page_view,/search,
E0010010,S002552,U0119,2026-01-23T05:23:09Z,page_view,/,
E0010011,S002552,U0119,2026-01-23T05:25:22Z,page_view,/search,
E0010012,S002552,U0119,2026-01-23T05:32:19Z,page_view,/category/home,
E0005236,S001333,U0004,2026-01-23T05:57:29Z,page_view,/search,
E0005239,S001333,U0004,2026-01-23T05:58:02Z,page_view,/,
E0005238,S001333,U0004,2026-01-23T06:00:29Z,page_view,/cart,
E0005237,S001333,U0004,2026-01-23T06:03:07Z,page_view,/search,
E0001765,S000455,U0117,2026-01-23T07:20:11Z,page_view,/,
E0002240,S000580,U0250,2026-01-23T07:32:28Z,page_view,/,
E0002241,S000580,U0250,2026-01-23T07:34:53Z,page_view,/category/shoes,
E0002242,S000580,U0250,2026-01-23T07:35:09Z,page_view,/category/beauty,
E0002431,S000626,U0030,2026-01-23T07:59:33Z,page_view,/category/home,
E0006700,S001702,U0029,2026-01-23T07:59:47Z,page_view,/,
E0006701,S001702,U0029,2026-01-23T08:00:53Z,page_view,/search,
E0002432,S000626,U0030,2026-01-23T08:01:08Z,view_item,/product/p0375,P0375
E0006703,S001702,U0029,2026-01-23T08:01:35Z,page_view,/category/shoes,
E0006702,S001702,U0029,2026-01-23T08:02:49Z,page_view,/,
E0002433,S000626,U0030,2026-01-23T08:02:54Z,add_to_cart,/product/p0375,P0375
E0005120,S001304,U0250,2026-01-23T08:05:06Z,page_view,/category/shoes,
E0002434,S000626,U0030,2026-01-23T08:05:16Z,begin_checkout,/checkout,P0375
E0002435,S000626,U0030,2026-01-23T08:05:39Z,purchase,/thank-you,P0375
E0005121,S001304,U0250,2026-01-23T08:06:19Z,page_view,/search,
E0005122,S001304,U0250,2026-01-23T08:08:50Z,view_item,/product/p0406,P0406
E0005123,S001304,U0250,2026-01-23T08:11:26Z,add_to_cart,/product/p0406,P0406
E0005124,S001304,U0250,2026-01-23T08:13:25Z,begin_checkout,/checkout,P0406
E0004804,S001221,U0087,2026-01-23T08:32:47Z,page_view,/category/shoes,
E0004806,S001221,U0087,2026-01-23T08:54:55Z,page_view,/category/home,
E0004807,S001221,U0087,2026-01-23T08:58:08Z,page_view,/help,
E0004805,S001221,U0087,2026-01-23T08:59:14Z,page_view,/category/shoes,
E0001075,S000276,U0240,2026-01-23T09:27:01Z,page_view,/,
E0005865,S001488,U0233,2026-01-23T10:17:37Z,page_view,/category/shoes,
E0005866,S001488,U0233,2026-01-23T10:17:42Z,page_view,/category/shoes,
E0005867,S001488,U0233,2026-01-23T10:19:32Z,view_item,/product/p0006,P0006
E0005868,S001488,U0233,2026-01-23T10:23:27Z,page_view,/category/shoes,
E0001289,S000335,U0144,2026-01-23T10:25:10Z,page_view,/,
E0001290,S000335,U0144,2026-01-23T10:25:56Z,page_view,/search,
E0003528,S000898,U0009,2026-01-23T10:27:17Z,page_view,/search,
E0003529,S000898,U0009,2026-01-23T10:28:13Z,page_view,/cart,
E0001291,S000335,U0144,2026-01-23T10:29:09Z,view_item,/product/p0449,P0449
E0001354,S000353,U0239,2026-01-23T10:32:34Z,page_view,/category/beauty,
E0001292,S000335,U0144,2026-01-23T10:34:53Z,page_view,/search,
E0001355,S000353,U0239,2026-01-23T10:35:51Z,view_item,/product/p0268,P0268
E0006935,S001759,U0059,2026-01-23T10:37:27Z,page_view,/category/home,
E0006936,S001759,U0059,2026-01-23T10:38:03Z,page_view,/search,
E0006940,S001759,U0059,2026-01-23T10:38:55Z,page_view,/cart,
E0006938,S001759,U0059,2026-01-23T10:39:21Z,page_view,/cart,
E0006939,S001759,U0059,2026-01-23T10:40:11Z,page_view,/pricing,
E0006937,S001759,U0059,2026-01-23T10:40:32Z,view_item,/product/p0491,P0491
E0001610,S000416,U0131,2026-01-23T10:49:38Z,page_view,/category/home,
E0001357,S000353,U0239,2026-01-23T10:50:27Z,page_view,/help,
E0001611,S000416,U0131,2026-01-23T10:53:54Z,page_view,/,
E0001293,S000335,U0144,2026-01-23T11:02:54Z,page_view,/cart,
E0001356,S000353,U0239,2026-01-23T11:08:45Z,page_view,/category/beauty,
E0009646,S002452,U0198,2026-01-23T11:50:24Z,page_view,/category/home,
E0009647,S002452,U0198,2026-01-23T12:28:02Z,page_view,/search,
E0009138,S002321,U0128,2026-01-23T13:31:01Z,page_view,/search,
E0009139,S002321,U0128,2026-01-23T13:34:46Z,view_item,/product/p0355,P0355
E0009142,S002321,U0128,2026-01-23T13:35:12Z,page_view,/,
E0004259,S001089,U0011,2026-01-23T13:40:48Z,page_view,/category/shoes,
E0004260,S001089,U0011,2026-01-23T13:41:11Z,page_view,/category/shoes,
E0004261,S001089,U0011,2026-01-23T13:41:35Z,page_view,/,
E0009140,S002321,U0128,2026-01-23T14:01:28Z,page_view,/cart,
E0009141,S002321,U0128,2026-01-23T14:02:21Z,page_view,/cart,
E0008098,S002060,U0073,2026-01-23T14:58:21Z,page_view,/category/beauty,
E0008099,S002060,U0073,2026-01-23T14:58:32Z,page_view,/category/beauty,
E0008100,S002060,U0073,2026-01-23T14:59:52Z,page_view,/help,
E0009605,S002441,U0206,2026-01-23T15:08:21Z,page_view,/,
E0009606,S002441,U0206,2026-01-23T15:10:07Z,page_view,/search,
E0009607,S002441,U0206,2026-01-23T15:11:17Z,view_item,/product/p0110,P0110
E0006787,S001724,U0090,2026-01-23T15:18:42Z,page_view,/category/electronics,
E0009608,S002441,U0206,2026-01-23T15:22:42Z,page_view,/category/home,
E0005486,S001391,U0115,2026-01-23T15:29:44Z,page_view,/category/shoes,
E0005487,S001391,U0115,2026-01-23T15:29:55Z,page_view,/category/shoes,
E0009609,S002441,U0206,2026-01-23T15:31:20Z,page_view,/category/electronics,
E0006789,S001724,U0090,2026-01-23T15:38:58Z,page_view,/category/electronics,
E0006788,S001724,U0090,2026-01-23T15:39:40Z,page_view,/category/beauty,
E0005488,S001391,U0115,2026-01-23T15:44:33Z,page_view,/category/electronics,
E0005489,S001391,U0115,2026-01-23T15:45:53Z,page_view,/help,
E0002467,S000634,U0138,2026-01-23T17:19:23Z,page_view,/search,
E0002468,S000634,U0138,2026-01-23T17:35:46Z,page_view,/category/electronics,
E0008704,S002204,U0246,2026-01-23T18:09:58Z,page_view,/,
E0008705,S002204,U0246,2026-01-23T18:35:25Z,page_view,/cart,
E0007476,S001898,U0027,2026-01-23T19:17:16Z,page_view,/category/home,
E0009825,S002501,U0117,2026-01-23T20:05:28Z,page_view,/,
E0009826,S002501,U0117,2026-01-23T20:06:30Z,page_view,/search,
E0009827,S002501,U0117,2026-01-23T20:06:53Z,view_item,/product/p0271,P0271
E0009828,S002501,U0117,2026-01-23T20:20:15Z,page_view,/search,
E0002607,S000672,U0093,2026-01-23T20:48:45Z,page_view,/category/electronics,
E0002609,S000672,U0093,2026-01-23T20:53:15Z,page_view,/cart,
E0002610,S000672,U0093,2026-01-23T21:05:49Z,page_view,/category/shoes,
E0002608,S000672,U0093,2026-01-23T21:09:53Z,page_view,/,
E0004965,S001259,U0165,2026-01-23T21:41:31Z,page_view,/,
E0004966,S001259,U0165,2026-01-23T21:43:47Z,view_item,/product/p0310,P0310
E0004969,S001259,U0165,2026-01-23T21:44:06Z,page_view,/category/home,
E0004967,S001259,U0165,2026-01-23T21:51:15Z,page_view,/help,
E0004968,S001259,U0165,2026-01-23T21:53:58Z,page_view,/category/shoes,
E0008558,S002168,U0164,2026-01-23T21:56:16Z,page_view,/category/shoes,
E0008559,S002168,U0164,2026-01-23T21:56:27Z,page_view,/category/shoes,
E0008560,S002168,U0164,2026-01-23T21:58:59Z,view_item,/product/p0254,P0254
E0008561,S002168,U0164,2026-01-23T21:59:50Z,add_to_cart,/product/p0254,P0254
E0002166,S000559,U0145,2026-01-23T23:08:45Z,page_view,/category/electronics,
E0002167,S000559,U0145,2026-01-23T23:09:06Z,page_view,/category/electronics,
E0002169,S000559,U0145,2026-01-23T23:10:17Z,view_item,/product/p0483,P0483
E0002168,S000559,U0145,2026-01-23T23:10:33Z,page_view,/search,
E0002170,S000559,U0145,2026-01-23T23:18:42Z,page_view,/pricing,
E0009973,S002543,U0054,2026-01-23T23:28:41Z,page_view,/,
E0009974,S002543,U0054,2026-01-23T23:30:45Z,view_item,/product/p0375,P0375
E0009975,S002543,U0054,2026-01-23T23:31:17Z,add_to_cart,/product/p0375,P0375
E0009976,S002543,U0054,2026-01-23T23:32:02Z,begin_checkout,/checkout,P0375
E0009977,S002543,U0054,2026-01-23T23:32:26Z,purchase,/thank-you,P0375
E0000332,S000081,U0170,2026-01-23T23:44:42Z,page_view,/category/shoes,
E0009978,S002543,U0054,2026-01-23T23:50:06Z,page_view,/,
E0009979,S002543,U0054,2026-01-23T23:50:29Z,page_view,/category/beauty,
E0009099,S002310,U0039,2026-01-24T00:12:18Z,page_view,/,
E0009101,S002310,U0039,2026-01-24T00:13:01Z,view_item,/product/p0452,P0452
E0009100,S002310,U0039,2026-01-24T00:13:30Z,page_view,/search,
E0009103,S002310,U0039,2026-01-24T00:13:41Z,page_view,/,
E0000334,S000081,U0170,2026-01-24T00:15:59Z,page_view,/,
E0000333,S000081,U0170,2026-01-24T00:22:04Z,page_view,/search,
E0002204,S000570,U0193,2026-01-24T00:24:24Z,page_view,/category/home,
E0002205,S000570,U0193,2026-01-24T00:25:32Z,view_item,/product/p0202,P0202
E0007899,S002005,U0011,2026-01-24T00:31:00Z,page_view,/category/electronics,
E0009104,S002310,U0039,2026-01-24T00:35:06Z,page_view,/pricing,
E0009102,S002310,U0039,2026-01-24T00:36:40Z,page_view,/pricing,
E0003030,S000768,U0145,2026-01-24T00:45:38Z,page_view,/category/electronics,
E0002206,S000570,U0193,2026-01-24T00:46:55Z,page_view,/category/home,
E0003031,S000768,U0145,2026-01-24T00:48:05Z,view_item,/product/p0354,P0354
E0007901,S002005,U0011,2026-01-24T00:54:09Z,page_view,/help,
E0007900,S002005,U0011,2026-01-24T00:54:11Z,page_view,/pricing,
E0003157,S000803,U0121,2026-01-24T01:22:41Z,page_view,/category/shoes,
E0003160,S000803,U0121,2026-01-24T01:23:59Z,page_view,/cart,
E0003158,S000803,U0121,2026-01-24T01:26:28Z,view_item,/product/p0331,P0331
E0003159,S000803,U0121,2026-01-24T01:28:41Z,page_view,/pricing,
E0008073,S002055,U0195,2026-01-24T01:32:12Z,page_view,/,
E0008074,S002055,U0195,2026-01-24T01:33:35Z,page_view,/search,
E0003437,S000878,U0003,2026-01-24T01:34:21Z,page_view,/,
E0008075,S002055,U0195,2026-01-24T01:35:34Z,view_item,/product/p0439,P0439
E0007739,S001967,U0236,2026-01-24T01:36:00Z,page_view,/search,
E0008076,S002055,U0195,2026-01-24T01:36:40Z,page_view,/cart,
E0007740,S001967,U0236,2026-01-24T01:36:44Z,view_item,/product/p0308,P0308
E0003438,S000878,U0003,2026-01-24T01:38:20Z,view_item,/product/p0461,P0461
E0003440,S000878,U0003,2026-01-24T01:52:23Z,page_view,/cart,
E0003439,S000878,U0003,2026-01-24T01:53:34Z,page_view,/cart,
E0003605,S000916,U0203,2026-01-24T02:19:41Z,page_view,/category/electronics,
E0003607,S000916,U0203,2026-01-24T02:22:28Z,page_view,/search,
E0003606,S000916,U0203,2026-01-24T02:22:47Z,view_item,/product/p0199,P0199
E0003608,S000916,U0203,2026-01-24T02:28:27Z,page_view,/help,
E0004005,S001022,U0015,2026-01-24T05:14:23Z,page_view,/category/home,
E0004006,S001022,U0015,2026-01-24T05:14:28Z,page_view,/category/home,
E0006997,S001776,U0235,2026-01-24T05:27:04Z,page_view,/category/electronics,
E0001193,S000308,U0140,2026-01-24T05:32:32Z,page_view,/,
E0007980,S002026,U0097,2026-01-24T05:39:29Z,page_view,/,
E0007981,S002026,U0097,2026-01-24T05:45:00Z,page_view,/pricing,
E0001194,S000308,U0140,2026-01-24T05:48:29Z,page_view,/cart,
E0007982,S002026,U0097,2026-01-24T05:52:51Z,page_view,/pricing,
E0006835,S001735,U0114,2026-01-24T07:25:52Z,page_view,/,
E0006836,S001735,U0114,2026-01-24T07:35:42Z,page_view,/help,
E0006729,S001708,U0170,2026-01-24T07:51:55Z,page_view,/category/shoes,
E0006731,S001708,U0170,2026-01-24T08:05:17Z,page_view,/category/shoes,
E0006730,S001708,U0170,2026-01-24T08:06:35Z,page_view,/search,
E0001297,S000337,U0039,2026-01-24T08:45:45Z,page_view,/category/electronics,
E0001298,S000337,U0039,2026-01-24T08:48:06Z,view_item,/product/p0081,P0081
E0001808,S000466,U0016,2026-01-24T08:53:05Z,page_view,/category/electronics,
E0001809,S000466,U0016,2026-01-24T08:53:25Z,page_view,/category/electronics,
E0001810,S000466,U0016,2026-01-24T08:53:49Z,view_item,/product/p0058,P0058
E0001811,S000466,U0016,2026-01-24T08:55:46Z,add_to_cart,/product/p0058,P0058
E0001812,S000466,U0016,2026-01-24T08:59:40Z,begin_checkout,/checkout,P0058
E0001813,S000466,U0016,2026-01-24T09:03:34Z,purchase,/thank-you,P0058
E0009591,S002436,U0218,2026-01-24T09:04:29Z,page_view,/search,
E0009530,S002421,U0250,2026-01-24T09:04:51Z,page_view,/category/home,
E0009531,S002421,U0250,2026-01-24T09:05:36Z,page_view,/search,
E0001299,S000337,U0039,2026-01-24T09:06:27Z,page_view,/help,
E0009532,S002421,U0250,2026-01-24T09:07:07Z,view_item,/product/p0470,P0470
E0009533,S002421,U0250,2026-01-24T09:09:29Z,add_to_cart,/product/p0470,P0470
E0009534,S002421,U0250,2026-01-24T09:11:26Z,begin_checkout,/checkout,P0470
E0004455,S001137,U0179,2026-01-24T09:13:20Z,page_view,/,
E0004456,S001137,U0179,2026-01-24T09:14:42Z,page_view,/search,
E0004457,S001137,U0179,2026-01-24T09:16:51Z,view_item,/product/p0424,P0424
E0009592,S002436,U0218,2026-01-24T09:19:17Z,page_view,/search,
E0003189,S000810,U0247,2026-01-24T09:20:16Z,page_view,/category/electronics,
E0003190,S000810,U0247,2026-01-24T09:21:22Z,view_item,/product/p0114,P0114
E0004458,S001137,U0179,2026-01-24T09:22:33Z,page_view,/help,
E0003191,S000810,U0247,2026-01-24T09:24:05Z,add_to_cart,/product/p0114,P0114
E0003192,S000810,U0247,2026-01-24T09:26:19Z,begin_checkout,/checkout,P0114
E0004459,S001137,U0179,2026-01-24T09:36:20Z,page_view,/category/beauty,
E0005160,S001315,U0128,2026-01-24T10:01:52Z,page_view,/,
E0005161,S001315,U0128,2026-01-24T10:02:25Z,page_view,/search,
E0005162,S001315,U0128,2026-01-24T10:02:59Z,view_item,/product/p0196,P0196
E0008682,S002199,U0069,2026-01-24T10:49:09Z,page_view,/category/electronics,
E0008683,S002199,U0069,2026-01-24T10:49:35Z,page_view,/search,
E0008684,S002199,U0069,2026-01-24T10:51:45Z,view_item,/product/p0414,P0414
E0005465,S001385,U0054,2026-01-24T13:37:10Z,page_view,/category/electronics,
E0005468,S001385,U0054,2026-01-24T13:42:04Z,page_view,/category/shoes,
E0007123,S001808,U0223,2026-01-24T13:44:44Z,page_view,/category/electronics,
E0005466,S001385,U0054,2026-01-24T13:44:54Z,page_view,/pricing,
E0007124,S001808,U0223,2026-01-24T13:44:55Z,page_view,/category/electronics,
E0005467,S001385,U0054,2026-01-24T13:45:06Z,page_view,/pricing,
E0007125,S001808,U0223,2026-01-24T13:46:15Z,view_item,/product/p0365,P0365
E0002465,S000633,U0132,2026-01-24T14:21:12Z,page_view,/category/electronics,
E0006434,S001628,U0039,2026-01-24T14:22:50Z,page_view,/category/electronics,
E0002466,S000633,U0132,2026-01-24T14:24:00Z,view_item,/product/p0215,P0215
E0006435,S001628,U0039,2026-01-24T14:24:21Z,page_view,/search,
E0006436,S001628,U0039,2026-01-24T14:26:48Z,view_item,/product/p0261,P0261
E0006504,S001649,U0237,2026-01-24T14:54:16Z,page_view,/category/beauty,
E0006505,S001649,U0237,2026-01-24T14:54:31Z,page_view,/category/beauty,
E0006506,S001649,U0237,2026-01-24T14:56:21Z,view_item,/product/p0092,P0092
E0006507,S001649,U0237,2026-01-24T14:56:51Z,page_view,/,
E0009292,S002360,U0219,2026-01-24T15:08:56Z,page_view,/category/beauty,
E0009293,S002360,U0219,2026-01-24T15:09:10Z,page_view,/category/beauty,
E0009294,S002360,U0219,2026-01-24T15:09:21Z,page_view,/search,
E0009295,S002360,U0219,2026-01-24T15:10:38Z,view_item,/product/p0019,P0019
E0009296,S002360,U0219,2026-01-24T15:11:44Z,add_to_cart,/product/p0019,P0019
E0000711,S000182,U0033,2026-01-24T15:33:43Z,page_view,/search,
E0009297,S002360,U0219,2026-01-24T15:37:34Z,page_view,/pricing,
E0009143,S002322,U0126,2026-01-24T15:56:16Z,page_view,/,
E0001618,S000419,U0190,2026-01-24T17:03:55Z,page_view,/category/home,
E0001619,S000419,U0190,2026-01-24T17:07:22Z,view_item,/product/p0308,P0308
E0003225,S000820,U0055,2026-01-24T17:07:59Z,page_view,/category/shoes,
E0003227,S000820,U0055,2026-01-24T17:08:49Z,view_item,/product/p0275,P0275
E0003226,S000820,U0055,2026-01-24T17:09:54Z,page_view,/search,
E0001620,S000419,U0190,2026-01-24T17:15:36Z,page_view,/category/home,
E0001317,S000343,U0142,2026-01-24T19:10:02Z,page_view,/,
E0001318,S000343,U0142,2026-01-24T19:12:18Z,view_item,/product/p0336,P0336
E0001319,S000343,U0142,2026-01-24T19:12:51Z,add_to_cart,/product/p0336,P0336
E0001320,S000343,U0142,2026-01-24T19:14:50Z,begin_checkout,/checkout,P0336
E0001321,S000343,U0142,2026-01-24T19:20:31Z,page_view,/,
E0010212,S002600,U0209,2026-01-24T19:24:35Z,page_view,/,
E0010213,S002600,U0209,2026-01-24T19:24:45Z,page_view,/,
E0010215,S002600,U0209,2026-01-24T19:25:08Z,page_view,/category/shoes,
E0010214,S002600,U0209,2026-01-24T19:26:00Z,page_view,/,
E0001323,S000343,U0142,2026-01-24T19:28:06Z,page_view,/search,
E0001322,S000343,U0142,2026-01-24T19:29:01Z,page_view,/category/electronics,
E0003281,S000838,U0134,2026-01-24T19:55:13Z,page_view,/,
E0007447,S001890,U0116,2026-01-24T19:58:31Z,page_view,/search,
E0007448,S001890,U0116,2026-01-24T19:59:32Z,page_view,/pricing,
E0004367,S001115,U0057,2026-01-24T19:59:59Z,page_view,/,
E0004368,S001115,U0057,2026-01-24T20:00:43Z,view_item,/product/p0493,P0493
E0004369,S001115,U0057,2026-01-24T20:03:38Z,add_to_cart,/product/p0493,P0493
E0000707,S000180,U0039,2026-01-24T20:13:59Z,page_view,/category/electronics,
E0003282,S000838,U0134,2026-01-24T20:34:05Z,page_view,/category/electronics,
E0003149,S000802,U0229,2026-01-24T21:27:19Z,page_view,/category/beauty,
E0003150,S000802,U0229,2026-01-24T21:27:29Z,page_view,/category/beauty,
E0003151,S000802,U0229,2026-01-24T21:28:10Z,page_view,/search,
E0003152,S000802,U0229,2026-01-24T21:30:11Z,view_item,/product/p0243,P0243
E0003153,S000802,U0229,2026-01-24T21:31:09Z,add_to_cart,/product/p0243,P0243
E0003154,S000802,U0229,2026-01-24T21:31:40Z,begin_checkout,/checkout,P0243
E0003155,S000802,U0229,2026-01-24T21:32:16Z,purchase,/thank-you,P0243
E0003156,S000802,U0229,2026-01-24T21:39:47Z,page_view,/category/home,
E0000630,S000160,U0229,2026-01-24T22:27:59Z,page_view,/,
E0000631,S000160,U0229,2026-01-24T22:28:07Z,page_view,/,
E0000632,S000160,U0229,2026-01-24T22:29:34Z,page_view,/search,
E0000633,S000160,U0229,2026-01-24T22:30:16Z,view_item,/product/p0397,P0397
E0001664,S000432,U0160,2026-01-24T22:54:37Z,page_view,/category/electronics,
E0001665,S000432,U0160,2026-01-24T22:54:54Z,page_view,/category/electronics,
E0001666,S000432,U0160,2026-01-24T22:55:41Z,page_view,/search,
E0009560,S002427,U0093,2026-01-24T22:57:02Z,page_view,/search,
E0001667,S000432,U0160,2026-01-24T22:58:01Z,view_item,/product/p0461,P0461
E0001671,S000432,U0160,2026-01-24T22:58:20Z,page_view,/,
E0009562,S002427,U0093,2026-01-24T22:59:13Z,page_view,/help,
E0001668,S000432,U0160,2026-01-24T23:00:19Z,add_to_cart,/product/p0461,P0461
E0001669,S000432,U0160,2026-01-24T23:02:09Z,begin_checkout,/checkout,P0461
E0001670,S000432,U0160,2026-01-24T23:03:12Z,purchase,/thank-you,P0461
E0001672,S000432,U0160,2026-01-24T23:03:36Z,page_view,/category/electronics,
E0001673,S000432,U0160,2026-01-24T23:10:39Z,page_view,/category/electronics,
E0009561,S002427,U0093,2026-01-24T23:28:33Z,page_view,/category/home,
E0005565,S001410,U0150,2026-01-25T00:08:02Z,page_view,/search,
E0005566,S001410,U0150,2026-01-25T00:09:33Z,page_view,/search,
E0005955,S001512,U0059,2026-01-25T01:05:40Z,page_view,/,
E0005956,S001512,U0059,2026-01-25T01:06:00Z,page_view,/,
E0005957,S001512,U0059,2026-01-25T01:06:28Z,page_view,/search,
E0005958,S001512,U0059,2026-01-25T01:06:38Z,view_item,/product/p0364,P0364
E0005961,S001512,U0059,2026-01-25T01:09:46Z,page_view,/help,
E0005959,S001512,U0059,2026-01-25T01:17:14Z,page_view,/search,
E0005960,S001512,U0059,2026-01-25T01:20:16Z,page_view,/help,
E0007023,S001782,U0023,2026-01-25T02:33:47Z,page_view,/search,
E0009917,S002527,U0039,2026-01-25T02:37:00Z,page_view,/,
E0009918,S002527,U0039,2026-01-25T02:37:06Z,page_view,/,
E0007024,S001782,U0023,2026-01-25T02:37:31Z,view_item,/product/p0244,P0244
E0009919,S002527,U0039,2026-01-25T02:56:18Z,page_view,/pricing,
E0003289,S000841,U0094,2026-01-25T02:59:10Z,page_view,/category/beauty,
E0003291,S000841,U0094,2026-01-25T03:00:08Z,view_item,/product/p0194,P0194
E0003290,S000841,U0094,2026-01-25T03:00:50Z,page_view,/search,
E0003292,S000841,U0094,2026-01-25T03:00:58Z,page_view,/category/home,
E0009719,S002472,U0242,2026-01-25T03:13:19Z,page_view,/category/beauty,
E0009720,S002472,U0242,2026-01-25T03:14:49Z,page_view,/search,
E0009721,S002472,U0242,2026-01-25T03:16:39Z,view_item,/product/p0331,P0331
E0009723,S002472,U0242,2026-01-25T03:21:31Z,page_view,/search,
E0009722,S002472,U0242,2026-01-25T03:29:54Z,page_view,/help,
E0000206,S000052,U0020,2026-01-25T03:45:45Z,page_view,/category/electronics,
E0000207,S000052,U0020,2026-01-25T03:49:39Z,view_item,/product/p0267,P0267
E0000210,S000052,U0020,2026-01-25T03:49:43Z,page_view,/category/electronics,
E0000208,S000052,U0020,2026-01-25T03:51:53Z,add_to_cart,/product/p0267,P0267
E0000211,S000052,U0020,2026-01-25T03:52:23Z,page_view,/help,
E0000209,S000052,U0020,2026-01-25T03:53:34Z,begin_checkout,/checkout,P0267
E0000346,S000086,U0188,2026-01-25T04:13:32Z,page_view,/,
E0000347,S000086,U0188,2026-01-25T04:26:36Z,page_view,/category/home,
E0004608,S001168,U0104,2026-01-25T06:31:06Z,page_view,/,
E0004609,S001168,U0104,2026-01-25T06:31:21Z,page_view,/,
E0004610,S001168,U0104,2026-01-25T06:50:45Z,page_view,/category/shoes,
E0001000,S000257,U0245,2026-01-25T08:13:03Z,page_view,/category/beauty,
E0009015,S002289,U0229,2026-01-25T08:15:43Z,page_view,/category/home,
E0009016,S002289,U0229,2026-01-25T08:15:55Z,page_view,/category/home,
E0009017,S002289,U0229,2026-01-25T08:17:30Z,page_view,/search,
E0001002,S000257,U0245,2026-01-25T08:17:58Z,page_view,/help,
E0009018,S002289,U0229,2026-01-25T08:18:03Z,view_item,/product/p0493,P0493
E0001001,S000257,U0245,2026-01-25T08:28:45Z,page_view,/category/home,
E0009019,S002289,U0229,2026-01-25T08:31:56Z,page_view,/,
E0009575,S002432,U0241,2026-01-25T10:23:22Z,page_view,/category/beauty,
E0007322,S001861,U0204,2026-01-25T10:23:25Z,page_view,/category/beauty,
E0009576,S002432,U0241,2026-01-25T10:23:38Z,page_view,/category/beauty,
E0007324,S001861,U0204,2026-01-25T10:24:42Z,view_item,/product/p0188,P0188
E0007323,S001861,U0204,2026-01-25T10:25:11Z,page_view,/search,
E0009578,S002432,U0241,2026-01-25T10:25:18Z,page_view,/pricing,
E0009577,S002432,U0241,2026-01-25T10:25:51Z,view_item,/product/p0314,P0314
E0007325,S001861,U0204,2026-01-25T10:25:58Z,page_view,/category/beauty,
E0009579,S002432,U0241,2026-01-25T10:31:15Z,page_view,/,
E0009232,S002345,U0055,2026-01-25T10:39:37Z,page_view,/category/shoes,
E0009233,S002345,U0055,2026-01-25T10:40:31Z,page_view,/search,
E0009234,S002345,U0055,2026-01-25T10:41:45Z,view_item,/product/p0275,P0275
E0009235,S002345,U0055,2026-01-25T10:47:32Z,page_view,/pricing,
E0007341,S001865,U0033,2026-01-25T12:14:36Z,page_view,/,
E0007342,S001865,U0033,2026-01-25T12:16:22Z,page_view,/search,
E0007343,S001865,U0033,2026-01-25T12:17:15Z,view_item,/product/p0300,P0300
E0007345,S001865,U0033,2026-01-25T12:19:51Z,page_view,/,
E0000578,S000148,U0231,2026-01-25T12:32:49Z,page_view,/category/electronics,
E0007344,S001865,U0033,2026-01-25T12:38:39Z,page_view,/cart,
E0007346,S001865,U0033,2026-01-25T12:46:19Z,page_view,/category/electronics,
E0009904,S002522,U0203,2026-01-25T13:11:54Z,page_view,/search,
E0009905,S002522,U0203,2026-01-25T13:13:38Z,page_view,/search,
E0009906,S002522,U0203,2026-01-25T13:14:01Z,view_item,/product/p0405,P0405
E0002791,S000715,U0036,2026-01-25T13:18:28Z,page_view,/category/electronics,
E0002792,S000715,U0036,2026-01-25T13:19:58Z,page_view,/category/shoes,
E0009912,S002524,U0095,2026-01-25T13:23:24Z,page_view,/category/shoes,
E0009913,S002524,U0095,2026-01-25T13:24:59Z,view_item,/product/p0073,P0073
E0006051,S001535,U0037,2026-01-25T13:50:52Z,page_view,/,
E0006052,S001535,U0037,2026-01-25T13:51:13Z,page_view,/search,
E0006053,S001535,U0037,2026-01-25T13:52:07Z,view_item,/product/p0002,P0002
E0007421,S001884,U0039,2026-01-25T15:21:50Z,page_view,/,
E0007424,S001884,U0039,2026-01-25T15:37:30Z,page_view,/cart,
E0002973,S000756,U0229,2026-01-25T15:41:29Z,page_view,/category/electronics,
E0007422,S001884,U0039,2026-01-25T15:52:38Z,page_view,/category/electronics,
E0002974,S000756,U0229,2026-01-25T15:55:25Z,page_view,/cart,
E0007423,S001884,U0039,2026-01-25T15:59:41Z,page_view,/category/shoes,
E0002975,S000756,U0229,2026-01-25T16:02:15Z,page_view,/category/electronics,
E0003831,S000977,U0179,2026-01-25T16:05:26Z,page_view,/category/home,
E0002976,S000756,U0229,2026-01-25T16:05:47Z,page_view,/search,
E0003832,S000977,U0179,2026-01-25T16:05:48Z,page_view,/category/home,
E0006519,S001653,U0226,2026-01-25T16:42:29Z,page_view,/category/electronics,
E0006520,S001653,U0226,2026-01-25T16:43:29Z,page_view,/search,
E0006521,S001653,U0226,2026-01-25T16:44:03Z,view_item,/product/p0265,P0265
E0006525,S001653,U0226,2026-01-25T16:44:09Z,page_view,/help,
E0006522,S001653,U0226,2026-01-25T16:44:15Z,add_to_cart,/product/p0265,P0265
E0006527,S001653,U0226,2026-01-25T16:45:00Z,page_view,/pricing,
E0006523,S001653,U0226,2026-01-25T16:46:59Z,begin_checkout,/checkout,P0265
E0006526,S001653,U0226,2026-01-25T16:47:44Z,page_view,/category/beauty,
E0006524,S001653,U0226,2026-01-25T16:49:03Z,purchase,/thank-you,P0265
E0008112,S002064,U0041,2026-01-25T17:17:53Z,page_view,/search,
E0008113,S002064,U0041,2026-01-25T17:18:07Z,page_view,/search,
E0010182,S002592,U0175,2026-01-25T17:18:25Z,page_view,/category/shoes,
E0010185,S002592,U0175,2026-01-25T17:23:22Z,page_view,/,
E0010183,S002592,U0175,2026-01-25T17:25:31Z,page_view,/category/electronics,
E0010184,S002592,U0175,2026-01-25T17:29:30Z,page_view,/category/home,
E0002627,S000677,U0051,2026-01-25T17:43:15Z,page_view,/category/home,
E0004266,S001091,U0001,2026-01-25T18:17:13Z,page_view,/category/shoes,
E0004267,S001091,U0001,2026-01-25T18:17:29Z,page_view,/category/shoes,
E0004268,S001091,U0001,2026-01-25T18:19:49Z,page_view,/category/electronics,
E0001781,S000460,U0215,2026-01-25T18:25:41Z,page_view,/,
E0005383,S001366,U0219,2026-01-25T19:32:13Z,page_view,/category/shoes,
E0005384,S001366,U0219,2026-01-25T19:38:43Z,page_view,/category/shoes,
E0005385,S001366,U0219,2026-01-25T19:40:39Z,page_view,/help,
E0002322,S000600,U0229,2026-01-25T20:56:20Z,page_view,/,
E0002323,S000600,U0229,2026-01-25T21:00:17Z,view_item,/product/p0200,P0200
E0002324,S000600,U0229,2026-01-25T21:01:03Z,add_to_cart,/product/p0200,P0200
E0002325,S000600,U0229,2026-01-25T21:04:37Z,begin_checkout,/checkout,P0200
E0002326,S000600,U0229,2026-01-25T21:04:57Z,purchase,/thank-you,P0200
E0002327,S000600,U0229,2026-01-25T21:09:09Z,page_view,/pricing,
E0001678,S000435,U0047,2026-01-25T21:19:02Z,page_view,/category/electronics,
E0001679,S000435,U0047,2026-01-25T21:19:08Z,page_view,/category/electronics,
E0001680,S000435,U0047,2026-01-25T21:21:51Z,view_item,/product/p0051,P0051
E0001681,S000435,U0047,2026-01-25T21:24:22Z,add_to_cart,/product/p0051,P0051
E0002328,S000600,U0229,2026-01-25T21:25:09Z,page_view,/category/beauty,
E0000128,S000031,U0161,2026-01-25T21:33:10Z,page_view,/search,
E0002212,S000572,U0232,2026-01-25T21:42:56Z,page_view,/category/electronics,
E0002213,S000572,U0232,2026-01-25T21:43:17Z,page_view,/category/electronics,
E0002214,S000572,U0232,2026-01-25T21:43:42Z,view_item,/product/p0267,P0267
E0002215,S000572,U0232,2026-01-25T21:44:33Z,page_view,/help,
E0000120,S000029,U0017,2026-01-25T21:57:14Z,page_view,/,
E0000121,S000029,U0017,2026-01-25T21:57:35Z,page_view,/,
E0000051,S000014,U0067,2026-01-25T21:57:41Z,page_view,/,
E0000123,S000029,U0017,2026-01-25T21:58:37Z,page_view,/category/electronics,
E0000052,S000014,U0067,2026-01-25T21:59:21Z,page_view,/search,
E0000053,S000014,U0067,2026-01-25T22:00:38Z,view_item,/product/p0446,P0446
E0000054,S000014,U0067,2026-01-25T22:01:05Z,add_to_cart,/product/p0446,P0446
E0000124,S000029,U0017,2026-01-25T22:05:38Z,page_view,/pricing,
E0000122,S000029,U0017,2026-01-25T22:07:39Z,page_view,/cart,
E0000055,S000014,U0067,2026-01-25T22:32:14Z,page_view,/,
E0002157,S000557,U0202,2026-01-25T23:03:19Z,page_view,/category/beauty,
E0002158,S000557,U0202,2026-01-25T23:07:05Z,view_item,/product/p0098,P0098
E0002160,S000557,U0202,2026-01-25T23:10:49Z,page_view,/search,
E0002159,S000557,U0202,2026-01-25T23:11:45Z,page_view,/help,
E0003696,S000941,U0123,2026-01-25T23:24:40Z,page_view,/,
E0003697,S000941,U0123,2026-01-25T23:25:02Z,page_view,/search,
E0003698,S000941,U0123,2026-01-25T23:27:44Z,view_item,/product/p0361,P0361
E0003699,S000941,U0123,2026-01-25T23:37:27Z,page_view,/category/home,
E0003700,S000941,U0123,2026-01-25T23:40:35Z,page_view,/category/home,
E0003918,S000999,U0097,2026-01-25T23:45:21Z,page_view,/,
E0003920,S000999,U0097,2026-01-25T23:47:09Z,view_item,/product/p0450,P0450
E0003919,S000999,U0097,2026-01-25T23:47:17Z,page_view,/search,
E0003921,S000999,U0097,2026-01-25T23:49:08Z,add_to_cart,/product/p0450,P0450
E0007429,S001886,U0119,2026-01-25T23:49:48Z,page_view,/category/shoes,
E0007431,S001886,U0119,2026-01-25T23:51:30Z,page_view,/help,
E0003922,S000999,U0097,2026-01-25T23:52:10Z,begin_checkout,/checkout,P0450
E0003923,S000999,U0097,2026-01-25T23:55:39Z,purchase,/thank-you,P0450
E0007430,S001886,U0119,2026-01-25T23:56:49Z,page_view,/category/shoes,
E0003924,S000999,U0097,2026-01-25T23:59:25Z,page_view,/category/electronics,
E0004784,S001214,U0010,2026-01-26T00:14:53Z,page_view,/category/shoes,
E0004785,S001214,U0010,2026-01-26T00:16:35Z,view_item,/product/p0235,P0235
E0004786,S001214,U0010,2026-01-26T00:19:10Z,page_view,/category/home,
E0000453,S000113,U0147,2026-01-26T00:23:25Z,page_view,/category/electronics,
E0000454,S000113,U0147,2026-01-26T00:25:09Z,page_view,/search,
E0000455,S000113,U0147,2026-01-26T00:25:28Z,page_view,/cart,
E0008320,S002110,U0119,2026-01-26T00:25:52Z,page_view,/category/shoes,
E0008322,S002110,U0119,2026-01-26T00:26:42Z,view_item,/product/p0010,P0010
E0008321,S002110,U0119,2026-01-26T00:27:41Z,page_view,/search,
E0008323,S002110,U0119,2026-01-26T00:28:56Z,add_to_cart,/product/p0010,P0010
E0008324,S002110,U0119,2026-01-26T00:32:06Z,begin_checkout,/checkout,P0010
E0008325,S002110,U0119,2026-01-26T00:33:06Z,purchase,/thank-you,P0010
E0005068,S001291,U0119,2026-01-26T01:43:59Z,page_view,/,
E0005069,S001291,U0119,2026-01-26T01:44:07Z,page_view,/,
E0005070,S001291,U0119,2026-01-26T01:55:57Z,page_view,/category/home,
E0003380,S000863,U0020,2026-01-26T01:58:14Z,page_view,/category/shoes,
E0003381,S000863,U0020,2026-01-26T01:58:35Z,page_view,/search,
E0003382,S000863,U0020,2026-01-26T02:00:27Z,view_item,/product/p0414,P0414
E0003385,S000863,U0020,2026-01-26T02:01:46Z,page_view,/search,
E0003384,S000863,U0020,2026-01-26T02:03:48Z,page_view,/category/electronics,
E0003383,S000863,U0020,2026-01-26T02:17:21Z,page_view,/,
E0000698,S000176,U0218,2026-01-26T02:46:16Z,page_view,/search,
E0000699,S000176,U0218,2026-01-26T03:01:52Z,page_view,/category/shoes,
E0002139,S000553,U0229,2026-01-26T04:09:02Z,page_view,/,
E0002141,S000553,U0229,2026-01-26T04:25:05Z,page_view,/help,
E0002140,S000553,U0229,2026-01-26T04:31:17Z,page_view,/pricing,
E0008263,S002096,U0087,2026-01-26T04:56:23Z,page_view,/category/electronics,
E0008264,S002096,U0087,2026-01-26T04:57:39Z,page_view,/search,
E0008265,S002096,U0087,2026-01-26T05:00:17Z,view_item,/product/p0403,P0403
E0008266,S002096,U0087,2026-01-26T05:01:58Z,add_to_cart,/product/p0403,P0403
E0008268,S002096,U0087,2026-01-26T05:03:27Z,page_view,/help,
E0008267,S002096,U0087,2026-01-26T05:04:34Z,begin_checkout,/checkout,P0403
E0001375,S000359,U0145,2026-01-26T05:53:05Z,page_view,/,
E0001376,S000359,U0145,2026-01-26T05:54:17Z,view_item,/product/p0135,P0135
E0001378,S000359,U0145,2026-01-26T06:12:51Z,page_view,/pricing,
E0001377,S000359,U0145,2026-01-26T06:16:28Z,page_view,/search,
E0001379,S000359,U0145,2026-01-26T06:26:15Z,page_view,/,
E0000833,S000213,U0219,2026-01-26T07:07:09Z,page_view,/,
E0000834,S000213,U0219,2026-01-26T07:07:15Z,page_view,/,
E0000835,S000213,U0219,2026-01-26T07:07:41Z,page_view,/search,
E0000836,S000213,U0219,2026-01-26T07:09:35Z,view_item,/product/p0009,P0009
E0000837,S000213,U0219,2026-01-26T07:18:52Z,page_view,/help,
E0000838,S000213,U0219,2026-01-26T07:33:46Z,page_view,/search,
E0007219,S001838,U0219,2026-01-26T10:00:56Z,page_view,/category/home,
E0007220,S001838,U0219,2026-01-26T10:01:09Z,page_view,/category/home,
E0007221,S001838,U0219,2026-01-26T10:03:42Z,view_item,/product/p0195,P0195
E0002151,S000556,U0202,2026-01-26T10:13:17Z,page_view,/category/electronics,
E0002152,S000556,U0202,2026-01-26T10:13:35Z,page_view,/category/electronics,
E0002153,S000556,U0202,2026-01-26T10:14:26Z,page_view,/search,
E0002154,S000556,U0202,2026-01-26T10:15:55Z,view_item,/product/p0232,P0232
E0007223,S001838,U0219,2026-01-26T10:18:56Z,page_view,/category/electronics,
E0007222,S001838,U0219,2026-01-26T10:22:24Z,page_view,/category/home,
E0004710,S001195,U0175,2026-01-26T10:26:28Z,page_view,/category/shoes,
E0004711,S001195,U0175,2026-01-26T10:27:33Z,page_view,/search,
E0002156,S000556,U0202,2026-01-26T10:27:42Z,page_view,/category/electronics,
E0004716,S001195,U0175,2026-01-26T10:28:14Z,page_view,/category/shoes,
E0004712,S001195,U0175,2026-01-26T10:29:33Z,view_item,/product/p0407,P0407
E0004713,S001195,U0175,2026-01-26T10:31:30Z,add_to_cart,/product/p0407,P0407
E0004714,S001195,U0175,2026-01-26T10:33:27Z,begin_checkout,/checkout,P0407
E0004715,S001195,U0175,2026-01-26T10:36:21Z,purchase,/thank-you,P0407
E0002155,S000556,U0202,2026-01-26T10:36:48Z,page_view,/,
E0002554,S000656,U0183,2026-01-26T10:51:28Z,page_view,/category/home,
E0002555,S000656,U0183,2026-01-26T10:54:48Z,view_item,/product/p0199,P0199
E0006394,S001616,U0121,2026-01-26T11:05:27Z,page_view,/category/home,
E0006395,S001616,U0121,2026-01-26T11:07:52Z,view_item,/product/p0236,P0236
E0006396,S001616,U0121,2026-01-26T11:09:15Z,page_view,/search,
E0000613,S000156,U0076,2026-01-26T11:42:02Z,page_view,/category/electronics,
E0000614,S000156,U0076,2026-01-26T11:42:35Z,page_view,/search,
E0000615,S000156,U0076,2026-01-26T11:42:58Z,view_item,/product/p0145,P0145
E0000616,S000156,U0076,2026-01-26T11:43:10Z,add_to_cart,/product/p0145,P0145
E0000617,S000156,U0076,2026-01-26T11:44:31Z,page_view,/pricing,
E0000618,S000156,U0076,2026-01-26T11:47:37Z,page_view,/cart,
E0002174,S000561,U0078,2026-01-26T12:00:19Z,page_view,/category/home,
E0004963,S001258,U0244,2026-01-26T12:01:12Z,page_view,/search,
E0004964,S001258,U0244,2026-01-26T12:04:23Z,view_item,/product/p0194,P0194
E0002175,S000561,U0078,2026-01-26T12:11:51Z,page_view,/search,
E0003778,S000965,U0153,2026-01-26T12:21:08Z,page_view,/category/electronics,
E0002176,S000561,U0078,2026-01-26T12:21:54Z,page_view,/pricing,
E0003779,S000965,U0153,2026-01-26T12:23:22Z,page_view,/pricing,
E0002177,S000561,U0078,2026-01-26T12:27:07Z,page_view,/pricing,
E0005792,S001469,U0216,2026-01-26T12:36:15Z,page_view,/category/shoes,
E0005793,S001469,U0216,2026-01-26T12:37:10Z,view_item,/product/p0061,P0061
E0005797,S001469,U0216,2026-01-26T12:38:51Z,page_view,/category/beauty,
E0005794,S001469,U0216,2026-01-26T12:39:43Z,add_to_cart,/product/p0061,P0061
E0005795,S001469,U0216,2026-01-26T12:42:57Z,begin_checkout,/checkout,P0061
E0005798,S001469,U0216,2026-01-26T13:04:37Z,page_view,/category/electronics,
E0005796,S001469,U0216,2026-01-26T13:07:03Z,page_view,/,
E0007506,S001907,U0047,2026-01-26T13:34:09Z,page_view,/category/shoes,
E0007507,S001907,U0047,2026-01-26T13:35:30Z,page_view,/search,
E0007508,S001907,U0047,2026-01-26T13:36:00Z,view_item,/product/p0426,P0426
E0007509,S001907,U0047,2026-01-26T13:55:33Z,page_view,/search,
E0007606,S001933,U0208,2026-01-26T15:03:44Z,page_view,/category/home,
E0007607,S001933,U0208,2026-01-26T15:04:08Z,page_view,/category/home,
E0007609,S001933,U0208,2026-01-26T15:04:26Z,view_item,/product/p0472,P0472
E0010204,S002598,U0119,2026-01-26T15:05:21Z,page_view,/category/home,
E0007608,S001933,U0208,2026-01-26T15:05:24Z,page_view,/search,
E0010205,S002598,U0119,2026-01-26T15:05:33Z,page_view,/category/home,
E0007610,S001933,U0208,2026-01-26T15:06:25Z,add_to_cart,/product/p0472,P0472
E0010206,S002598,U0119,2026-01-26T15:07:15Z,page_view,/search,
E0010207,S002598,U0119,2026-01-26T15:08:15Z,view_item,/product/p0195,P0195
E0010208,S002598,U0119,2026-01-26T15:09:35Z,add_to_cart,/product/p0195,P0195
E0007613,S001933,U0208,2026-01-26T15:18:41Z,page_view,/pricing,
E0007611,S001933,U0208,2026-01-26T15:23:43Z,page_view,/category/electronics,
E0007612,S001933,U0208,2026-01-26T15:26:41Z,page_view,/category/home,
E0004751,S001207,U0129,2026-01-26T16:19:41Z,page_view,/category/electronics,
E0004752,S001207,U0129,2026-01-26T16:19:50Z,page_view,/category/electronics,
E0009273,S002356,U0047,2026-01-26T16:20:20Z,page_view,/,
E0004753,S001207,U0129,2026-01-26T16:20:40Z,page_view,/search,
E0009276,S002356,U0047,2026-01-26T16:21:43Z,page_view,/help,
E0004754,S001207,U0129,2026-01-26T16:23:17Z,view_item,/product/p0099,P0099
E0009274,S002356,U0047,2026-01-26T16:24:05Z,page_view,/category/shoes,
E0004755,S001207,U0129,2026-01-26T16:24:39Z,add_to_cart,/product/p0099,P0099
E0004756,S001207,U0129,2026-01-26T16:25:58Z,begin_checkout,/checkout,P0099
E0004757,S001207,U0129,2026-01-26T16:27:30Z,purchase,/thank-you,P0099
E0004760,S001207,U0129,2026-01-26T16:28:10Z,page_view,/cart,
E0009275,S002356,U0047,2026-01-26T16:29:14Z,page_view,/,
E0004758,S001207,U0129,2026-01-26T16:55:25Z,page_view,/help,
E0004759,S001207,U0129,2026-01-26T16:59:19Z,page_view,/help,
E0000902,S000232,U0043,2026-01-26T19:21:45Z,page_view,/category/beauty,
E0000905,S000232,U0043,2026-01-26T19:24:10Z,page_view,/cart,
E0000903,S000232,U0043,2026-01-26T19:25:21Z,view_item,/product/p0157,P0157
E0000904,S000232,U0043,2026-01-26T19:26:51Z,add_to_cart,/product/p0157,P0157
E0000503,S000127,U0127,2026-01-26T19:52:44Z,page_view,/category/electronics,
E0001028,S000263,U0164,2026-01-26T19:54:22Z,page_view,/,
E0001029,S000263,U0164,2026-01-26T19:54:39Z,page_view,/,
E0001030,S000263,U0164,2026-01-26T19:56:38Z,view_item,/product/p0430,P0430
E0001031,S000263,U0164,2026-01-26T20:12:10Z,page_view,/help,
E0000288,S000071,U0186,2026-01-26T20:17:06Z,page_view,/search,
E0000289,S000071,U0186,2026-01-26T20:17:11Z,page_view,/search,
E0000290,S000071,U0186,2026-01-26T20:20:39Z,view_item,/product/p0439,P0439
E0000291,S000071,U0186,2026-01-26T20:24:01Z,page_view,/search,
E0002708,S000697,U0218,2026-01-26T20:34:27Z,page_view,/category/shoes,
E0002710,S000697,U0218,2026-01-26T20:35:11Z,view_item,/product/p0162,P0162
E0002709,S000697,U0218,2026-01-26T20:36:23Z,page_view,/search,
E0002711,S000697,U0218,2026-01-26T20:38:04Z,add_to_cart,/product/p0162,P0162
E0002712,S000697,U0218,2026-01-26T20:44:41Z,page_view,/,
E0001529,S000396,U0202,2026-01-26T20:47:10Z,page_view,/search,
E0001530,S000396,U0202,2026-01-26T20:48:10Z,view_item,/product/p0197,P0197
E0001532,S000396,U0202,2026-01-26T20:49:21Z,page_view,/help,
E0001531,S000396,U0202,2026-01-26T20:49:46Z,add_to_cart,/product/p0197,P0197
E0001533,S000396,U0202,2026-01-26T20:52:03Z,page_view,/search,
E0003222,S000819,U0152,2026-01-26T20:53:10Z,page_view,/category/shoes,
E0003223,S000819,U0152,2026-01-26T20:54:12Z,page_view,/search,
E0003224,S000819,U0152,2026-01-26T20:55:16Z,view_item,/product/p0123,P0123
E0002713,S000697,U0218,2026-01-26T20:55:45Z,page_view,/category/electronics,
E0002714,S000697,U0218,2026-01-26T21:02:12Z,page_view,/category/shoes,
E0008353,S002116,U0082,2026-01-26T21:16:28Z,page_view,/,
E0008354,S002116,U0082,2026-01-26T21:17:41Z,page_view,/category/electronics,
E0008355,S002116,U0082,2026-01-26T21:23:44Z,page_view,/category/electronics,
E0008356,S002116,U0082,2026-01-26T21:42:07Z,page_view,/help,
E0004298,S001097,U0164,2026-01-26T21:47:08Z,page_view,/category/shoes,
E0004299,S001097,U0164,2026-01-26T21:47:15Z,page_view,/category/shoes,
E0004302,S001097,U0164,2026-01-26T21:49:59Z,page_view,/,
E0004301,S001097,U0164,2026-01-26T22:00:16Z,page_view,/pricing,
E0004300,S001097,U0164,2026-01-26T22:00:17Z,page_view,/category/home,
E0003470,S000885,U0151,2026-01-26T22:11:42Z,page_view,/category/electronics,
E0003474,S000885,U0151,2026-01-26T22:12:34Z,page_view,/cart,
E0003473,S000885,U0151,2026-01-26T22:12:41Z,page_view,/category/beauty,
E0003475,S000885,U0151,2026-01-26T22:12:43Z,page_view,/category/home,
E0003471,S000885,U0151,2026-01-26T22:14:49Z,view_item,/product/p0346,P0346
E0003472,S000885,U0151,2026-01-26T22:15:27Z,add_to_cart,/product/p0346,P0346
E0002201,S000569,U0190,2026-01-26T22:37:24Z,page_view,/search,
E0002203,S000569,U0190,2026-01-26T22:44:02Z,page_view,/,
E0002202,S000569,U0190,2026-01-26T23:01:25Z,page_view,/category/electronics,
E0009170,S002329,U0119,2026-01-26T23:01:35Z,page_view,/category/beauty,
E0009172,S002329,U0119,2026-01-26T23:24:34Z,page_view,/pricing,
E0009171,S002329,U0119,2026-01-26T23:25:16Z,page_view,/cart,
E0001245,S000322,U0111,2026-01-26T23:33:31Z,page_view,/category/shoes,
E0001247,S000322,U0111,2026-01-26T23:49:37Z,page_view,/search,
E0001248,S000322,U0111,2026-01-26T23:52:12Z,page_view,/help,
E0001246,S000322,U0111,2026-01-26T23:59:25Z,page_view,/category/electronics,
E0003251,S000827,U0229,2026-01-27T00:34:40Z,page_view,/search,
E0003252,S000827,U0229,2026-01-27T00:38:39Z,view_item,/product/p0271,P0271
E0003255,S000827,U0229,2026-01-27T00:38:56Z,page_view,/,
E0003253,S000827,U0229,2026-01-27T00:40:05Z,add_to_cart,/product/p0271,P0271
E0003254,S000827,U0229,2026-01-27T00:44:00Z,begin_checkout,/checkout,P0271
E0001401,S000366,U0137,2026-01-27T00:49:53Z,page_view,/category/shoes,
E0001402,S000366,U0137,2026-01-27T00:51:00Z,page_view,/search,
E0001403,S000366,U0137,2026-01-27T00:51:37Z,view_item,/product/p0159,P0159
E0001545,S000399,U0039,2026-01-27T01:13:18Z,page_view,/category/home,
E0001546,S000399,U0039,2026-01-27T01:13:48Z,page_view,/search,
E0001547,S000399,U0039,2026-01-27T01:16:14Z,view_item,/product/p0203,P0203
E0006851,S001739,U0062,2026-01-27T01:16:26Z,page_view,/category/electronics,
E0001548,S000399,U0039,2026-01-27T01:17:01Z,add_to_cart,/product/p0203,P0203
E0001549,S000399,U0039,2026-01-27T01:19:06Z,begin_checkout,/checkout,P0203
E0001551,S000399,U0039,2026-01-27T01:30:49Z,page_view,/pricing,
E0002984,S000759,U0039,2026-01-27T01:44:23Z,page_view,/search,
E0002985,S000759,U0039,2026-01-27T01:45:14Z,page_view,/search,
E0001550,S000399,U0039,2026-01-27T01:45:26Z,page_view,/category/beauty,
E0002986,S000759,U0039,2026-01-27T01:48:13Z,view_item,/product/p0021,P0021
E0002987,S000759,U0039,2026-01-27T01:48:41Z,add_to_cart,/product/p0021,P0021
E0002988,S000759,U0039,2026-01-27T01:59:53Z,page_view,/help,
E0003386,S000864,U0113,2026-01-27T02:35:56Z,page_view,/category/electronics,
E0003387,S000864,U0113,2026-01-27T02:37:06Z,page_view,/search,
E0003389,S000864,U0113,2026-01-27T02:37:46Z,page_view,/category/home,
E0003388,S000864,U0113,2026-01-27T02:39:29Z,view_item,/product/p0346,P0346
E0008939,S002266,U0241,2026-01-27T02:49:04Z,page_view,/category/shoes,
E0008942,S002266,U0241,2026-01-27T02:53:08Z,page_view,/category/beauty,
E0008940,S002266,U0241,2026-01-27T02:58:07Z,page_view,/category/electronics,
E0003390,S000864,U0113,2026-01-27T02:59:38Z,page_view,/category/shoes,
E0008941,S002266,U0241,2026-01-27T03:00:40Z,page_view,/category/shoes,
E0000489,S000123,U0218,2026-01-27T03:13:54Z,page_view,/search,
E0000348,S000087,U0101,2026-01-27T03:28:01Z,page_view,/category/shoes,
E0000349,S000087,U0101,2026-01-27T03:33:52Z,page_view,/category/shoes,
E0000350,S000087,U0101,2026-01-27T03:39:25Z,page_view,/pricing,
E0000351,S000087,U0101,2026-01-27T03:43:26Z,page_view,/category/home,
E0010098,S002574,U0037,2026-01-27T03:58:44Z,page_view,/category/beauty,
E0004588,S001163,U0118,2026-01-27T03:59:46Z,page_view,/category/shoes,
E0010099,S002574,U0037,2026-01-27T04:00:10Z,view_item,/product/p0079,P0079
E0004589,S001163,U0118,2026-01-27T04:00:33Z,page_view,/category/home,
E0010100,S002574,U0037,2026-01-27T04:01:59Z,add_to_cart,/product/p0079,P0079
E0010103,S002574,U0037,2026-01-27T04:02:18Z,page_view,/,
E0004591,S001163,U0118,2026-01-27T04:07:51Z,page_view,/category/beauty,
E0004590,S001163,U0118,2026-01-27T04:09:59Z,page_view,/search,
E0007003,S001778,U0058,2026-01-27T04:15:09Z,page_view,/category/home,
E0007004,S001778,U0058,2026-01-27T04:17:51Z,view_item,/product/p0264,P0264
E0010101,S002574,U0037,2026-01-27T04:18:19Z,page_view,/search,
E0010102,S002574,U0037,2026-01-27T04:22:35Z,page_view,/,
E0007005,S001778,U0058,2026-01-27T04:27:59Z,page_view,/category/home,
E0007006,S001778,U0058,2026-01-27T04:33:13Z,page_view,/search,
E0005721,S001448,U0172,2026-01-27T05:45:09Z,page_view,/category/beauty,
E0005722,S001448,U0172,2026-01-27T05:45:57Z,page_view,/search,
E0005724,S001448,U0172,2026-01-27T05:47:18Z,page_view,/category/beauty,
E0005723,S001448,U0172,2026-01-27T05:47:42Z,view_item,/product/p0087,P0087
E0002003,S000519,U0118,2026-01-27T05:52:25Z,page_view,/category/beauty,
E0005725,S001448,U0172,2026-01-27T05:54:27Z,page_view,/category/beauty,
E0002198,S000568,U0004,2026-01-27T05:56:50Z,page_view,/,
E0004828,S001228,U0008,2026-01-27T05:58:48Z,page_view,/category/shoes,
E0002199,S000568,U0004,2026-01-27T06:12:33Z,page_view,/category/home,
E0002200,S000568,U0004,2026-01-27T06:17:27Z,page_view,/pricing,
E0004891,S001244,U0092,2026-01-27T06:35:02Z,page_view,/category/electronics,
E0004892,S001244,U0092,2026-01-27T06:36:38Z,page_view,/search,
E0004894,S001244,U0092,2026-01-27T06:37:05Z,page_view,/category/beauty,
E0004893,S001244,U0092,2026-01-27T06:37:33Z,view_item,/product/p0467,P0467
E0002207,S000571,U0113,2026-01-27T07:19:14Z,page_view,/search,
E0002208,S000571,U0113,2026-01-27T07:19:30Z,page_view,/search,
E0002209,S000571,U0113,2026-01-27T07:20:32Z,page_view,/category/shoes,
E0002211,S000571,U0113,2026-01-27T07:34:15Z,page_view,/category/home,
E0002210,S000571,U0113,2026-01-27T07:40:08Z,page_view,/category/home,
E0004491,S001146,U0161,2026-01-27T09:16:55Z,page_view,/category/home,
E0004492,S001146,U0161,2026-01-27T09:18:32Z,page_view,/search,
E0004493,S001146,U0161,2026-01-27T09:20:52Z,view_item,/product/p0248,P0248
E0004494,S001146,U0161,2026-01-27T09:22:54Z,add_to_cart,/product/p0248,P0248
E0000172,S000041,U0099,2026-01-27T10:25:46Z,page_view,/category/electronics,
E0000173,S000041,U0099,2026-01-27T10:26:11Z,page_view,/category/electronics,
E0001899,S000488,U0155,2026-01-27T10:56:03Z,page_view,/category/shoes,
E0008497,S002152,U0020,2026-01-27T11:33:35Z,page_view,/,
E0008498,S002152,U0020,2026-01-27T11:34:00Z,page_view,/search,
E0008499,S002152,U0020,2026-01-27T11:35:29Z,view_item,/product/p0482,P0482
E0008500,S002152,U0020,2026-01-27T11:36:59Z,add_to_cart,/product/p0482,P0482
E0008501,S002152,U0020,2026-01-27T11:40:02Z,begin_checkout,/checkout,P0482
E0008504,S002152,U0020,2026-01-27T11:41:56Z,page_view,/,
E0008505,S002152,U0020,2026-01-27T11:42:11Z,page_view,/pricing,
E0008502,S002152,U0020,2026-01-27T11:43:08Z,purchase,/thank-you,P0482
E0008503,S002152,U0020,2026-01-27T11:44:29Z,page_view,/category/electronics,
E0004077,S001040,U0027,2026-01-27T12:17:11Z,page_view,/category/beauty,
E0004078,S001040,U0027,2026-01-27T12:17:59Z,page_view,/cart,
E0004079,S001040,U0027,2026-01-27T12:26:06Z,page_view,/search,
E0000103,S000025,U0155,2026-01-27T12:30:41Z,page_view,/search,
E0000104,S000025,U0155,2026-01-27T12:34:07Z,page_view,/,
E0004240,S001085,U0206,2026-01-27T12:48:56Z,page_view,/category/shoes,
E0005984,S001519,U0167,2026-01-27T12:59:27Z,page_view,/,
E0005985,S001519,U0167,2026-01-27T13:00:32Z,page_view,/search,
E0005986,S001519,U0167,2026-01-27T13:02:17Z,view_item,/product/p0417,P0417
E0005987,S001519,U0167,2026-01-27T13:03:55Z,add_to_cart,/product/p0417,P0417
E0005988,S001519,U0167,2026-01-27T13:04:30Z,begin_checkout,/checkout,P0417
E0004241,S001085,U0206,2026-01-27T13:05:43Z,page_view,/,
E0007985,S002029,U0033,2026-01-27T13:07:56Z,page_view,/search,
E0007986,S002029,U0033,2026-01-27T13:09:42Z,page_view,/search,
E0007987,S002029,U0033,2026-01-27T13:11:32Z,view_item,/product/p0036,P0036
E0007988,S002029,U0033,2026-01-27T13:12:06Z,add_to_cart,/product/p0036,P0036
E0004242,S001085,U0206,2026-01-27T13:22:15Z,page_view,/category/electronics,
E0007989,S002029,U0033,2026-01-27T13:31:43Z,page_view,/category/beauty,
E0009469,S002406,U0141,2026-01-27T14:02:51Z,page_view,/search,
E0009470,S002406,U0141,2026-01-27T14:02:56Z,page_view,/search,
E0009472,S002406,U0141,2026-01-27T14:05:25Z,page_view,/category/home,
E0007160,S001819,U0199,2026-01-27T14:09:16Z,page_view,/,
E0009471,S002406,U0141,2026-01-27T14:10:23Z,page_view,/category/shoes,
E0000856,S000221,U0161,2026-01-27T14:14:20Z,page_view,/category/beauty,
E0003739,S000953,U0039,2026-01-27T14:15:07Z,page_view,/category/beauty,
E0003741,S000953,U0039,2026-01-27T14:15:56Z,page_view,/search,
E0003740,S000953,U0039,2026-01-27T14:16:29Z,view_item,/product/p0422,P0422
E0009473,S002406,U0141,2026-01-27T14:17:51Z,page_view,/cart,
E0001859,S000477,U0090,2026-01-27T14:21:50Z,page_view,/,
E0007161,S001819,U0199,2026-01-27T14:23:53Z,page_view,/cart,
E0001167,S000302,U0086,2026-01-27T14:26:25Z,page_view,/category/beauty,
E0001168,S000302,U0086,2026-01-27T14:26:30Z,page_view,/category/beauty,
E0001169,S000302,U0086,2026-01-27T14:27:37Z,page_view,/search,
E0006776,S001720,U0038,2026-01-27T14:28:48Z,page_view,/category/shoes,
E0001171,S000302,U0086,2026-01-27T14:29:14Z,page_view,/search,
E0001170,S000302,U0086,2026-01-27T14:29:51Z,view_item,/product/p0404,P0404
E0006778,S001720,U0038,2026-01-27T14:30:00Z,view_item,/product/p0233,P0233
E0008660,S002194,U0014,2026-01-27T14:30:06Z,page_view,/,
E0006777,S001720,U0038,2026-01-27T14:30:28Z,page_view,/search,
E0008661,S002194,U0014,2026-01-27T14:30:30Z,page_view,/,
E0008662,S002194,U0014,2026-01-27T14:32:29Z,view_item,/product/p0096,P0096
E0000857,S000221,U0161,2026-01-27T14:34:11Z,page_view,/category/beauty,
E0000570,S000145,U0129,2026-01-27T14:35:10Z,page_view,/search,
E0006779,S001720,U0038,2026-01-27T14:35:23Z,page_view,/help,
E0001172,S000302,U0086,2026-01-27T14:38:03Z,page_view,/help,
E0000858,S000221,U0161,2026-01-27T14:43:39Z,page_view,/category/shoes,
E0008523,S002157,U0179,2026-01-27T15:26:57Z,page_view,/category/electronics,
E0005916,S001503,U0014,2026-01-27T15:28:57Z,page_view,/,
E0000644,S000163,U0029,2026-01-27T15:31:20Z,page_view,/category/electronics,
E0000645,S000163,U0029,2026-01-27T15:31:32Z,page_view,/category/electronics,
E0000646,S000163,U0029,2026-01-27T15:32:39Z,view_item,/product/p0313,P0313
E0000649,S000163,U0029,2026-01-27T15:32:44Z,page_view,/search,
E0000647,S000163,U0029,2026-01-27T15:35:33Z,page_view,/cart,
E0000648,S000163,U0029,2026-01-27T15:59:42Z,page_view,/pricing,
E0001016,S000261,U0157,2026-01-27T17:12:01Z,page_view,/category/electronics,
E0001019,S000261,U0157,2026-01-27T17:12:38Z,page_view,/search,
E0001017,S000261,U0157,2026-01-27T17:13:16Z,view_item,/product/p0465,P0465
E0001020,S000261,U0157,2026-01-27T17:13:16Z,page_view,/help,
E0001018,S000261,U0157,2026-01-27T17:13:46Z,page_view,/help,
E0008514,S002155,U0050,2026-01-27T17:22:51Z,page_view,/category/electronics,
E0008516,S002155,U0050,2026-01-27T17:24:24Z,view_item,/product/p0286,P0286
E0008515,S002155,U0050,2026-01-27T17:24:27Z,page_view,/search,
E0008517,S002155,U0050,2026-01-27T17:26:14Z,add_to_cart,/product/p0286,P0286
E0008518,S002155,U0050,2026-01-27T17:40:17Z,page_view,/,
E0004517,S001151,U0150,2026-01-27T17:47:27Z,page_view,/category/beauty,
E0004518,S001151,U0150,2026-01-27T17:47:44Z,page_view,/category/beauty,
E0004519,S001151,U0150,2026-01-27T17:49:26Z,view_item,/product/p0230,P0230
E0005440,S001380,U0190,2026-01-27T17:54:03Z,page_view,/category/home,
E0005441,S001380,U0190,2026-01-27T17:55:00Z,page_view,/search,
E0005442,S001380,U0190,2026-01-27T17:55:57Z,view_item,/product/p0197,P0197
E0008520,S002155,U0050,2026-01-27T17:59:24Z,page_view,/category/beauty,
E0008519,S002155,U0050,2026-01-27T18:01:34Z,page_view,/,
E0005443,S001380,U0190,2026-01-27T18:13:40Z,page_view,/category/shoes,
E0000277,S000069,U0051,2026-01-27T18:15:35Z,page_view,/category/electronics,
E0000278,S000069,U0051,2026-01-27T18:15:42Z,page_view,/category/electronics,
E0000279,S000069,U0051,2026-01-27T18:16:19Z,page_view,/search,
E0000280,S000069,U0051,2026-01-27T18:19:14Z,view_item,/product/p0145,P0145
E0001197,S000310,U0233,2026-01-27T18:19:21Z,page_view,/category/beauty,
E0000281,S000069,U0051,2026-01-27T18:19:38Z,page_view,/pricing,
E0000282,S000069,U0051,2026-01-27T18:20:47Z,page_view,/cart,
E0005444,S001380,U0190,2026-01-27T18:23:24Z,page_view,/category/electronics,
E0000283,S000069,U0051,2026-01-27T18:27:21Z,page_view,/category/shoes,
E0001199,S000310,U0233,2026-01-27T18:30:37Z,page_view,/help,
E0001198,S000310,U0233,2026-01-27T18:31:34Z,page_view,/category/home,
E0005499,S001395,U0011,2026-01-27T19:21:31Z,page_view,/category/electronics,
E0005500,S001395,U0011,2026-01-27T19:21:37Z,page_view,/category/electronics,
E0005501,S001395,U0011,2026-01-27T19:24:42Z,page_view,/pricing,
E0007315,S001859,U0180,2026-01-27T20:04:30Z,page_view,/search,
E0007316,S001859,U0180,2026-01-27T20:04:49Z,page_view,/search,
E0007317,S001859,U0180,2026-01-27T20:05:12Z,page_view,/search,
E0007318,S001859,U0180,2026-01-27T20:08:24Z,view_item,/product/p0412,P0412
E0007319,S001859,U0180,2026-01-27T20:09:32Z,add_to_cart,/product/p0412,P0412
E0009408,S002390,U0245,2026-01-27T20:41:01Z,page_view,/category/shoes,
E0009409,S002390,U0245,2026-01-27T20:41:46Z,view_item,/product/p0330,P0330
E0003050,S000774,U0067,2026-01-27T21:28:30Z,page_view,/category/home,
E0003051,S000774,U0067,2026-01-27T21:29:40Z,view_item,/product/p0471,P0471
E0003053,S000774,U0067,2026-01-27T21:30:54Z,page_view,/,
E0003052,S000774,U0067,2026-01-27T21:32:53Z,page_view,/category/electronics,
E0003054,S000774,U0067,2026-01-27T21:35:07Z,page_view,/,
E0002469,S000635,U0184,2026-01-27T21:38:37Z,page_view,/,
E0002470,S000635,U0184,2026-01-27T21:38:45Z,page_view,/,
E0002471,S000635,U0184,2026-01-27T21:41:37Z,view_item,/product/p0429,P0429
E0001439,S000378,U0109,2026-01-27T21:47:05Z,page_view,/category/electronics,
E0001440,S000378,U0109,2026-01-27T21:49:30Z,view_item,/product/p0072,P0072
E0001441,S000378,U0109,2026-01-27T21:50:28Z,add_to_cart,/product/p0072,P0072
E0001444,S000378,U0109,2026-01-27T21:51:08Z,page_view,/category/shoes,
E0001442,S000378,U0109,2026-01-27T21:51:34Z,begin_checkout,/checkout,P0072
E0001443,S000378,U0109,2026-01-27T21:53:46Z,purchase,/thank-you,P0072
E0002472,S000635,U0184,2026-01-27T21:54:07Z,page_view,/category/shoes,
E0002474,S000635,U0184,2026-01-27T22:03:08Z,page_view,/,
E0001445,S000378,U0109,2026-01-27T22:04:42Z,page_view,/category/home,
E0002473,S000635,U0184,2026-01-27T22:18:33Z,page_view,/cart,
E0005431,S001378,U0213,2026-01-27T22:32:08Z,page_view,/category/shoes,
E0005432,S001378,U0213,2026-01-27T22:33:16Z,view_item,/product/p0392,P0392
E0005433,S001378,U0213,2026-01-27T22:33:45Z,add_to_cart,/product/p0392,P0392
E0005435,S001378,U0213,2026-01-27T22:36:09Z,page_view,/category/beauty,
E0005436,S001378,U0213,2026-01-27T22:37:22Z,page_view,/search,
E0005434,S001378,U0213,2026-01-27T22:44:02Z,page_view,/cart,
E0002853,S000727,U0218,2026-01-27T23:14:08Z,page_view,/category/beauty,
E0002854,S000727,U0218,2026-01-27T23:14:58Z,view_item,/product/p0395,P0395
E0007449,S001891,U0032,2026-01-27T23:20:18Z,page_view,/category/shoes,
E0007450,S001891,U0032,2026-01-27T23:21:56Z,page_view,/cart,
E0003448,S000880,U0134,2026-01-27T23:28:39Z,page_view,/category/electronics,
E0003449,S000880,U0134,2026-01-27T23:28:47Z,page_view,/category/electronics,
E0003450,S000880,U0134,2026-01-27T23:30:26Z,page_view,/search,
E0003451,S000880,U0134,2026-01-27T23:32:13Z,view_item,/product/p0085,P0085
E0002855,S000727,U0218,2026-01-27T23:33:08Z,page_view,/category/beauty,
E0003452,S000880,U0134,2026-01-27T23:38:22Z,page_view,/category/electronics,
E0002856,S000727,U0218,2026-01-27T23:40:32Z,page_view,/help,
E0003166,S000805,U0181,2026-01-27T23:42:34Z,page_view,/category/home,
E0003167,S000805,U0181,2026-01-27T23:59:35Z,page_view,/,
E0003168,S000805,U0181,2026-01-28T00:00:12Z,page_view,/,
E0004335,S001108,U0149,2026-01-28T00:07:22Z,page_view,/category/shoes,
E0004336,S001108,U0149,2026-01-28T00:09:10Z,view_item,/product/p0365,P0365
E0004337,S001108,U0149,2026-01-28T00:21:45Z,page_view,/category/beauty,
E0004338,S001108,U0149,2026-01-28T00:32:45Z,page_view,/category/beauty,
E0005641,S001429,U0194,2026-01-28T01:00:54Z,page_view,/search,
E0005643,S001429,U0194,2026-01-28T01:20:34Z,page_view,/cart,
E0008179,S002079,U0208,2026-01-28T01:29:51Z,page_view,/category/beauty,
E0005642,S001429,U0194,2026-01-28T01:31:22Z,page_view,/pricing,
E0008180,S002079,U0208,2026-01-28T01:53:46Z,page_view,/cart,
E0005045,S001283,U0047,2026-01-28T01:58:04Z,page_view,/category/home,
E0005046,S001283,U0047,2026-01-28T01:58:32Z,page_view,/search,
E0009212,S002340,U0239,2026-01-28T02:01:39Z,page_view,/category/beauty,
E0005047,S001283,U0047,2026-01-28T02:01:44Z,view_item,/product/p0414,P0414
E0009213,S002340,U0239,2026-01-28T02:02:18Z,page_view,/search,
E0009217,S002340,U0239,2026-01-28T02:02:18Z,page_view,/search,
E0009215,S002340,U0239,2026-01-28T02:02:52Z,page_view,/pricing,
E0009216,S002340,U0239,2026-01-28T02:03:09Z,page_view,/cart,
E0009214,S002340,U0239,2026-01-28T02:03:47Z,view_item,/product/p0440,P0440
E0000218,S000055,U0238,2026-01-28T02:49:37Z,page_view,/category/electronics,
E0000219,S000055,U0238,2026-01-28T02:51:18Z,page_view,/search,
E0000220,S000055,U0238,2026-01-28T02:51:39Z,view_item,/product/p0339,P0339
E0000221,S000055,U0238,2026-01-28T02:53:21Z,add_to_cart,/product/p0339,P0339
E0000223,S000055,U0238,2026-01-28T03:05:22Z,page_view,/search,
E0000222,S000055,U0238,2026-01-28T03:13:21Z,page_view,/category/beauty,
E0008580,S002173,U0115,2026-01-28T03:51:24Z,page_view,/category/electronics,
E0008581,S002173,U0115,2026-01-28T03:51:32Z,page_view,/category/electronics,
E0008582,S002173,U0115,2026-01-28T03:54:48Z,view_item,/product/p0291,P0291
E0008583,S002173,U0115,2026-01-28T04:06:03Z,page_view,/category/home,
E0008584,S002173,U0115,2026-01-28T04:17:42Z,page_view,/pricing,
E0002970,S000755,U0119,2026-01-28T04:21:03Z,page_view,/category/electronics,
E0002971,S000755,U0119,2026-01-28T04:24:10Z,view_item,/product/p0268,P0268
E0002972,S000755,U0119,2026-01-28T04:55:19Z,page_view,/category/beauty,
E0009783,S002487,U0036,2026-01-28T05:31:59Z,page_view,/category/home,
E0009784,S002487,U0036,2026-01-28T05:32:16Z,page_view,/category/home,
E0009787,S002487,U0036,2026-01-28T05:44:07Z,page_view,/category/electronics,
E0009786,S002487,U0036,2026-01-28T05:45:12Z,page_view,/category/electronics,
E0009785,S002487,U0036,2026-01-28T05:46:30Z,page_view,/category/beauty,
E0003267,S000833,U0212,2026-01-28T05:59:35Z,page_view,/category/electronics,
E0003270,S000833,U0212,2026-01-28T06:02:21Z,page_view,/,
E0003269,S000833,U0212,2026-01-28T06:05:05Z,page_view,/category/beauty,
E0003268,S000833,U0212,2026-01-28T06:05:40Z,page_view,/cart,
E0000943,S000243,U0215,2026-01-28T08:14:42Z,page_view,/,
E0000945,S000243,U0215,2026-01-28T08:15:59Z,view_item,/product/p0497,P0497
E0000944,S000243,U0215,2026-01-28T08:16:29Z,page_view,/search,
E0000946,S000243,U0215,2026-01-28T08:33:03Z,page_view,/category/home,
E0007815,S001988,U0021,2026-01-28T09:01:03Z,page_view,/,
E0007816,S001988,U0021,2026-01-28T09:01:28Z,page_view,/,
E0007817,S001988,U0021,2026-01-28T09:01:30Z,page_view,/search,
E0007819,S001988,U0021,2026-01-28T09:02:05Z,page_view,/category/electronics,
E0007818,S001988,U0021,2026-01-28T09:04:55Z,view_item,/product/p0316,P0316
E0000484,S000122,U0229,2026-01-28T09:07:20Z,page_view,/category/home,
E0000485,S000122,U0229,2026-01-28T09:07:42Z,page_view,/category/home,
E0000488,S000122,U0229,2026-01-28T09:11:32Z,page_view,/category/electronics,
E0000487,S000122,U0229,2026-01-28T09:12:39Z,page_view,/pricing,
E0000486,S000122,U0229,2026-01-28T09:18:22Z,page_view,/category/home,
E0008943,S002267,U0120,2026-01-28T09:25:37Z,page_view,/search,
E0008944,S002267,U0120,2026-01-28T09:30:51Z,page_view,/category/beauty,
E0008945,S002267,U0120,2026-01-28T09:31:12Z,page_view,/search,
E0002867,S000730,U0078,2026-01-28T10:02:42Z,page_view,/category/home,
E0002870,S000730,U0078,2026-01-28T10:03:21Z,page_view,/category/home,
E0002868,S000730,U0078,2026-01-28T10:03:36Z,page_view,/,
E0002869,S000730,U0078,2026-01-28T10:03:46Z,page_view,/,
E0007904,S002007,U0179,2026-01-28T10:13:08Z,page_view,/category/beauty,
E0007905,S002007,U0179,2026-01-28T10:15:59Z,view_item,/product/p0224,P0224
E0000780,S000200,U0248,2026-01-28T10:28:56Z,page_view,/category/electronics,
E0000781,S000200,U0248,2026-01-28T10:29:07Z,page_view,/category/electronics,
E0006488,S001644,U0093,2026-01-28T10:31:31Z,page_view,/category/shoes,
E0007906,S002007,U0179,2026-01-28T10:37:12Z,page_view,/cart,
E0007907,S002007,U0179,2026-01-28T10:46:06Z,page_view,/pricing,
E0006543,S001658,U0250,2026-01-28T11:26:29Z,page_view,/category/electronics,
E0006544,S001658,U0250,2026-01-28T11:26:41Z,page_view,/category/electronics,
E0001456,S000381,U0244,2026-01-28T11:56:21Z,page_view,/category/shoes,
E0001462,S000381,U0244,2026-01-28T11:58:55Z,page_view,/pricing,
E0001457,S000381,U0244,2026-01-28T11:59:42Z,view_item,/product/p0060,P0060
E0004703,S001193,U0078,2026-01-28T11:59:59Z,page_view,/category/shoes,
E0001458,S000381,U0244,2026-01-28T12:00:27Z,add_to_cart,/product/p0060,P0060
E0004704,S001193,U0078,2026-01-28T12:00:51Z,page_view,/search,
E0001459,S000381,U0244,2026-01-28T12:02:04Z,begin_checkout,/checkout,P0060
E0001460,S000381,U0244,2026-01-28T12:02:32Z,purchase,/thank-you,P0060
E0004705,S001193,U0078,2026-01-28T12:03:18Z,view_item,/product/p0350,P0350
E0001461,S000381,U0244,2026-01-28T12:09:06Z,page_view,/,
E0005342,S001356,U0076,2026-01-28T12:10:51Z,page_view,/category/electronics,
E0005343,S001356,U0076,2026-01-28T12:11:12Z,page_view,/category/electronics,
E0005344,S001356,U0076,2026-01-28T12:11:18Z,page_view,/search,
E0004706,S001193,U0078,2026-01-28T12:14:25Z,page_view,/help,
E0005345,S001356,U0076,2026-01-28T12:14:29Z,view_item,/product/p0030,P0030
E0005346,S001356,U0076,2026-01-28T12:17:11Z,add_to_cart,/product/p0030,P0030
E0005347,S001356,U0076,2026-01-28T12:20:57Z,begin_checkout,/checkout,P0030
E0009920,S002528,U0141,2026-01-28T12:34:54Z,page_view,/category/electronics,
E0009921,S002528,U0141,2026-01-28T12:36:32Z,page_view,/category/shoes,
E0003055,S000775,U0233,2026-01-28T12:53:31Z,page_view,/category/shoes,
E0003056,S000775,U0233,2026-01-28T12:54:52Z,page_view,/help,
E0009922,S002528,U0141,2026-01-28T13:03:30Z,page_view,/category/home,
E0005064,S001289,U0195,2026-01-28T13:06:23Z,page_view,/category/electronics,
E0005602,S001419,U0227,2026-01-28T13:14:49Z,page_view,/,
E0005603,S001419,U0227,2026-01-28T13:15:09Z,page_view,/,
E0005604,S001419,U0227,2026-01-28T13:16:03Z,page_view,/search,
E0005605,S001419,U0227,2026-01-28T13:16:39Z,view_item,/product/p0370,P0370
E0005606,S001419,U0227,2026-01-28T13:38:29Z,page_view,/help,
E0009669,S002458,U0012,2026-01-28T14:15:20Z,page_view,/category/beauty,
E0009670,S002458,U0012,2026-01-28T14:27:40Z,page_view,/category/electronics,
E0009671,S002458,U0012,2026-01-28T14:29:32Z,page_view,/category/shoes,
E0008885,S002253,U0057,2026-01-28T14:49:47Z,page_view,/category/shoes,
E0008887,S002253,U0057,2026-01-28T14:50:41Z,page_view,/cart,
E0008886,S002253,U0057,2026-01-28T14:50:43Z,view_item,/product/p0143,P0143
E0008889,S002253,U0057,2026-01-28T14:51:00Z,page_view,/category/electronics,
E0008888,S002253,U0057,2026-01-28T14:51:02Z,page_view,/category/home,
E0006680,S001696,U0011,2026-01-28T15:12:51Z,page_view,/category/home,
E0006681,S001696,U0011,2026-01-28T15:16:22Z,view_item,/product/p0245,P0245
E0006682,S001696,U0011,2026-01-28T15:19:03Z,add_to_cart,/product/p0245,P0245
E0006683,S001696,U0011,2026-01-28T15:21:37Z,begin_checkout,/checkout,P0245
E0006684,S001696,U0011,2026-01-28T15:24:00Z,purchase,/thank-you,P0245
E0002220,S000574,U0034,2026-01-28T15:45:44Z,page_view,/category/home,
E0002762,S000708,U0094,2026-01-28T16:16:49Z,page_view,/category/electronics,
E0002763,S000708,U0094,2026-01-28T16:17:12Z,page_view,/category/electronics,
E0002221,S000574,U0034,2026-01-28T16:29:01Z,page_view,/,
E0007869,S001999,U0045,2026-01-28T16:36:15Z,page_view,/search,
E0007870,S001999,U0045,2026-01-28T16:36:26Z,page_view,/search,
E0007872,S001999,U0045,2026-01-28T16:37:27Z,view_item,/product/p0491,P0491
E0007871,S001999,U0045,2026-01-28T16:37:57Z,page_view,/search,
E0007873,S001999,U0045,2026-01-28T16:38:25Z,page_view,/category/home,
E0002764,S000708,U0094,2026-01-28T16:39:02Z,page_view,/search,
E0002765,S000708,U0094,2026-01-28T16:40:10Z,page_view,/pricing,
E0002670,S000688,U0001,2026-01-28T16:42:59Z,page_view,/category/shoes,
E0006247,S001587,U0121,2026-01-28T16:43:20Z,page_view,/category/shoes,
E0006248,S001587,U0121,2026-01-28T16:44:20Z,page_view,/search,
E0008995,S002283,U0026,2026-01-28T16:44:23Z,page_view,/category/shoes,
E0006250,S001587,U0121,2026-01-28T16:46:25Z,page_view,/search,
E0006251,S001587,U0121,2026-01-28T16:46:52Z,page_view,/category/home,
E0006249,S001587,U0121,2026-01-28T16:47:07Z,view_item,/product/p0166,P0166
E0006252,S001587,U0121,2026-01-28T16:48:18Z,page_view,/pricing,
E0008996,S002283,U0026,2026-01-28T16:56:19Z,page_view,/search,
E0002671,S000688,U0001,2026-01-28T16:58:31Z,page_view,/category/beauty,
E0002672,S000688,U0001,2026-01-28T16:59:17Z,page_view,/category/electronics,
E0008997,S002283,U0026,2026-01-28T16:59:17Z,page_view,/search,
E0008998,S002283,U0026,2026-01-28T17:03:54Z,page_view,/,
E0007077,S001799,U0194,2026-01-28T17:28:17Z,page_view,/category/beauty,
E0007078,S001799,U0194,2026-01-28T17:28:33Z,page_view,/category/beauty,
E0007079,S001799,U0194,2026-01-28T17:31:54Z,view_item,/product/p0235,P0235
E0007080,S001799,U0194,2026-01-28T17:32:26Z,add_to_cart,/product/p0235,P0235
E0007081,S001799,U0194,2026-01-28T17:35:55Z,begin_checkout,/checkout,P0235
E0007082,S001799,U0194,2026-01-28T17:38:12Z,purchase,/thank-you,P0235
E0004638,S001176,U0179,2026-01-28T19:25:36Z,page_view,/category/beauty,
E0004639,S001176,U0179,2026-01-28T19:27:15Z,view_item,/product/p0483,P0483
E0004641,S001176,U0179,2026-01-28T19:29:17Z,page_view,/category/shoes,
E0008672,S002197,U0119,2026-01-28T19:30:10Z,page_view,/category/shoes,
E0008673,S002197,U0119,2026-01-28T19:30:37Z,page_view,/search,
E0008674,S002197,U0119,2026-01-28T19:32:01Z,view_item,/product/p0477,P0477
E0008677,S002197,U0119,2026-01-28T19:33:33Z,page_view,/help,
E0004640,S001176,U0179,2026-01-28T19:34:42Z,page_view,/,
E0008675,S002197,U0119,2026-01-28T19:34:57Z,page_view,/pricing,
E0008676,S002197,U0119,2026-01-28T19:36:06Z,page_view,/help,
E0005903,S001499,U0213,2026-01-28T20:17:10Z,page_view,/,
E0005904,S001499,U0213,2026-01-28T20:17:19Z,page_view,/,
E0005905,S001499,U0213,2026-01-28T20:25:07Z,page_view,/,
E0003488,S000890,U0168,2026-01-28T20:27:03Z,page_view,/,
E0003489,S000890,U0168,2026-01-28T20:27:19Z,page_view,/,
E0003490,S000890,U0168,2026-01-28T20:28:14Z,view_item,/product/p0197,P0197
E0003491,S000890,U0168,2026-01-28T20:29:37Z,page_view,/category/home,
E0003492,S000890,U0168,2026-01-28T20:32:03Z,page_view,/category/shoes,
E0006163,S001566,U0141,2026-01-28T20:36:15Z,page_view,/category/electronics,
E0003493,S000890,U0168,2026-01-28T20:43:52Z,page_view,/category/beauty,
E0000199,S000049,U0057,2026-01-28T20:50:02Z,page_view,/,
E0000200,S000049,U0057,2026-01-28T20:52:34Z,view_item,/product/p0462,P0462
E0006164,S001566,U0141,2026-01-28T20:55:48Z,page_view,/category/beauty,
E0008574,S002172,U0243,2026-01-28T21:00:29Z,page_view,/,
E0008575,S002172,U0243,2026-01-28T21:00:41Z,page_view,/,
E0008576,S002172,U0243,2026-01-28T21:01:16Z,view_item,/product/p0396,P0396
E0008577,S002172,U0243,2026-01-28T21:01:46Z,add_to_cart,/product/p0396,P0396
E0008578,S002172,U0243,2026-01-28T21:03:21Z,begin_checkout,/checkout,P0396
E0008579,S002172,U0243,2026-01-28T21:04:38Z,purchase,/thank-you,P0396
E0003826,S000976,U0039,2026-01-28T21:15:34Z,page_view,/category/electronics,
E0003827,S000976,U0039,2026-01-28T21:17:24Z,view_item,/product/p0099,P0099
E0003828,S000976,U0039,2026-01-28T21:19:59Z,add_to_cart,/product/p0099,P0099
E0003829,S000976,U0039,2026-01-28T21:23:50Z,begin_checkout,/checkout,P0099
E0003830,S000976,U0039,2026-01-28T21:27:21Z,purchase,/thank-you,P0099
E0003845,S000980,U0067,2026-01-28T21:48:16Z,page_view,/category/home,
E0003846,S000980,U0067,2026-01-28T21:49:15Z,page_view,/search,
E0003847,S000980,U0067,2026-01-28T21:51:52Z,view_item,/product/p0260,P0260
E0007501,S001906,U0021,2026-01-28T22:07:20Z,page_view,/category/beauty,
E0007502,S001906,U0021,2026-01-28T22:08:25Z,page_view,/search,
E0007503,S001906,U0021,2026-01-28T22:11:11Z,view_item,/product/p0345,P0345
E0007504,S001906,U0021,2026-01-28T22:13:33Z,add_to_cart,/product/p0345,P0345
E0007505,S001906,U0021,2026-01-28T22:19:32Z,page_view,/pricing,
E0005194,S001324,U0194,2026-01-28T22:27:49Z,page_view,/category/beauty,
E0005195,S001324,U0194,2026-01-28T22:29:32Z,view_item,/product/p0281,P0281
E0005197,S001324,U0194,2026-01-28T22:32:25Z,page_view,/help,
E0005196,S001324,U0194,2026-01-28T22:36:04Z,page_view,/category/home,
E0005198,S001324,U0194,2026-01-28T22:38:27Z,page_view,/cart,
E0008790,S002230,U0045,2026-01-28T22:41:26Z,page_view,/category/shoes,
E0008791,S002230,U0045,2026-01-28T22:53:31Z,page_view,/cart,
E0008792,S002230,U0045,2026-01-28T22:54:57Z,page_view,/category/home,
E0005621,S001424,U0109,2026-01-28T23:29:00Z,page_view,/category/shoes,
E0000571,S000146,U0016,2026-01-29T00:13:30Z,page_view,/,
E0000875,S000227,U0067,2026-01-29T00:19:06Z,page_view,/category/beauty,
E0000877,S000227,U0067,2026-01-29T00:20:05Z,page_view,/search,
E0000876,S000227,U0067,2026-01-29T00:20:07Z,view_item,/product/p0061,P0061
E0001597,S000412,U0127,2026-01-29T00:22:15Z,page_view,/category/electronics,
E0001598,S000412,U0127,2026-01-29T00:22:32Z,page_view,/category/electronics,
E0010055,S002563,U0216,2026-01-29T00:27:55Z,page_view,/category/home,
E0010056,S002563,U0216,2026-01-29T00:28:16Z,page_view,/category/home,
E0010057,S002563,U0216,2026-01-29T00:29:08Z,view_item,/product/p0486,P0486
E0010058,S002563,U0216,2026-01-29T00:31:44Z,add_to_cart,/product/p0486,P0486
E0010059,S002563,U0216,2026-01-29T00:34:06Z,begin_checkout,/checkout,P0486
E0002724,S000701,U0026,2026-01-29T00:34:56Z,page_view,/category/beauty,
E0002726,S000701,U0026,2026-01-29T00:36:18Z,view_item,/product/p0170,P0170
E0002725,S000701,U0026,2026-01-29T00:36:20Z,page_view,/search,
E0000084,S000021,U0086,2026-01-29T00:36:43Z,page_view,/category/electronics,
E0002727,S000701,U0026,2026-01-29T00:36:53Z,add_to_cart,/product/p0170,P0170
E0000085,S000021,U0086,2026-01-29T00:37:27Z,page_view,/search,
E0002728,S000701,U0026,2026-01-29T00:40:10Z,begin_checkout,/checkout,P0170
E0000086,S000021,U0086,2026-01-29T00:40:17Z,view_item,/product/p0008,P0008
E0010060,S002563,U0216,2026-01-29T00:44:22Z,page_view,/,
E0000087,S000021,U0086,2026-01-29T00:52:35Z,page_view,/,
E0004474,S001142,U0180,2026-01-29T01:06:31Z,page_view,/category/electronics,
E0005021,S001277,U0036,2026-01-29T01:08:01Z,page_view,/,
E0005023,S001277,U0036,2026-01-29T01:08:58Z,view_item,/product/p0366,P0366
E0005022,S001277,U0036,2026-01-29T01:09:12Z,page_view,/search,
E0004475,S001142,U0180,2026-01-29T01:14:39Z,page_view,/category/beauty,
E0005024,S001277,U0036,2026-01-29T01:15:47Z,page_view,/cart,
E0004476,S001142,U0180,2026-01-29T01:18:23Z,page_view,/category/electronics,
E0005025,S001277,U0036,2026-01-29T01:21:42Z,page_view,/help,
E0005026,S001277,U0036,2026-01-29T01:22:29Z,page_view,/pricing,
E0006532,S001655,U0218,2026-01-29T01:22:30Z,page_view,/category/beauty,
E0003913,S000997,U0038,2026-01-29T01:22:38Z,page_view,/,
E0004477,S001142,U0180,2026-01-29T01:22:49Z,page_view,/cart,
E0006533,S001655,U0218,2026-01-29T01:23:45Z,page_view,/search,
E0003914,S000997,U0038,2026-01-29T01:24:13Z,page_view,/search,
E0006534,S001655,U0218,2026-01-29T01:25:13Z,view_item,/product/p0034,P0034
E0003915,S000997,U0038,2026-01-29T01:26:24Z,view_item,/product/p0221,P0221
E0006535,S001655,U0218,2026-01-29T01:26:51Z,page_view,/help,
E0004877,S001241,U0067,2026-01-29T01:51:43Z,page_view,/category/shoes,
E0008397,S002127,U0156,2026-01-29T02:08:14Z,page_view,/,
E0008398,S002127,U0156,2026-01-29T02:08:26Z,page_view,/,
E0008403,S002127,U0156,2026-01-29T02:08:59Z,page_view,/search,
E0008399,S002127,U0156,2026-01-29T02:11:38Z,view_item,/product/p0274,P0274
E0008400,S002127,U0156,2026-01-29T02:13:03Z,add_to_cart,/product/p0274,P0274
E0008401,S002127,U0156,2026-01-29T02:16:59Z,begin_checkout,/checkout,P0274
E0008404,S002127,U0156,2026-01-29T02:19:05Z,page_view,/category/electronics,
E0008402,S002127,U0156,2026-01-29T02:19:44Z,purchase,/thank-you,P0274
E0008949,S002269,U0056,2026-01-29T02:59:44Z,page_view,/category/electronics,
E0008951,S002269,U0056,2026-01-29T03:00:18Z,page_view,/category/electronics,
E0008950,S002269,U0056,2026-01-29T03:00:46Z,page_view,/search,
E0008952,S002269,U0056,2026-01-29T03:08:03Z,page_view,/cart,
E0003780,S000966,U0145,2026-01-29T03:09:58Z,page_view,/,
E0003782,S000966,U0145,2026-01-29T03:23:36Z,page_view,/category/electronics,
E0010201,S002597,U0161,2026-01-29T03:23:46Z,page_view,/category/electronics,
E0003781,S000966,U0145,2026-01-29T03:35:24Z,page_view,/,
E0010202,S002597,U0161,2026-01-29T03:38:19Z,page_view,/search,
E0003591,S000913,U0078,2026-01-29T03:44:06Z,page_view,/,
E0003592,S000913,U0078,2026-01-29T03:44:15Z,page_view,/,
E0010203,S002597,U0161,2026-01-29T03:44:22Z,page_view,/cart,
E0003593,S000913,U0078,2026-01-29T03:45:56Z,page_view,/,
E0003595,S000913,U0078,2026-01-29T03:48:13Z,page_view,/,
E0003594,S000913,U0078,2026-01-29T03:54:22Z,page_view,/pricing,
E0006508,S001650,U0110,2026-01-29T03:57:41Z,page_view,/,
E0006510,S001650,U0110,2026-01-29T04:03:00Z,page_view,/category/home,
E0006511,S001650,U0110,2026-01-29T04:04:21Z,page_view,/category/electronics,
E0002484,S000638,U0017,2026-01-29T04:05:29Z,page_view,/,
E0002485,S000638,U0017,2026-01-29T04:05:40Z,page_view,/,
E0002486,S000638,U0017,2026-01-29T04:06:57Z,view_item,/product/p0050,P0050
E0002487,S000638,U0017,2026-01-29T04:07:14Z,add_to_cart,/product/p0050,P0050
E0002488,S000638,U0017,2026-01-29T04:08:22Z,begin_checkout,/checkout,P0050
E0002489,S000638,U0017,2026-01-29T04:08:59Z,purchase,/thank-you,P0050
E0002491,S000638,U0017,2026-01-29T04:10:20Z,page_view,/pricing,
E0006509,S001650,U0110,2026-01-29T04:14:37Z,page_view,/,
E0009958,S002538,U0036,2026-01-29T04:18:36Z,page_view,/category/shoes,
E0002490,S000638,U0017,2026-01-29T04:21:43Z,page_view,/category/home,
E0009961,S002538,U0036,2026-01-29T04:21:50Z,page_view,/search,
E0009960,S002538,U0036,2026-01-29T04:25:09Z,page_view,/,
E0009959,S002538,U0036,2026-01-29T04:26:19Z,page_view,/cart,
E0003218,S000818,U0095,2026-01-29T04:39:52Z,page_view,/search,
E0003219,S000818,U0095,2026-01-29T04:40:29Z,page_view,/search,
E0003220,S000818,U0095,2026-01-29T04:43:45Z,view_item,/product/p0430,P0430
E0003221,S000818,U0095,2026-01-29T04:46:29Z,page_view,/cart,
E0004175,S001067,U0236,2026-01-29T05:03:14Z,page_view,/category/electronics,
E0004176,S001067,U0236,2026-01-29T05:03:37Z,page_view,/category/electronics,
E0004177,S001067,U0236,2026-01-29T05:03:43Z,page_view,/search,
E0004178,S001067,U0236,2026-01-29T05:04:02Z,view_item,/product/p0024,P0024
E0004179,S001067,U0236,2026-01-29T05:06:16Z,add_to_cart,/product/p0024,P0024
E0004180,S001067,U0236,2026-01-29T05:08:58Z,begin_checkout,/checkout,P0024
E0004181,S001067,U0236,2026-01-29T05:11:07Z,purchase,/thank-you,P0024
E0007260,S001848,U0218,2026-01-29T05:51:55Z,page_view,/category/home,
E0007261,S001848,U0218,2026-01-29T05:53:08Z,page_view,/search,
E0007262,S001848,U0218,2026-01-29T05:53:10Z,view_item,/product/p0474,P0474
E0007263,S001848,U0218,2026-01-29T05:56:14Z,page_view,/category/beauty,
E0007264,S001848,U0218,2026-01-29T06:04:34Z,page_view,/category/beauty,
E0001846,S000474,U0122,2026-01-29T06:48:09Z,page_view,/category/beauty,
E0001847,S000474,U0122,2026-01-29T06:48:20Z,page_view,/category/beauty,
E0001848,S000474,U0122,2026-01-29T06:48:47Z,page_view,/search,
E0001849,S000474,U0122,2026-01-29T06:49:46Z,view_item,/product/p0264,P0264
E0000139,S000034,U0246,2026-01-29T07:04:05Z,page_view,/category/shoes,
E0000140,S000034,U0246,2026-01-29T07:05:13Z,page_view,/search,
E0000141,S000034,U0246,2026-01-29T07:05:27Z,view_item,/product/p0498,P0498
E0007216,S001837,U0068,2026-01-29T07:18:05Z,page_view,/search,
E0000142,S000034,U0246,2026-01-29T07:21:54Z,page_view,/help,
E0007012,S001780,U0243,2026-01-29T07:25:16Z,page_view,/,
E0000143,S000034,U0246,2026-01-29T07:25:28Z,page_view,/pricing,
E0007013,S001780,U0243,2026-01-29T07:25:33Z,page_view,/,
E0000144,S000034,U0246,2026-01-29T07:29:45Z,page_view,/category/home,
E0007217,S001837,U0068,2026-01-29T07:31:55Z,page_view,/category/shoes,
E0007014,S001780,U0243,2026-01-29T07:34:12Z,page_view,/category/beauty,
E0007218,S001837,U0068,2026-01-29T07:41:13Z,page_view,/category/home,
E0000668,S000168,U0241,2026-01-29T07:48:19Z,page_view,/,
E0000554,S000141,U0089,2026-01-29T08:10:37Z,page_view,/category/electronics,
E0000555,S000141,U0089,2026-01-29T08:13:19Z,view_item,/product/p0229,P0229
E0007540,S001917,U0001,2026-01-29T08:26:48Z,page_view,/category/shoes,
E0007541,S001917,U0001,2026-01-29T08:27:30Z,view_item,/product/p0116,P0116
E0007542,S001917,U0001,2026-01-29T08:28:07Z,page_view,/,
E0001236,S000320,U0083,2026-01-29T09:05:00Z,page_view,/,
E0001237,S000320,U0083,2026-01-29T09:05:41Z,page_view,/search,
E0001238,S000320,U0083,2026-01-29T09:06:53Z,view_item,/product/p0225,P0225
E0001240,S000320,U0083,2026-01-29T09:09:23Z,page_view,/category/beauty,
E0001239,S000320,U0083,2026-01-29T09:26:27Z,page_view,/cart,
E0005977,S001517,U0222,2026-01-29T10:13:03Z,page_view,/category/shoes,
E0005981,S001517,U0222,2026-01-29T10:14:43Z,page_view,/category/home,
E0005978,S001517,U0222,2026-01-29T10:16:18Z,view_item,/product/p0040,P0040
E0005982,S001517,U0222,2026-01-29T10:18:05Z,page_view,/cart,
E0005348,S001357,U0087,2026-01-29T10:18:27Z,page_view,/category/beauty,
E0005979,S001517,U0222,2026-01-29T10:18:28Z,add_to_cart,/product/p0040,P0040
E0005349,S001357,U0087,2026-01-29T10:18:32Z,page_view,/category/beauty,
E0005350,S001357,U0087,2026-01-29T10:19:36Z,view_item,/product/p0471,P0471
E0005980,S001517,U0222,2026-01-29T10:21:39Z,begin_checkout,/checkout,P0040
E0005351,S001357,U0087,2026-01-29T10:21:53Z,add_to_cart,/product/p0471,P0471
E0005354,S001357,U0087,2026-01-29T10:22:52Z,page_view,/pricing,
E0005353,S001357,U0087,2026-01-29T10:24:04Z,page_view,/category/shoes,
E0005352,S001357,U0087,2026-01-29T10:24:53Z,page_view,/,
E0009319,S002366,U0001,2026-01-29T10:46:46Z,page_view,/,
E0009320,S002366,U0001,2026-01-29T10:49:21Z,view_item,/product/p0412,P0412
E0001787,S000462,U0203,2026-01-29T10:54:58Z,page_view,/category/shoes,
E0001788,S000462,U0203,2026-01-29T10:55:07Z,page_view,/category/shoes,
E0001789,S000462,U0203,2026-01-29T10:55:41Z,page_view,/search,
E0001790,S000462,U0203,2026-01-29T10:56:03Z,view_item,/product/p0076,P0076
E0001791,S000462,U0203,2026-01-29T10:58:47Z,add_to_cart,/product/p0076,P0076
E0007094,S001804,U0113,2026-01-29T11:23:38Z,page_view,/category/electronics,
E0007095,S001804,U0113,2026-01-29T11:24:21Z,page_view,/search,
E0007096,S001804,U0113,2026-01-29T11:24:45Z,view_item,/product/p0458,P0458
E0006689,S001699,U0067,2026-01-29T11:25:03Z,page_view,/,
E0006690,S001699,U0067,2026-01-29T11:26:31Z,page_view,/search,
E0007097,S001804,U0113,2026-01-29T11:26:38Z,add_to_cart,/product/p0458,P0458
E0007098,S001804,U0113,2026-01-29T11:27:16Z,begin_checkout,/checkout,P0458
E0006691,S001699,U0067,2026-01-29T11:27:40Z,view_item,/product/p0048,P0048
E0006693,S001699,U0067,2026-01-29T11:28:01Z,page_view,/search,
E0006692,S001699,U0067,2026-01-29T11:31:06Z,page_view,/search,
E0007099,S001804,U0113,2026-01-29T11:32:40Z,page_view,/category/shoes,
E0007101,S001804,U0113,2026-01-29T11:38:30Z,page_view,/pricing,
E0007100,S001804,U0113,2026-01-29T11:41:38Z,page_view,/category/home,
E0006867,S001743,U0067,2026-01-29T11:43:16Z,page_view,/category/shoes,
E0006868,S001743,U0067,2026-01-29T11:43:40Z,page_view,/category/shoes,
E0006183,S001572,U0039,2026-01-29T11:47:54Z,page_view,/category/electronics,
E0006186,S001572,U0039,2026-01-29T11:51:25Z,page_view,/help,
E0006869,S001743,U0067,2026-01-29T11:51:55Z,page_view,/category/shoes,
E0006184,S001572,U0039,2026-01-29T11:54:49Z,page_view,/,
E0006185,S001572,U0039,2026-01-29T11:57:12Z,page_view,/search,
E0008050,S002049,U0119,2026-01-29T12:05:34Z,page_view,/,
E0008051,S002049,U0119,2026-01-29T12:05:53Z,page_view,/,
E0008053,S002049,U0119,2026-01-29T12:06:32Z,page_view,/search,
E0008052,S002049,U0119,2026-01-29T12:11:09Z,page_view,/search,
E0004051,S001034,U0115,2026-01-29T12:37:36Z,page_view,/,
E0004053,S001034,U0115,2026-01-29T12:40:58Z,page_view,/help,
E0004052,S001034,U0115,2026-01-29T12:55:55Z,page_view,/category/electronics,
E0009705,S002469,U0087,2026-01-29T13:00:57Z,page_view,/,
E0009706,S002469,U0087,2026-01-29T13:01:17Z,page_view,/,
E0009707,S002469,U0087,2026-01-29T13:07:12Z,page_view,/search,
E0003596,S000914,U0117,2026-01-29T13:12:13Z,page_view,/category/beauty,
E0003597,S000914,U0117,2026-01-29T13:12:35Z,page_view,/category/beauty,
E0003598,S000914,U0117,2026-01-29T13:14:52Z,view_item,/product/p0416,P0416
E0007658,S001945,U0174,2026-01-29T13:16:13Z,page_view,/category/electronics,
E0007659,S001945,U0174,2026-01-29T13:16:38Z,page_view,/category/electronics,
E0003601,S000914,U0117,2026-01-29T13:16:42Z,page_view,/category/beauty,
E0007660,S001945,U0174,2026-01-29T13:17:55Z,page_view,/search,
E0007661,S001945,U0174,2026-01-29T13:18:06Z,view_item,/product/p0388,P0388
E0007663,S001945,U0174,2026-01-29T13:18:38Z,page_view,/category/home,
E0003599,S000914,U0117,2026-01-29T13:19:04Z,page_view,/search,
E0006131,S001557,U0126,2026-01-29T13:20:31Z,page_view,/,
E0006133,S001557,U0126,2026-01-29T13:24:06Z,page_view,/category/electronics,
E0003600,S000914,U0117,2026-01-29T13:24:47Z,page_view,/search,
E0007664,S001945,U0174,2026-01-29T13:30:01Z,page_view,/category/home,
E0007662,S001945,U0174,2026-01-29T13:35:57Z,page_view,/cart,
E0006132,S001557,U0126,2026-01-29T13:37:15Z,page_view,/pricing,
E0006134,S001557,U0126,2026-01-29T13:39:35Z,page_view,/category/home,
E0006541,S001657,U0241,2026-01-29T14:41:14Z,page_view,/category/electronics,
E0006542,S001657,U0241,2026-01-29T14:41:32Z,page_view,/category/electronics,
E0009010,S002288,U0198,2026-01-29T15:25:38Z,page_view,/category/shoes,
E0009011,S002288,U0198,2026-01-29T15:25:52Z,page_view,/category/shoes,
E0009012,S002288,U0198,2026-01-29T15:27:12Z,page_view,/search,
E0009013,S002288,U0198,2026-01-29T15:28:48Z,view_item,/product/p0463,P0463
E0009779,S002486,U0025,2026-01-29T15:35:13Z,page_view,/search,
E0009014,S002288,U0198,2026-01-29T15:35:38Z,page_view,/,
E0009782,S002486,U0025,2026-01-29T15:36:15Z,page_view,/category/electronics,
E0009781,S002486,U0025,2026-01-29T15:36:35Z,page_view,/help,
E0009780,S002486,U0025,2026-01-29T15:37:12Z,page_view,/category/beauty,
E0005607,S001420,U0244,2026-01-29T15:51:30Z,page_view,/category/home,
E0005608,S001420,U0244,2026-01-29T15:51:47Z,page_view,/category/home,
E0005609,S001420,U0244,2026-01-29T15:51:53Z,page_view,/search,
E0005610,S001420,U0244,2026-01-29T15:54:48Z,view_item,/product/p0464,P0464
E0005613,S001420,U0244,2026-01-29T15:59:53Z,page_view,/category/electronics,
E0005612,S001420,U0244,2026-01-29T16:18:14Z,page_view,/category/shoes,
E0005611,S001420,U0244,2026-01-29T16:19:41Z,page_view,/category/home,
E0003256,S000828,U0036,2026-01-29T17:22:43Z,page_view,/category/electronics,
E0006106,S001550,U0141,2026-01-29T17:57:42Z,page_view,/category/beauty,
E0006109,S001550,U0141,2026-01-29T18:01:42Z,page_view,/search,
E0006107,S001550,U0141,2026-01-29T18:15:27Z,page_view,/category/beauty,
E0006108,S001550,U0141,2026-01-29T18:26:06Z,page_view,/category/home,
E0009006,S002286,U0119,2026-01-29T19:07:05Z,page_view,/,
E0009007,S002286,U0119,2026-01-29T19:07:10Z,page_view,/,
E0001740,S000450,U0049,2026-01-29T19:26:20Z,page_view,/category/electronics,
E0001741,S000450,U0049,2026-01-29T19:27:11Z,page_view,/search,
E0001742,S000450,U0049,2026-01-29T19:27:41Z,view_item,/product/p0141,P0141
E0001745,S000450,U0049,2026-01-29T19:34:51Z,page_view,/cart,
E0001744,S000450,U0049,2026-01-29T19:36:57Z,page_view,/category/shoes,
E0001743,S000450,U0049,2026-01-29T19:39:08Z,page_view,/cart,
E0000022,S000006,U0067,2026-01-29T21:25:29Z,page_view,/category/electronics,
E0000023,S000006,U0067,2026-01-29T21:26:15Z,view_item,/product/p0353,P0353
E0000024,S000006,U0067,2026-01-29T21:26:42Z,add_to_cart,/product/p0353,P0353
E0000026,S000006,U0067,2026-01-29T21:29:51Z,page_view,/cart,
E0000027,S000006,U0067,2026-01-29T21:30:19Z,page_view,/category/home,
E0000025,S000006,U0067,2026-01-29T21:31:11Z,page_view,/search,
E0000111,S000028,U0218,2026-01-29T22:56:12Z,page_view,/,
E0000112,S000028,U0218,2026-01-29T22:56:36Z,page_view,/,
E0000113,S000028,U0218,2026-01-29T22:57:09Z,page_view,/search,
E0000114,S000028,U0218,2026-01-29T22:57:43Z,view_item,/product/p0071,P0071
E0000115,S000028,U0218,2026-01-29T22:58:45Z,add_to_cart,/product/p0071,P0071
E0000116,S000028,U0218,2026-01-29T23:00:00Z,begin_checkout,/checkout,P0071
E0000118,S000028,U0218,2026-01-29T23:01:34Z,page_view,/category/beauty,
E0000119,S000028,U0218,2026-01-29T23:06:29Z,page_view,/category/beauty,
E0000117,S000028,U0218,2026-01-29T23:08:13Z,page_view,/category/beauty,
E0006528,S001654,U0057,2026-01-29T23:30:24Z,page_view,/,
E0006531,S001654,U0057,2026-01-29T23:31:18Z,page_view,/category/home,
E0006529,S001654,U0057,2026-01-29T23:32:13Z,page_view,/search,
E0006530,S001654,U0057,2026-01-29T23:33:21Z,view_item,/product/p0031,P0031
E0004023,S001027,U0047,2026-01-29T23:53:29Z,page_view,/category/shoes,
E0004024,S001027,U0047,2026-01-29T23:53:41Z,page_view,/category/shoes,
E0009594,S002438,U0099,2026-01-29T23:54:11Z,page_view,/category/beauty,
E0009595,S002438,U0099,2026-01-29T23:54:18Z,page_view,/category/beauty,
E0009596,S002438,U0099,2026-01-29T23:55:17Z,view_item,/product/p0239,P0239
E0004025,S001027,U0047,2026-01-29T23:56:51Z,view_item,/product/p0286,P0286
E0009600,S002438,U0099,2026-01-29T23:57:32Z,page_view,/category/beauty,
E0009597,S002438,U0099,2026-01-29T23:58:06Z,add_to_cart,/product/p0239,P0239
E0004028,S001027,U0047,2026-01-29T23:59:07Z,page_view,/category/home,
E0009598,S002438,U0099,2026-01-30T00:01:08Z,begin_checkout,/checkout,P0239
E0009599,S002438,U0099,2026-01-30T00:04:36Z,purchase,/thank-you,P0239
E0004027,S001027,U0047,2026-01-30T00:27:17Z,page_view,/,
E0004026,S001027,U0047,2026-01-30T00:30:17Z,page_view,/help,
E0008894,S002256,U0212,2026-01-30T01:00:12Z,page_view,/category/shoes,
E0003840,S000979,U0134,2026-01-30T01:14:24Z,page_view,/category/home,
E0003841,S000979,U0134,2026-01-30T01:14:41Z,page_view,/category/home,
E0008895,S002256,U0212,2026-01-30T01:18:30Z,page_view,/pricing,
E0009236,S002346,U0119,2026-01-30T01:19:06Z,page_view,/category/shoes,
E0009237,S002346,U0119,2026-01-30T01:20:35Z,page_view,/search,
E0009238,S002346,U0119,2026-01-30T01:22:00Z,view_item,/product/p0317,P0317
E0009241,S002346,U0119,2026-01-30T01:29:18Z,page_view,/search,
E0009240,S002346,U0119,2026-01-30T01:29:48Z,page_view,/pricing,
E0009239,S002346,U0119,2026-01-30T01:31:05Z,page_view,/help,
E0003843,S000979,U0134,2026-01-30T01:32:13Z,page_view,/cart,
E0003842,S000979,U0134,2026-01-30T01:51:59Z,page_view,/cart,
E0003844,S000979,U0134,2026-01-30T01:54:56Z,page_view,/category/home,
E0007438,S001888,U0157,2026-01-30T03:19:29Z,page_view,/,
E0007442,S001888,U0157,2026-01-30T03:21:14Z,page_view,/category/shoes,
E0007439,S001888,U0157,2026-01-30T03:23:17Z,view_item,/product/p0204,P0204
E0007440,S001888,U0157,2026-01-30T03:29:15Z,page_view,/category/electronics,
E0007441,S001888,U0157,2026-01-30T03:36:40Z,page_view,/,
E0007173,S001823,U0226,2026-01-30T04:11:35Z,page_view,/category/electronics,
E0000201,S000050,U0036,2026-01-30T04:25:46Z,page_view,/category/shoes,
E0000202,S000050,U0036,2026-01-30T04:26:09Z,page_view,/search,
E0000203,S000050,U0036,2026-01-30T04:28:55Z,view_item,/product/p0142,P0142
E0000204,S000050,U0036,2026-01-30T04:31:09Z,add_to_cart,/product/p0142,P0142
E0004839,S001232,U0067,2026-01-30T05:50:44Z,page_view,/category/home,
E0004840,S001232,U0067,2026-01-30T05:52:09Z,page_view,/search,
E0004841,S001232,U0067,2026-01-30T05:52:13Z,view_item,/product/p0142,P0142
E0004842,S001232,U0067,2026-01-30T05:59:08Z,page_view,/help,
E0004843,S001232,U0067,2026-01-30T06:19:31Z,page_view,/cart,
E0003744,S000955,U0014,2026-01-30T06:35:57Z,page_view,/category/beauty,
E0003283,S000839,U0118,2026-01-30T07:13:50Z,page_view,/category/shoes,
E0003284,S000839,U0118,2026-01-30T07:14:08Z,page_view,/category/shoes,
E0003012,S000764,U0218,2026-01-30T08:28:04Z,page_view,/category/beauty,
E0003014,S000764,U0218,2026-01-30T08:31:29Z,page_view,/category/home,
E0003013,S000764,U0218,2026-01-30T08:33:21Z,page_view,/help,
E0003015,S000764,U0218,2026-01-30T08:36:56Z,page_view,/cart,
E0000100,S000024,U0127,2026-01-30T09:39:42Z,page_view,/search,
E0000101,S000024,U0127,2026-01-30T09:40:48Z,view_item,/product/p0393,P0393
E0000102,S000024,U0127,2026-01-30T09:49:11Z,page_view,/pricing,
E0006151,S001562,U0034,2026-01-30T10:28:19Z,page_view,/category/home,
E0006153,S001562,U0034,2026-01-30T10:29:23Z,view_item,/product/p0352,P0352
E0006154,S001562,U0034,2026-01-30T10:29:33Z,add_to_cart,/product/p0352,P0352
E0006152,S001562,U0034,2026-01-30T10:29:52Z,page_view,/search,
E0006155,S001562,U0034,2026-01-30T10:32:25Z,begin_checkout,/checkout,P0352
E0006156,S001562,U0034,2026-01-30T10:34:57Z,purchase,/thank-you,P0352
E0006158,S001562,U0034,2026-01-30T10:38:30Z,page_view,/category/beauty,
E0006065,S001538,U0218,2026-01-30T10:42:20Z,page_view,/category/shoes,
E0006066,S001538,U0218,2026-01-30T10:42:43Z,page_view,/search,
E0006067,S001538,U0218,2026-01-30T10:43:36Z,view_item,/product/p0380,P0380
E0006157,S001562,U0034,2026-01-30T10:49:05Z,page_view,/search,
E0007199,S001833,U0148,2026-01-30T10:49:51Z,page_view,/category/shoes,
E0007201,S001833,U0148,2026-01-30T10:50:36Z,view_item,/product/p0141,P0141
E0007200,S001833,U0148,2026-01-30T10:51:47Z,page_view,/search,
E0009226,S002343,U0034,2026-01-30T10:59:27Z,page_view,/,
E0009227,S002343,U0034,2026-01-30T10:59:46Z,page_view,/,
E0007202,S001833,U0148,2026-01-30T11:00:41Z,page_view,/help,
E0009228,S002343,U0034,2026-01-30T11:01:01Z,page_view,/search,
E0009229,S002343,U0034,2026-01-30T11:01:10Z,view_item,/product/p0003,P0003
E0010186,S002593,U0049,2026-01-30T11:02:48Z,page_view,/search,
E0007203,S001833,U0148,2026-01-30T11:02:52Z,page_view,/,
E0010188,S002593,U0049,2026-01-30T11:19:40Z,page_view,/,
E0010187,S002593,U0049,2026-01-30T11:27:31Z,page_view,/pricing,
E0001700,S000441,U0229,2026-01-30T12:06:04Z,page_view,/search,
E0001701,S000441,U0229,2026-01-30T12:07:00Z,page_view,/search,
E0001702,S000441,U0229,2026-01-30T12:09:29Z,view_item,/product/p0260,P0260
E0001703,S000441,U0229,2026-01-30T12:11:55Z,add_to_cart,/product/p0260,P0260
E0001704,S000441,U0229,2026-01-30T12:13:20Z,begin_checkout,/checkout,P0260
E0003849,S000982,U0179,2026-01-30T12:15:46Z,page_view,/,
E0000700,S000177,U0218,2026-01-30T12:21:24Z,page_view,/category/beauty,
E0001706,S000441,U0229,2026-01-30T12:21:41Z,page_view,/search,
E0000701,S000177,U0218,2026-01-30T12:24:36Z,page_view,/pricing,
E0001705,S000441,U0229,2026-01-30T12:28:01Z,page_view,/cart,
E0003925,S001000,U0229,2026-01-30T12:44:41Z,page_view,/search,
E0003927,S001000,U0229,2026-01-30T12:46:16Z,page_view,/category/beauty,
E0003926,S001000,U0229,2026-01-30T12:46:34Z,view_item,/product/p0366,P0366
E0003929,S001000,U0229,2026-01-30T12:49:17Z,page_view,/category/home,
E0003928,S001000,U0229,2026-01-30T12:49:23Z,page_view,/search,
E0002171,S000560,U0085,2026-01-30T13:15:22Z,page_view,/,
E0002172,S000560,U0085,2026-01-30T13:15:39Z,page_view,/,
E0002173,S000560,U0085,2026-01-30T13:26:16Z,page_view,/search,
E0003896,S000993,U0231,2026-01-30T13:36:44Z,page_view,/category/electronics,
E0003897,S000993,U0231,2026-01-30T13:37:49Z,view_item,/product/p0144,P0144
E0003898,S000993,U0231,2026-01-30T13:40:07Z,add_to_cart,/product/p0144,P0144
E0008893,S002255,U0118,2026-01-30T14:09:21Z,page_view,/category/shoes,
E0003900,S000993,U0231,2026-01-30T14:12:54Z,page_view,/category/shoes,
E0003899,S000993,U0231,2026-01-30T14:14:01Z,page_view,/category/electronics,
E0004086,S001043,U0011,2026-01-30T14:50:45Z,page_view,/category/electronics,
E0004087,S001043,U0011,2026-01-30T15:06:37Z,page_view,/,
E0006408,S001620,U0187,2026-01-30T15:47:00Z,page_view,/,
E0006409,S001620,U0187,2026-01-30T15:47:11Z,page_view,/,
E0006410,S001620,U0187,2026-01-30T15:47:59Z,page_view,/search,
E0006411,S001620,U0187,2026-01-30T15:49:43Z,view_item,/product/p0040,P0040
E0007399,S001879,U0004,2026-01-30T16:32:13Z,page_view,/category/electronics,
E0007400,S001879,U0004,2026-01-30T16:32:39Z,page_view,/search,
E0007402,S001879,U0004,2026-01-30T16:33:37Z,page_view,/category/home,
E0007404,S001879,U0004,2026-01-30T16:34:09Z,page_view,/category/beauty,
E0007401,S001879,U0004,2026-01-30T16:34:54Z,view_item,/product/p0368,P0368
E0007403,S001879,U0004,2026-01-30T16:34:59Z,page_view,/search,
E0002041,S000530,U0086,2026-01-30T17:07:45Z,page_view,/category/shoes,
E0006253,S001588,U0010,2026-01-30T18:00:45Z,page_view,/category/home,
E0006254,S001588,U0010,2026-01-30T18:01:00Z,page_view,/category/home,
E0007074,S001798,U0039,2026-01-30T18:21:45Z,page_view,/search,
E0006256,S001588,U0010,2026-01-30T18:25:26Z,page_view,/help,
E0007075,S001798,U0039,2026-01-30T18:27:27Z,page_view,/pricing,
E0007076,S001798,U0039,2026-01-30T18:27:46Z,page_view,/cart,
E0006255,S001588,U0010,2026-01-30T18:35:05Z,page_view,/help,
E0003027,S000767,U0025,2026-01-30T19:17:27Z,page_view,/category/shoes,
E0003028,S000767,U0025,2026-01-30T19:17:39Z,page_view,/category/shoes,
E0003029,S000767,U0025,2026-01-30T19:23:36Z,page_view,/category/home,
E0000910,S000234,U0029,2026-01-30T19:25:29Z,page_view,/,
E0000912,S000234,U0029,2026-01-30T19:26:23Z,page_view,/help,
E0008568,S002170,U0039,2026-01-30T19:27:47Z,page_view,/category/electronics,
E0008570,S002170,U0039,2026-01-30T19:29:33Z,page_view,/help,
E0008569,S002170,U0039,2026-01-30T19:31:37Z,view_item,/product/p0017,P0017
E0000913,S000234,U0029,2026-01-30T19:34:42Z,page_view,/category/electronics,
E0000911,S000234,U0029,2026-01-30T19:36:19Z,page_view,/help,
E0004933,S001252,U0032,2026-01-30T19:36:34Z,page_view,/category/electronics,
E0004934,S001252,U0032,2026-01-30T19:39:14Z,page_view,/category/beauty,
E0004935,S001252,U0032,2026-01-30T19:45:12Z,page_view,/category/home,
E0002195,S000567,U0205,2026-01-30T20:09:26Z,page_view,/,
E0002196,S000567,U0205,2026-01-30T20:09:34Z,page_view,/,
E0002197,S000567,U0205,2026-01-30T20:17:30Z,page_view,/cart,
E0006121,S001554,U0237,2026-01-30T20:47:43Z,page_view,/category/electronics,
E0006123,S001554,U0237,2026-01-30T21:08:45Z,page_view,/,
E0006124,S001554,U0237,2026-01-30T21:15:52Z,page_view,/category/electronics,
E0006122,S001554,U0237,2026-01-30T21:17:55Z,page_view,/search,
E0009242,S002347,U0218,2026-01-30T22:12:28Z,page_view,/category/electronics,
E0008646,S002191,U0087,2026-01-30T22:19:49Z,page_view,/,
E0008647,S002191,U0087,2026-01-30T22:20:54Z,page_view,/search,
E0008648,S002191,U0087,2026-01-30T22:23:44Z,view_item,/product/p0102,P0102
E0000061,S000016,U0174,2026-01-30T22:31:49Z,page_view,/,
E0008649,S002191,U0087,2026-01-30T22:41:57Z,page_view,/help,
E0004885,S001243,U0097,2026-01-30T22:43:13Z,page_view,/,
E0004886,S001243,U0097,2026-01-30T22:43:33Z,page_view,/,
E0000063,S000016,U0174,2026-01-30T22:44:26Z,page_view,/pricing,
E0000062,S000016,U0174,2026-01-30T22:45:43Z,page_view,/category/beauty,
E0004887,S001243,U0097,2026-01-30T22:46:16Z,view_item,/product/p0176,P0176
E0008650,S002191,U0087,2026-01-30T22:52:48Z,page_view,/,
E0004889,S001243,U0097,2026-01-30T22:55:04Z,page_view,/cart,
E0000064,S000016,U0174,2026-01-30T22:58:10Z,page_view,/category/electronics,
E0004890,S001243,U0097,2026-01-30T23:04:21Z,page_view,/cart,
E0004888,S001243,U0097,2026-01-30T23:09:21Z,page_view,/category/home,
E0001937,S000500,U0141,2026-01-30T23:10:33Z,page_view,/category/beauty,
E0002352,S000606,U0103,2026-01-30T23:30:20Z,page_view,/,
E0002357,S000606,U0103,2026-01-30T23:32:27Z,page_view,/search,
E0002353,S000606,U0103,2026-01-30T23:33:20Z,view_item,/product/p0426,P0426
E0002358,S000606,U0103,2026-01-30T23:33:29Z,page_view,/pricing,
E0002356,S000606,U0103,2026-01-30T23:34:40Z,purchase,/thank-you,P0426
E0002354,S000606,U0103,2026-01-30T23:35:21Z,add_to_cart,/product/p0426,P0426
E0002355,S000606,U0103,2026-01-30T23:37:17Z,begin_checkout,/checkout,P0426
E0002957,S000751,U0115,2026-01-30T23:49:12Z,page_view,/,
E0002958,S000751,U0115,2026-01-30T23:49:19Z,page_view,/,
E0002959,S000751,U0115,2026-01-30T23:50:11Z,page_view,/cart,
E0002960,S000751,U0115,2026-01-30T23:50:33Z,page_view,/category/shoes,
