session_id,user_id,session_start_ts,source,medium,device
S001540,U0215,2025-03-16T10:52:27Z,bing,organic,mobile
S002082,U0058,2025-03-27T16:01:08Z,direct,(none),desktop
S000017,U0024,2025-03-28T13:11:10Z,google,cpc,desktop
S001928,U0024,2025-04-03T18:41:24Z,google,cpc,mobile
S000566,U0173,2025-04-08T22:08:52Z,linkedin,paid_social,mobile
S002442,U0074,2025-04-11T15:07:16Z,google,organic,mobile
S001124,U0075,2025-04-15T04:19:14Z,google,cpc,desktop
S000348,U0215,2025-04-15T13:09:47Z,google,cpc,mobile
S000593,U0222,2025-04-18T15:44:47Z,direct,(none),mobile
S001352,U0165,2025-04-18T15:46:05Z,facebook,paid_social,desktop
S000286,U0037,2025-04-20T19:52:53Z,google,organic,desktop
S002190,U0222,2025-04-23T06:19:05Z,affiliate,affiliate,mobile
S000222,U0189,2025-04-24T03:07:43Z,direct,(none),mobile
S002453,U0156,2025-04-27T23:01:20Z,direct,(none),desktop
S001175,U0215,2025-04-29T06:16:51Z,linkedin,social,desktop
S001132,U0017,2025-05-01T20:06:35Z,google,cpc,desktop
S000853,U0173,2025-05-08T02:49:25Z,facebook,social,desktop
S002430,U0049,2025-05-08T19:01:36Z,direct,(none),desktop
S000088,U0225,2025-05-12T16:02:02Z,direct,(none),mobile
S001860,U0125,2025-05-12T20:32:24Z,google,cpc,mobile
S001873,U0215,2025-05-13T00:52:31Z,affiliate,affiliate,mobile
S000077,U0058,2025-05-14T19:43:45Z,google,cpc,desktop
S000112,U0158,2025-05-15T14:08:06Z,newsletter,email,desktop
S001321,U0014,2025-05-19T12:57:19Z,facebook,paid_social,mobile
S001271,U0151,2025-05-20T01:30:35Z,direct,(none),mobile
S001715,U0187,2025-05-21T17:44:50Z,google,cpc,desktop
S000761,U0017,2025-05-22T23:34:22Z,bing,organic,desktop
S002086,U0003,2025-05-23T04:03:50Z,direct,(none),desktop
S000897,U0017,2025-05-25T13:15:21Z,newsletter,email,desktop
S001962,U0222,2025-05-27T02:44:12Z,facebook,paid_social,desktop
S002386,U0089,2025-05-29T16:56:50Z,google,organic,desktop
S000360,U0230,2025-05-30T21:46:41Z,newsletter,email,desktop
S001597,U0003,2025-05-31T22:05:04Z,linkedin,paid_social,mobile
S000472,U0117,2025-06-02T06:59:16Z,direct,(none),mobile
S001874,U0026,2025-06-02T22:12:17Z,facebook,paid_social,desktop
S001897,U0203,2025-06-03T09:23:38Z,google,organic,mobile
S002073,U0062,2025-06-05T12:59:33Z,facebook,paid_social,tablet
S001269,U0007,2025-06-06T01:30:24Z,facebook,paid_social,desktop
S001875,U0226,2025-06-06T04:11:54Z,affiliate,affiliate,mobile
S001245,U0239,2025-06-07T12:42:43Z,facebook,social,desktop
S000637,U0074,2025-06-08T16:11:44Z,bing,cpc,desktop
S000499,U0157,2025-06-10T06:12:33Z,direct,(none),desktop
S002555,U0021,2025-06-10T15:51:57Z,direct,(none),desktop
S000726,U0014,2025-06-11T21:23:36Z,facebook,paid_social,mobile
S000830,U0223,2025-06-12T03:03:11Z,tiktok,social,mobile
S001635,U0077,2025-06-12T14:43:13Z,google,organic,mobile
S001694,U0101,2025-06-13T01:49:36Z,google,cpc,tablet
S000584,U0003,2025-06-14T09:32:44Z,google,cpc,mobile
S001024,U0136,2025-06-14T21:02:04Z,tiktok,paid_social,desktop
S001331,U0235,2025-06-14T23:29:45Z,direct,(none),tablet
S002206,U0125,2025-06-15T08:41:59Z,newsletter,email,mobile
S002520,U0089,2025-06-15T22:56:54Z,google,cpc,mobile
S000266,U0249,2025-06-15T23:16:20Z,facebook,social,mobile
S002513,U0158,2025-06-16T04:57:00Z,google,organic,mobile
S001382,U0046,2025-06-16T05:05:28Z,tiktok,paid_social,mobile
S000791,U0101,2025-06-17T02:14:24Z,linkedin,paid_social,desktop
S002454,U0117,2025-06-17T10:24:06Z,newsletter,email,desktop
S001737,U0045,2025-06-18T07:04:41Z,google,organic,mobile
S001374,U0138,2025-06-18T23:26:31Z,referral,referral,desktop
S001904,U0092,2025-06-19T09:12:32Z,affiliate,affiliate,desktop
S001158,U0081,2025-06-19T13:18:17Z,newsletter,email,tablet
S001642,U0072,2025-06-20T15:08:26Z,direct,(none),desktop
S001622,U0037,2025-06-20T17:12:06Z,google,organic,desktop
S001433,U0040,2025-06-21T01:19:09Z,google,organic,mobile
S001457,U0187,2025-06-21T05:54:36Z,direct,(none),mobile
S000475,U0092,2025-06-22T03:50:52Z,google,cpc,desktop
S001856,U0204,2025-06-24T21:58:52Z,google,organic,desktop
S002219,U0249,2025-06-26T06:39:07Z,direct,(none),mobile
S000135,U0239,2025-06-28T02:52:06Z,facebook,paid_social,mobile
S001757,U0092,2025-06-28T22:31:42Z,facebook,paid_social,desktop
S000639,U0084,2025-06-29T19:14:30Z,direct,(none),desktop
S000720,U0180,2025-06-29T20:15:19Z,tiktok,paid_social,desktop
S000510,U0010,2025-06-29T21:25:26Z,facebook,social,mobile
S001303,U0244,2025-06-30T01:53:59Z,google,organic,mobile
S001290,U0215,2025-06-30T10:32:25Z,newsletter,email,desktop
S000066,U0215,2025-06-30T11:57:18Z,google,organic,mobile
S001586,U0239,2025-06-30T16:55:45Z,newsletter,email,mobile
S000546,U0197,2025-07-01T06:34:28Z,direct,(none),desktop
S001991,U0064,2025-07-02T01:57:31Z,google,cpc,desktop
S000011,U0223,2025-07-03T21:05:52Z,newsletter,email,mobile
S002189,U0240,2025-07-04T08:23:14Z,direct,(none),tablet
S000670,U0195,2025-07-04T09:06:20Z,newsletter,email,mobile
S002113,U0032,2025-07-04T23:25:52Z,facebook,paid_social,desktop
S001179,U0211,2025-07-06T18:29:20Z,affiliate,affiliate,mobile
S001647,U0117,2025-07-07T16:44:41Z,newsletter,email,mobile
S001026,U0157,2025-07-07T18:36:47Z,direct,(none),mobile
S001718,U0124,2025-07-07T20:40:09Z,google,organic,tablet
S001719,U0207,2025-07-09T13:32:04Z,direct,(none),mobile
S000402,U0173,2025-07-09T22:06:48Z,tiktok,social,mobile
S000515,U0005,2025-07-10T05:20:03Z,google,cpc,desktop
S001355,U0122,2025-07-10T20:13:19Z,newsletter,email,mobile
S000157,U0154,2025-07-11T00:19:18Z,direct,(none),mobile
S000655,U0151,2025-07-11T02:28:17Z,direct,(none),mobile
S000451,U0014,2025-07-12T07:57:06Z,direct,(none),mobile
S001030,U0173,2025-07-12T13:43:31Z,google,cpc,desktop
S002109,U0221,2025-07-13T00:20:41Z,newsletter,email,mobile
S000128,U0137,2025-07-13T01:39:53Z,affiliate,affiliate,mobile
S000740,U0003,2025-07-13T11:10:23Z,facebook,paid_social,mobile
S001213,U0032,2025-07-15T02:20:36Z,direct,(none),desktop
S000172,U0244,2025-07-15T14:53:44Z,direct,(none),desktop
S001180,U0062,2025-07-16T05:01:26Z,google,organic,mobile
S001912,U0006,2025-07-16T10:45:31Z,newsletter,email,mobile
S002471,U0046,2025-07-16T17:38:01Z,newsletter,email,desktop
S001341,U0075,2025-07-18T05:23:09Z,direct,(none),mobile
S000058,U0204,2025-07-18T08:12:45Z,referral,referral,desktop
S000816,U0062,2025-07-18T15:36:55Z,facebook,paid_social,tablet
S000550,U0003,2025-07-19T16:09:48Z,google,cpc,mobile
S001815,U0240,2025-07-21T20:53:58Z,direct,(none),desktop
S000831,U0006,2025-07-21T22:02:02Z,newsletter,email,mobile
S000905,U0094,2025-07-21T22:58:06Z,direct,(none),mobile
S002495,U0019,2025-07-22T14:29:52Z,google,cpc,desktop
S000183,U0222,2025-07-24T00:20:01Z,facebook,paid_social,desktop
S002564,U0122,2025-07-24T05:35:20Z,bing,cpc,mobile
S001220,U0225,2025-07-24T17:28:09Z,linkedin,social,tablet
S001458,U0049,2025-07-25T22:58:19Z,newsletter,email,desktop
S002483,U0117,2025-07-27T13:56:29Z,facebook,paid_social,tablet
S000268,U0138,2025-07-27T20:28:27Z,facebook,paid_social,desktop
S002588,U0225,2025-07-27T21:08:10Z,facebook,paid_social,mobile
S001080,U0122,2025-07-28T07:02:48Z,google,organic,desktop
S000037,U0221,2025-07-28T10:52:30Z,direct,(none),desktop
S000660,U0118,2025-07-29T10:28:17Z,google,cpc,mobile
S001614,U0143,2025-07-29T19:06:10Z,tiktok,social,mobile
S002481,U0080,2025-07-29T19:10:41Z,newsletter,email,mobile
S000452,U0143,2025-07-30T10:42:47Z,facebook,paid_social,mobile
S002162,U0117,2025-07-31T03:28:32Z,linkedin,paid_social,desktop
S002546,U0120,2025-07-31T11:36:26Z,direct,(none),mobile
S000299,U0084,2025-07-31T16:00:13Z,google,cpc,desktop
S001713,U0005,2025-08-01T02:10:39Z,google,organic,desktop
S002559,U0026,2025-08-01T06:58:24Z,google,cpc,desktop
S001086,U0040,2025-08-02T06:25:27Z,direct,(none),desktop
S000076,U0058,2025-08-02T16:03:28Z,google,organic,desktop
S002213,U0130,2025-08-02T21:56:52Z,facebook,paid_social,mobile
S001107,U0143,2025-08-03T07:07:48Z,direct,(none),desktop
S001526,U0014,2025-08-03T16:54:51Z,tiktok,social,mobile
S000089,U0008,2025-08-03T22:50:17Z,newsletter,email,desktop
S002313,U0239,2025-08-03T23:14:47Z,google,organic,mobile
S001379,U0220,2025-08-04T20:41:46Z,bing,organic,desktop
S002036,U0154,2025-08-04T20:51:06Z,facebook,social,mobile
S000269,U0101,2025-08-05T12:36:52Z,google,organic,tablet
S001090,U0151,2025-08-05T15:06:18Z,google,cpc,desktop
S001141,U0199,2025-08-06T02:18:09Z,direct,(none),mobile
S000821,U0137,2025-08-06T14:39:31Z,affiliate,affiliate,mobile
S000431,U0173,2025-08-07T02:43:23Z,facebook,social,mobile
S001683,U0160,2025-08-07T05:49:56Z,google,organic,mobile
S002414,U0054,2025-08-07T06:32:36Z,direct,(none),tablet
S001688,U0125,2025-08-07T16:36:05Z,direct,(none),mobile
S002314,U0171,2025-08-08T17:23:38Z,google,cpc,desktop
S000193,U0223,2025-08-08T18:37:03Z,bing,cpc,mobile
S000289,U0183,2025-08-09T04:20:25Z,direct,(none),mobile
S000125,U0062,2025-08-10T20:32:12Z,direct,(none),mobile
S000814,U0075,2025-08-11T19:24:49Z,facebook,social,mobile
S000331,U0213,2025-08-12T01:57:47Z,direct,(none),mobile
S001300,U0053,2025-08-12T05:36:19Z,bing,organic,desktop
S002327,U0234,2025-08-12T12:41:40Z,direct,(none),desktop
S001951,U0192,2025-08-12T16:11:42Z,newsletter,email,mobile
S002181,U0040,2025-08-12T19:17:05Z,direct,(none),desktop
S000534,U0205,2025-08-12T23:07:19Z,google,organic,desktop
S000860,U0019,2025-08-13T09:57:21Z,google,organic,mobile
S001755,U0080,2025-08-13T14:36:28Z,google,cpc,tablet
S002070,U0092,2025-08-13T18:36:39Z,direct,(none),desktop
S001716,U0226,2025-08-13T19:57:09Z,google,organic,mobile
S001711,U0040,2025-08-14T00:23:32Z,facebook,paid_social,desktop
S001899,U0195,2025-08-14T03:38:17Z,facebook,paid_social,desktop
S001253,U0120,2025-08-14T05:29:46Z,google,cpc,mobile
S000809,U0070,2025-08-15T04:04:39Z,google,cpc,mobile
S002459,U0133,2025-08-15T08:08:32Z,facebook,social,desktop
S001820,U0074,2025-08-15T17:20:08Z,facebook,paid_social,desktop
S001593,U0133,2025-08-15T19:21:06Z,google,organic,mobile
S000097,U0006,2025-08-15T21:42:24Z,newsletter,email,mobile
S002051,U0049,2025-08-16T04:03:48Z,direct,(none),desktop
S000239,U0130,2025-08-16T23:21:46Z,google,cpc,mobile
S002198,U0037,2025-08-17T15:26:32Z,google,organic,desktop
S000250,U0090,2025-08-17T19:37:53Z,affiliate,affiliate,desktop
S000959,U0166,2025-08-18T16:06:39Z,google,organic,desktop
S001117,U0154,2025-08-19T22:23:18Z,google,organic,desktop
S002413,U0088,2025-08-20T21:55:06Z,google,cpc,desktop
S000496,U0205,2025-08-21T07:57:10Z,direct,(none),desktop
S000458,U0003,2025-08-21T15:28:14Z,google,cpc,desktop
S000377,U0240,2025-08-22T13:31:05Z,google,cpc,desktop
S002449,U0072,2025-08-22T15:52:42Z,google,organic,mobile
S001729,U0176,2025-08-22T18:19:25Z,facebook,paid_social,mobile
S000405,U0220,2025-08-22T19:03:48Z,facebook,paid_social,desktop
S001114,U0180,2025-08-22T20:59:26Z,direct,(none),mobile
S002145,U0024,2025-08-22T23:06:58Z,google,organic,desktop
S000140,U0048,2025-08-23T01:23:38Z,facebook,paid_social,desktop
S002144,U0189,2025-08-24T00:14:55Z,tiktok,paid_social,mobile
S001373,U0199,2025-08-24T01:18:55Z,google,cpc,mobile
S001919,U0124,2025-08-24T11:46:23Z,direct,(none),desktop
S001723,U0176,2025-08-24T17:35:56Z,facebook,paid_social,desktop
S000350,U0235,2025-08-25T02:24:56Z,facebook,social,desktop
S002351,U0114,2025-08-25T06:24:46Z,referral,referral,mobile
S001900,U0081,2025-08-25T11:41:42Z,facebook,paid_social,desktop
S000438,U0118,2025-08-25T14:49:49Z,newsletter,email,desktop
S001368,U0098,2025-08-26T03:46:09Z,direct,(none),desktop
S001612,U0207,2025-08-26T13:13:08Z,direct,(none),mobile
S001412,U0056,2025-08-26T18:40:15Z,facebook,paid_social,desktop
S001809,U0098,2025-08-26T19:18:40Z,google,cpc,desktop
S001405,U0098,2025-08-27T02:44:33Z,tiktok,paid_social,mobile
S002566,U0125,2025-08-27T10:09:34Z,google,organic,mobile
S000647,U0126,2025-08-27T12:53:24Z,google,organic,desktop
S001504,U0079,2025-08-27T15:53:24Z,newsletter,email,mobile
S001752,U0006,2025-08-27T17:35:35Z,direct,(none),mobile
S001638,U0199,2025-08-28T00:48:57Z,direct,(none),mobile
S001436,U0217,2025-08-28T09:51:13Z,google,organic,tablet
S001632,U0088,2025-08-28T15:13:29Z,facebook,paid_social,desktop
S001025,U0005,2025-08-29T01:26:27Z,bing,cpc,desktop
S002589,U0183,2025-08-29T06:52:03Z,direct,(none),desktop
S000591,U0133,2025-08-29T18:23:24Z,google,cpc,desktop
S002236,U0195,2025-08-30T11:29:59Z,newsletter,email,mobile
S001060,U0217,2025-08-30T12:38:32Z,tiktok,paid_social,mobile
S001435,U0129,2025-08-31T01:55:20Z,google,cpc,mobile
S001690,U0089,2025-08-31T06:11:52Z,tiktok,paid_social,tablet
S000630,U0081,2025-08-31T06:47:14Z,google,organic,mobile
S001941,U0053,2025-08-31T17:57:04Z,google,cpc,desktop
S000870,U0064,2025-09-01T08:06:52Z,google,cpc,mobile
S000874,U0139,2025-09-01T13:12:16Z,facebook,paid_social,mobile
S002234,U0139,2025-09-01T17:18:48Z,google,cpc,desktop
S000119,U0058,2025-09-01T23:26:30Z,direct,(none),mobile
S000773,U0138,2025-09-02T05:27:02Z,tiktok,paid_social,tablet
S000798,U0184,2025-09-02T08:52:44Z,tiktok,paid_social,mobile
S000938,U0165,2025-09-02T11:16:02Z,google,cpc,desktop
S001467,U0062,2025-09-03T13:30:35Z,newsletter,email,mobile
S000873,U0126,2025-09-03T23:58:41Z,google,cpc,mobile
S000414,U0167,2025-09-04T04:04:09Z,direct,(none),desktop
S001208,U0008,2025-09-04T21:28:53Z,referral,referral,desktop
S001065,U0171,2025-09-05T01:01:26Z,affiliate,affiliate,desktop
S000075,U0150,2025-09-05T04:29:33Z,google,cpc,mobile
S000093,U0108,2025-09-05T21:33:48Z,facebook,paid_social,desktop
S002599,U0149,2025-09-06T05:45:16Z,google,organic,mobile
S002309,U0185,2025-09-06T06:19:02Z,bing,organic,desktop
S000707,U0056,2025-09-06T10:48:46Z,google,cpc,mobile
S001388,U0051,2025-09-06T11:01:35Z,direct,(none),mobile
S001153,U0156,2025-09-06T12:39:23Z,affiliate,affiliate,mobile
S001871,U0203,2025-09-06T14:03:03Z,tiktok,social,desktop
S002186,U0026,2025-09-06T21:15:02Z,google,organic,desktop
S000384,U0217,2025-09-07T04:15:37Z,facebook,paid_social,desktop
S001152,U0154,2025-09-07T04:41:57Z,direct,(none),desktop
S001120,U0063,2025-09-08T12:14:50Z,google,cpc,mobile
S000985,U0192,2025-09-08T19:50:05Z,tiktok,paid_social,desktop
S000846,U0185,2025-09-08T21:15:27Z,facebook,social,mobile
S000184,U0101,2025-09-08T22:34:40Z,google,cpc,desktop
S002299,U0020,2025-09-09T00:17:15Z,linkedin,paid_social,mobile
S001450,U0222,2025-09-09T03:38:58Z,google,cpc,desktop
S001617,U0088,2025-09-09T04:16:47Z,bing,organic,tablet
S000806,U0150,2025-09-09T12:19:23Z,facebook,paid_social,desktop
S000487,U0192,2025-09-09T16:46:17Z,google,cpc,mobile
S000668,U0195,2025-09-09T22:00:23Z,google,organic,mobile
S000480,U0060,2025-09-10T03:58:35Z,google,cpc,desktop
S002265,U0049,2025-09-10T06:27:55Z,facebook,social,tablet
S001191,U0018,2025-09-10T12:35:27Z,google,organic,desktop
S002016,U0080,2025-09-11T08:42:43Z,bing,cpc,tablet
S002143,U0186,2025-09-11T10:16:40Z,google,cpc,mobile
S002354,U0026,2025-09-11T10:58:04Z,facebook,paid_social,tablet
S000872,U0037,2025-09-13T03:01:50Z,direct,(none),desktop
S002141,U0213,2025-09-13T11:09:53Z,google,cpc,desktop
S001968,U0084,2025-09-13T13:46:46Z,direct,(none),desktop
S000850,U0136,2025-09-13T18:30:06Z,google,cpc,mobile
S000471,U0156,2025-09-13T23:05:33Z,newsletter,email,desktop
S002596,U0226,2025-09-14T10:34:27Z,bing,organic,mobile
S000845,U0062,2025-09-14T12:46:56Z,facebook,social,desktop
S000824,U0243,2025-09-14T13:39:30Z,facebook,paid_social,mobile
S001150,U0235,2025-09-14T15:10:06Z,google,organic,desktop
S000888,U0130,2025-09-14T20:11:21Z,google,cpc,desktop
S000179,U0085,2025-09-15T02:02:43Z,direct,(none),mobile
S002065,U0114,2025-09-15T17:02:15Z,linkedin,social,desktop
S000394,U0167,2025-09-15T18:13:07Z,google,cpc,desktop
S000398,U0019,2025-09-15T20:33:12Z,direct,(none),mobile
S000650,U0240,2025-09-16T04:03:00Z,newsletter,email,mobile
S000030,U0104,2025-09-16T04:15:47Z,facebook,paid_social,mobile
S000607,U0166,2025-09-16T04:52:41Z,google,cpc,mobile
S002514,U0146,2025-09-16T05:07:32Z,direct,(none),mobile
S002498,U0125,2025-09-16T08:46:49Z,affiliate,affiliate,desktop
S002484,U0124,2025-09-16T11:22:05Z,facebook,social,desktop
S000544,U0220,2025-09-16T17:03:48Z,tiktok,paid_social,desktop
S001788,U0158,2025-09-17T00:04:46Z,newsletter,email,mobile
S001851,U0050,2025-09-17T02:33:03Z,google,cpc,mobile
S001935,U0072,2025-09-17T05:56:34Z,google,organic,mobile
S000629,U0051,2025-09-17T08:20:21Z,facebook,paid_social,mobile
S000523,U0239,2025-09-17T13:38:09Z,google,cpc,desktop
S000352,U0146,2025-09-17T17:22:32Z,tiktok,paid_social,desktop
S002521,U0094,2025-09-17T21:26:29Z,google,organic,mobile
S000202,U0237,2025-09-17T22:48:45Z,bing,cpc,desktop
S000858,U0118,2025-09-18T04:01:50Z,google,cpc,mobile
S001351,U0017,2025-09-18T04:06:29Z,referral,referral,desktop
S001656,U0169,2025-09-18T10:02:48Z,google,cpc,mobile
S002248,U0020,2025-09-18T16:21:37Z,google,cpc,mobile
S001307,U0024,2025-09-18T19:02:38Z,google,organic,mobile
S001490,U0026,2025-09-18T20:26:29Z,newsletter,email,desktop
S000573,U0032,2025-09-20T05:39:08Z,google,organic,mobile
S000429,U0058,2025-09-20T08:49:17Z,referral,referral,mobile
S002519,U0090,2025-09-20T15:00:54Z,facebook,paid_social,desktop
S000598,U0151,2025-09-20T17:05:35Z,google,cpc,desktop
S001766,U0089,2025-09-20T18:27:38Z,tiktok,paid_social,mobile
S000724,U0056,2025-09-20T19:15:29Z,google,cpc,tablet
S000204,U0016,2025-09-21T06:21:49Z,google,cpc,desktop
S002573,U0091,2025-09-21T12:03:02Z,direct,(none),desktop
S001135,U0187,2025-09-21T17:17:36Z,google,organic,mobile
S002076,U0007,2025-09-21T21:34:11Z,facebook,social,mobile
S002208,U0014,2025-09-21T23:37:07Z,google,organic,mobile
S002467,U0043,2025-09-22T01:47:05Z,referral,referral,mobile
S001942,U0008,2025-09-22T02:01:25Z,newsletter,email,desktop
S000319,U0052,2025-09-22T04:11:21Z,google,cpc,desktop
S001853,U0192,2025-09-22T08:10:19Z,facebook,paid_social,desktop
S001595,U0222,2025-09-22T08:49:54Z,google,cpc,desktop
S000484,U0101,2025-09-22T21:53:17Z,direct,(none),mobile
S001110,U0201,2025-09-23T03:14:53Z,bing,cpc,mobile
S000792,U0006,2025-09-24T03:07:10Z,bing,organic,mobile
S002092,U0203,2025-09-24T06:03:03Z,referral,referral,desktop
S001364,U0031,2025-09-24T10:22:35Z,direct,(none),desktop
S001408,U0152,2025-09-24T20:43:33Z,facebook,paid_social,desktop
S002217,U0123,2025-09-24T21:04:45Z,tiktok,paid_social,mobile
S002014,U0160,2025-09-25T00:04:22Z,linkedin,paid_social,desktop
S000219,U0124,2025-09-25T00:12:23Z,google,cpc,desktop
S001607,U0153,2025-09-25T02:24:30Z,google,organic,mobile
S001149,U0063,2025-09-25T04:24:30Z,google,organic,desktop
S002517,U0077,2025-09-25T05:02:47Z,google,cpc,mobile
S000464,U0074,2025-09-25T05:55:35Z,facebook,social,mobile
S000981,U0135,2025-09-25T06:43:44Z,google,organic,mobile
S001909,U0101,2025-09-25T10:11:22Z,google,cpc,desktop
S001473,U0149,2025-09-25T18:56:39Z,facebook,paid_social,desktop
S000208,U0002,2025-09-25T20:33:27Z,bing,organic,desktop
S001568,U0160,2025-09-26T16:58:02Z,direct,(none),desktop
S001728,U0060,2025-09-26T21:13:07Z,google,cpc,mobile
S001296,U0166,2025-09-27T02:48:45Z,linkedin,paid_social,desktop
S000915,U0120,2025-09-27T07:53:14Z,facebook,social,mobile
S002165,U0066,2025-09-27T11:32:32Z,google,organic,mobile
S002404,U0226,2025-09-27T12:59:22Z,google,organic,desktop
S001134,U0171,2025-09-27T15:04:48Z,google,organic,desktop
S002428,U0217,2025-09-27T23:44:43Z,linkedin,paid_social,mobile
S001416,U0239,2025-09-28T10:26:37Z,affiliate,affiliate,desktop
S000835,U0075,2025-09-28T15:56:02Z,google,organic,mobile
S001219,U0124,2025-09-28T22:32:37Z,facebook,social,mobile
S002078,U0084,2025-09-29T03:48:03Z,facebook,paid_social,desktop
S002120,U0150,2025-09-29T08:51:51Z,google,organic,mobile
S000990,U0033,2025-09-30T12:43:29Z,direct,(none),tablet
S002518,U0132,2025-09-30T13:42:38Z,newsletter,email,mobile
S000760,U0185,2025-09-30T15:09:59Z,direct,(none),mobile
S002001,U0033,2025-09-30T20:11:21Z,google,cpc,desktop
S000409,U0220,2025-09-30T20:41:08Z,direct,(none),mobile
S000296,U0017,2025-09-30T20:56:50Z,affiliate,affiliate,desktop
S001817,U0211,2025-09-30T22:01:06Z,google,organic,mobile
S001019,U0216,2025-09-30T23:18:58Z,google,organic,tablet
S000386,U0132,2025-10-01T01:09:53Z,direct,(none),desktop
S001842,U0150,2025-10-01T02:57:55Z,google,cpc,mobile
S002235,U0010,2025-10-01T06:08:54Z,google,organic,mobile
S001328,U0201,2025-10-01T07:05:27Z,newsletter,email,desktop
S001073,U0037,2025-10-01T10:12:10Z,tiktok,paid_social,desktop
S001831,U0022,2025-10-01T11:51:55Z,direct,(none),mobile
S000401,U0195,2025-10-02T01:10:21Z,google,organic,tablet
S000577,U0072,2025-10-02T04:53:51Z,google,organic,desktop
S000346,U0133,2025-10-02T14:26:28Z,google,cpc,mobile
S001975,U0063,2025-10-02T14:52:53Z,newsletter,email,mobile
S000365,U0170,2025-10-03T02:10:41Z,google,organic,mobile
S001483,U0089,2025-10-03T13:01:54Z,google,organic,desktop
S000376,U0136,2025-10-03T13:24:56Z,facebook,paid_social,mobile
S001783,U0170,2025-10-03T17:42:43Z,facebook,paid_social,desktop
S001685,U0230,2025-10-04T02:18:35Z,direct,(none),mobile
S001354,U0230,2025-10-04T05:22:06Z,direct,(none),desktop
S001827,U0079,2025-10-04T07:27:31Z,bing,organic,mobile
S000622,U0166,2025-10-04T13:35:02Z,google,organic,desktop
S002111,U0053,2025-10-04T18:02:45Z,bing,cpc,desktop
S001492,U0032,2025-10-04T19:25:29Z,direct,(none),mobile
S002544,U0129,2025-10-05T02:11:17Z,tiktok,paid_social,desktop
S000118,U0092,2025-10-05T07:54:04Z,bing,organic,mobile
S000245,U0090,2025-10-06T06:09:47Z,direct,(none),desktop
S001475,U0215,2025-10-06T06:21:09Z,newsletter,email,mobile
S001455,U0101,2025-10-06T07:41:09Z,google,organic,desktop
S001567,U0018,2025-10-06T09:01:29Z,google,cpc,desktop
S001261,U0213,2025-10-06T11:32:22Z,affiliate,affiliate,mobile
S000187,U0010,2025-10-06T11:56:19Z,google,organic,tablet
S002153,U0188,2025-10-06T12:12:20Z,google,organic,mobile
S001099,U0215,2025-10-06T16:13:21Z,newsletter,email,mobile
S002247,U0133,2025-10-06T17:04:51Z,google,cpc,desktop
S002306,U0217,2025-10-07T00:45:37Z,affiliate,affiliate,mobile
S000992,U0222,2025-10-07T03:23:55Z,tiktok,paid_social,mobile
S001052,U0046,2025-10-07T04:32:52Z,google,organic,desktop
S002028,U0225,2025-10-07T08:36:01Z,google,cpc,desktop
S000612,U0098,2025-10-07T09:34:56Z,google,organic,mobile
S002303,U0043,2025-10-07T16:08:41Z,direct,(none),desktop
S001545,U0241,2025-10-07T20:12:00Z,google,organic,desktop
S002382,U0063,2025-10-08T02:22:52Z,google,organic,desktop
S002542,U0007,2025-10-08T02:48:06Z,tiktok,paid_social,mobile
S001795,U0077,2025-10-08T04:03:38Z,google,organic,tablet
S001166,U0063,2025-10-08T15:06:19Z,google,organic,mobile
S000170,U0238,2025-10-08T17:01:37Z,google,cpc,desktop
S000540,U0149,2025-10-08T21:21:55Z,bing,organic,mobile
S000194,U0138,2025-10-09T02:58:21Z,newsletter,email,desktop
S000912,U0178,2025-10-09T09:11:28Z,direct,(none),desktop
S000825,U0031,2025-10-09T10:07:48Z,google,cpc,desktop
S002426,U0060,2025-10-09T10:26:14Z,google,organic,mobile
S001345,U0085,2025-10-09T17:46:54Z,tiktok,paid_social,mobile
S000950,U0146,2025-10-09T17:59:18Z,google,cpc,mobile
S002259,U0107,2025-10-09T18:31:39Z,direct,(none),desktop
S000734,U0154,2025-10-10T02:54:48Z,newsletter,email,mobile
S001901,U0126,2025-10-10T10:05:04Z,direct,(none),mobile
S001092,U0046,2025-10-10T16:48:26Z,affiliate,affiliate,desktop
S001187,U0030,2025-10-10T17:35:50Z,facebook,paid_social,desktop
S002287,U0035,2025-10-10T21:24:25Z,facebook,social,mobile
S001008,U0005,2025-10-11T01:59:19Z,tiktok,social,mobile
S001236,U0072,2025-10-11T06:03:11Z,google,cpc,mobile
S001010,U0074,2025-10-11T07:36:48Z,bing,cpc,desktop
S001732,U0197,2025-10-11T13:49:07Z,newsletter,email,desktop
S001829,U0037,2025-10-11T16:16:37Z,affiliate,affiliate,mobile
S002119,U0211,2025-10-12T01:35:27Z,facebook,social,desktop
S001181,U0032,2025-10-12T04:13:48Z,direct,(none),mobile
S001235,U0187,2025-10-12T05:06:20Z,google,cpc,desktop
S001623,U0061,2025-10-12T05:50:44Z,google,cpc,desktop
S000744,U0107,2025-10-12T06:26:17Z,direct,(none),mobile
S001265,U0176,2025-10-12T08:40:24Z,direct,(none),desktop
S001689,U0239,2025-10-12T10:17:06Z,newsletter,email,mobile
S002044,U0122,2025-10-12T12:05:49Z,google,cpc,mobile
S001985,U0205,2025-10-12T13:49:27Z,referral,referral,mobile
S002003,U0169,2025-10-12T17:01:03Z,facebook,paid_social,desktop
S000373,U0165,2025-10-12T19:02:12Z,google,organic,mobile
S000408,U0148,2025-10-12T21:46:14Z,affiliate,affiliate,desktop
S000737,U0056,2025-10-12T22:24:23Z,google,cpc,mobile
S001284,U0197,2025-10-13T05:43:41Z,affiliate,affiliate,desktop
S002215,U0070,2025-10-13T09:01:41Z,newsletter,email,mobile
S001676,U0163,2025-10-14T02:29:50Z,affiliate,affiliate,mobile
S002465,U0228,2025-10-14T07:21:35Z,facebook,paid_social,desktop
S001299,U0226,2025-10-14T20:40:00Z,direct,(none),desktop
S001844,U0138,2025-10-14T22:37:05Z,google,organic,mobile
S000548,U0133,2025-10-15T10:30:18Z,referral,referral,desktop
S000780,U0111,2025-10-15T11:13:37Z,direct,(none),desktop
S000013,U0058,2025-10-15T11:54:32Z,facebook,paid_social,mobile
S000640,U0216,2025-10-15T15:40:29Z,newsletter,email,mobile
S001144,U0245,2025-10-16T01:07:42Z,direct,(none),mobile
S001744,U0056,2025-10-16T01:56:20Z,google,organic,desktop
S001996,U0166,2025-10-16T03:42:53Z,google,cpc,mobile
S000065,U0032,2025-10-16T05:25:43Z,direct,(none),mobile
S000133,U0122,2025-10-16T07:35:58Z,google,organic,mobile
S001925,U0064,2025-10-16T08:56:31Z,bing,cpc,mobile
S000074,U0125,2025-10-16T15:23:52Z,google,organic,desktop
S000096,U0196,2025-10-16T15:38:08Z,direct,(none),desktop
S001169,U0049,2025-10-16T16:49:30Z,tiktok,paid_social,desktop
S002537,U0184,2025-10-16T18:58:10Z,facebook,paid_social,mobile
S000784,U0008,2025-10-17T04:49:01Z,referral,referral,mobile
S001498,U0026,2025-10-17T06:09:37Z,newsletter,email,desktop
S002211,U0217,2025-10-17T10:42:16Z,google,cpc,mobile
S002100,U0045,2025-10-17T16:37:49Z,google,organic,mobile
S001413,U0033,2025-10-17T20:01:20Z,google,organic,desktop
S001905,U0221,2025-10-17T20:31:22Z,tiktok,paid_social,mobile
S001710,U0207,2025-10-18T04:52:54Z,google,cpc,desktop
S002225,U0193,2025-10-18T16:13:38Z,direct,(none),desktop
S002017,U0054,2025-10-18T17:51:04Z,facebook,paid_social,mobile
S001342,U0070,2025-10-19T03:16:18Z,facebook,social,desktop
S002374,U0105,2025-10-19T03:40:26Z,google,organic,mobile
S002433,U0035,2025-10-19T07:31:24Z,google,organic,mobile
S001338,U0098,2025-10-19T10:07:34Z,google,cpc,desktop
S000956,U0032,2025-10-19T10:45:16Z,referral,referral,desktop
S002551,U0141,2025-10-19T15:13:28Z,bing,organic,tablet
S000279,U0241,2025-10-20T03:30:21Z,google,cpc,desktop
S000062,U0092,2025-10-20T03:49:39Z,referral,referral,desktop
S000082,U0070,2025-10-20T08:25:22Z,facebook,paid_social,mobile
S002511,U0106,2025-10-20T09:47:57Z,direct,(none),mobile
S000053,U0065,2025-10-20T22:20:53Z,facebook,social,desktop
S002024,U0160,2025-10-20T23:24:14Z,direct,(none),desktop
S001530,U0108,2025-10-21T02:23:53Z,bing,cpc,mobile
S001599,U0142,2025-10-21T02:45:20Z,facebook,social,mobile
S002462,U0037,2025-10-21T04:45:05Z,google,organic,mobile
S002182,U0021,2025-10-21T06:28:03Z,affiliate,affiliate,mobile
S000944,U0062,2025-10-21T09:51:18Z,google,cpc,mobile
S000120,U0183,2025-10-21T10:22:39Z,google,cpc,mobile
S000271,U0152,2025-10-21T15:25:59Z,linkedin,paid_social,mobile
S000592,U0222,2025-10-21T23:17:56Z,google,organic,mobile
S000648,U0235,2025-10-22T00:01:29Z,google,organic,mobile
S001007,U0010,2025-10-22T04:12:33Z,direct,(none),desktop
S002503,U0238,2025-10-22T05:11:52Z,google,organic,desktop
S001339,U0215,2025-10-22T06:22:46Z,google,cpc,mobile
S000478,U0136,2025-10-22T08:53:35Z,google,cpc,mobile
S000954,U0104,2025-10-22T09:40:48Z,referral,referral,mobile
S000628,U0106,2025-10-22T10:34:01Z,google,organic,mobile
S002584,U0146,2025-10-22T14:34:53Z,bing,cpc,mobile
S000004,U0215,2025-10-22T16:15:10Z,google,cpc,mobile
S001314,U0215,2025-10-22T17:57:29Z,bing,organic,desktop
S001563,U0158,2025-10-23T01:22:44Z,referral,referral,desktop
S002015,U0207,2025-10-23T02:46:51Z,tiktok,paid_social,desktop
S000615,U0079,2025-10-23T05:39:27Z,tiktok,paid_social,mobile
S002496,U0034,2025-10-23T09:25:53Z,google,organic,mobile
S000456,U0054,2025-10-23T09:54:58Z,google,cpc,desktop
S000900,U0143,2025-10-23T11:38:26Z,facebook,paid_social,mobile
S001806,U0017,2025-10-23T22:16:51Z,google,cpc,desktop
S000769,U0013,2025-10-24T07:33:24Z,direct,(none),mobile
S001677,U0178,2025-10-24T10:12:29Z,direct,(none),mobile
S001452,U0098,2025-10-24T11:35:30Z,referral,referral,tablet
S002233,U0031,2025-10-24T14:36:36Z,google,cpc,desktop
S000512,U0030,2025-10-24T20:18:49Z,facebook,social,mobile
S000589,U0054,2025-10-24T22:41:13Z,bing,organic,desktop
S000958,U0125,2025-10-25T00:03:11Z,google,organic,desktop
S000595,U0145,2025-10-25T02:06:31Z,google,organic,mobile
S001140,U0025,2025-10-26T03:43:55Z,newsletter,email,mobile
S001717,U0216,2025-10-26T03:55:42Z,facebook,social,mobile
S001556,U0108,2025-10-26T04:18:29Z,facebook,paid_social,desktop
S000132,U0058,2025-10-26T04:48:52Z,google,organic,desktop
S000298,U0062,2025-10-26T05:23:59Z,google,cpc,tablet
S001680,U0145,2025-10-26T08:02:08Z,facebook,paid_social,mobile
S001428,U0154,2025-10-26T10:46:07Z,google,organic,desktop
S002336,U0157,2025-10-26T17:01:45Z,newsletter,email,mobile
S001311,U0120,2025-10-26T19:50:37Z,tiktok,paid_social,mobile
S001958,U0148,2025-10-26T20:47:14Z,direct,(none),mobile
S002581,U0167,2025-10-26T21:04:39Z,google,cpc,mobile
S000714,U0026,2025-10-27T00:28:12Z,direct,(none),mobile
S002272,U0207,2025-10-27T02:04:04Z,google,organic,mobile
S001205,U0063,2025-10-27T06:56:36Z,tiktok,paid_social,mobile
S002083,U0022,2025-10-27T22:35:11Z,google,organic,mobile
S000253,U0105,2025-10-27T23:16:58Z,google,cpc,mobile
S001885,U0015,2025-10-27T23:19:07Z,google,organic,mobile
S001764,U0107,2025-10-28T01:54:58Z,facebook,paid_social,mobile
S001511,U0242,2025-10-28T05:03:23Z,google,organic,desktop
S001294,U0005,2025-10-28T09:23:27Z,google,cpc,desktop
S000085,U0235,2025-10-28T10:42:35Z,affiliate,affiliate,desktop
S002455,U0221,2025-10-28T14:11:50Z,google,cpc,desktop
S000391,U0189,2025-10-28T21:06:41Z,google,cpc,mobile
S000138,U0126,2025-10-29T06:05:23Z,google,cpc,mobile
S000173,U0197,2025-10-29T12:42:29Z,newsletter,email,mobile
S001076,U0106,2025-10-29T16:46:33Z,direct,(none),mobile
S001721,U0072,2025-10-29T16:52:53Z,newsletter,email,desktop
S001126,U0130,2025-10-29T18:33:40Z,google,organic,desktop
S000723,U0127,2025-10-30T05:39:52Z,tiktok,paid_social,mobile
S000662,U0008,2025-10-30T05:50:24Z,referral,referral,mobile
S001310,U0158,2025-10-30T08:28:45Z,google,organic,desktop
S001673,U0061,2025-10-30T10:33:39Z,newsletter,email,desktop
S002448,U0026,2025-10-30T14:34:43Z,direct,(none),desktop
S000604,U0075,2025-10-30T15:47:07Z,tiktok,paid_social,mobile
S002050,U0172,2025-10-30T21:41:52Z,newsletter,email,desktop
S001440,U0042,2025-10-31T00:46:20Z,affiliate,affiliate,desktop
S000937,U0213,2025-10-31T00:48:18Z,google,cpc,desktop
S002080,U0132,2025-10-31T00:52:24Z,direct,(none),desktop
S000613,U0082,2025-10-31T04:34:53Z,bing,organic,desktop
S002180,U0018,2025-10-31T05:58:42Z,facebook,paid_social,mobile
S002254,U0064,2025-10-31T07:43:02Z,newsletter,email,desktop
S000486,U0228,2025-10-31T08:02:26Z,direct,(none),desktop
S001396,U0040,2025-10-31T12:03:24Z,facebook,paid_social,mobile
S001160,U0105,2025-10-31T14:32:04Z,google,organic,desktop
S002193,U0172,2025-10-31T16:21:02Z,direct,(none),desktop
S000973,U0104,2025-10-31T18:32:22Z,direct,(none),desktop
S002577,U0152,2025-10-31T20:46:44Z,google,cpc,desktop
S001926,U0241,2025-10-31T23:12:46Z,tiktok,social,desktop
S002063,U0160,2025-11-01T01:25:00Z,affiliate,affiliate,mobile
S001947,U0244,2025-11-01T03:00:18Z,google,cpc,mobile
S000494,U0245,2025-11-01T10:32:52Z,newsletter,email,desktop
S002090,U0106,2025-11-01T12:28:07Z,tiktok,social,mobile
S001589,U0158,2025-11-01T13:09:39Z,facebook,social,mobile
S000057,U0142,2025-11-01T13:35:43Z,google,cpc,desktop
S001845,U0118,2025-11-01T17:10:51Z,google,cpc,desktop
S001705,U0153,2025-11-01T18:52:44Z,newsletter,email,desktop
S000019,U0032,2025-11-01T19:00:18Z,newsletter,email,mobile
S000527,U0026,2025-11-01T19:02:09Z,newsletter,email,desktop
S001983,U0139,2025-11-01T21:32:09Z,tiktok,social,mobile
S002042,U0090,2025-11-02T00:08:49Z,direct,(none),mobile
S002174,U0186,2025-11-02T01:10:55Z,tiktok,paid_social,mobile
S002569,U0152,2025-11-02T01:46:48Z,facebook,social,desktop
S001725,U0146,2025-11-02T02:29:01Z,referral,referral,mobile
S002412,U0129,2025-11-02T05:51:56Z,google,organic,desktop
S001748,U0091,2025-11-02T12:15:15Z,facebook,social,mobile
S001687,U0120,2025-11-02T13:33:37Z,affiliate,affiliate,mobile
S001645,U0063,2025-11-02T14:40:58Z,direct,(none),desktop
S000923,U0040,2025-11-02T16:34:38Z,tiktok,paid_social,mobile
S000395,U0091,2025-11-02T17:41:57Z,direct,(none),mobile
S001836,U0242,2025-11-02T18:41:11Z,google,cpc,desktop
S002046,U0143,2025-11-02T19:59:17Z,google,cpc,mobile
S000344,U0223,2025-11-02T22:50:53Z,direct,(none),mobile
S001746,U0098,2025-11-03T00:35:35Z,google,cpc,mobile
S001507,U0137,2025-11-03T02:32:54Z,google,cpc,desktop
S001846,U0193,2025-11-03T02:38:22Z,linkedin,paid_social,mobile
S000301,U0217,2025-11-03T11:14:46Z,direct,(none),desktop
S001077,U0241,2025-11-03T14:05:34Z,direct,(none),desktop
S002099,U0025,2025-11-03T15:02:33Z,linkedin,social,mobile
S002477,U0021,2025-11-03T18:35:21Z,google,cpc,mobile
S001796,U0221,2025-11-03T19:11:04Z,direct,(none),desktop
S001750,U0237,2025-11-03T20:32:38Z,newsletter,email,mobile
S000848,U0079,2025-11-03T21:51:03Z,google,cpc,mobile
S002128,U0202,2025-11-04T02:39:30Z,google,organic,desktop
S001468,U0080,2025-11-04T05:54:28Z,referral,referral,mobile
S002339,U0005,2025-11-04T08:33:37Z,direct,(none),desktop
S001272,U0085,2025-11-04T08:55:37Z,referral,referral,desktop
S001881,U0099,2025-11-04T11:31:30Z,direct,(none),mobile
S002200,U0166,2025-11-04T12:00:08Z,newsletter,email,desktop
S000795,U0064,2025-11-04T12:45:31Z,bing,organic,desktop
S002054,U0061,2025-11-04T13:17:03Z,google,cpc,mobile
S001793,U0002,2025-11-04T16:58:46Z,bing,cpc,desktop
S002456,U0154,2025-11-04T20:28:55Z,google,organic,desktop
S002091,U0014,2025-11-04T23:30:34Z,linkedin,paid_social,mobile
S001997,U0032,2025-11-05T03:05:21Z,google,cpc,mobile
S001792,U0100,2025-11-05T06:54:29Z,newsletter,email,mobile
S000106,U0052,2025-11-05T09:19:37Z,affiliate,affiliate,desktop
S000434,U0061,2025-11-05T14:38:49Z,google,organic,desktop
S000528,U0063,2025-11-06T05:58:08Z,facebook,social,desktop
S000862,U0225,2025-11-06T07:51:57Z,referral,referral,desktop
S001784,U0138,2025-11-06T11:52:30Z,facebook,paid_social,desktop
S000899,U0203,2025-11-06T13:03:27Z,google,organic,tablet
S000244,U0081,2025-11-06T15:01:52Z,referral,referral,mobile
S000790,U0169,2025-11-06T15:22:04Z,facebook,paid_social,desktop
S001850,U0210,2025-11-06T18:13:36Z,facebook,social,mobile
S002595,U0108,2025-11-06T19:29:36Z,google,cpc,desktop
S001248,U0035,2025-11-06T21:18:44Z,google,cpc,mobile
S002500,U0240,2025-11-06T23:00:06Z,google,organic,mobile
S000491,U0145,2025-11-07T03:25:14Z,facebook,social,desktop
S000026,U0234,2025-11-07T13:16:40Z,facebook,paid_social,mobile
S001857,U0164,2025-11-07T18:17:28Z,direct,(none),mobile
S001049,U0023,2025-11-07T19:33:28Z,facebook,paid_social,mobile
S002150,U0108,2025-11-08T01:54:42Z,facebook,paid_social,mobile
S000735,U0014,2025-11-08T07:23:04Z,tiktok,paid_social,desktop
S000262,U0120,2025-11-08T11:48:31Z,google,organic,tablet
S000963,U0143,2025-11-08T13:10:49Z,google,cpc,mobile
S001533,U0098,2025-11-08T14:40:19Z,referral,referral,mobile
S000511,U0056,2025-11-08T14:56:34Z,direct,(none),mobile
S000506,U0197,2025-11-08T20:43:36Z,newsletter,email,desktop
S001255,U0235,2025-11-08T21:00:08Z,facebook,social,desktop
S000130,U0245,2025-11-08T23:13:30Z,google,cpc,mobile
S001959,U0046,2025-11-08T23:53:17Z,google,cpc,tablet
S002411,U0075,2025-11-09T00:16:42Z,google,cpc,tablet
S000849,U0203,2025-11-09T01:10:13Z,facebook,paid_social,desktop
S000345,U0122,2025-11-09T04:22:52Z,google,cpc,desktop
S002578,U0019,2025-11-09T05:02:19Z,google,organic,mobile
S002277,U0114,2025-11-09T06:57:15Z,facebook,paid_social,desktop
S001083,U0051,2025-11-09T14:05:15Z,direct,(none),mobile
S000275,U0099,2025-11-09T16:18:00Z,referral,referral,desktop
S002533,U0241,2025-11-09T16:50:41Z,bing,cpc,mobile
S002207,U0111,2025-11-09T17:24:00Z,affiliate,affiliate,mobile
S000407,U0058,2025-11-09T17:41:16Z,facebook,paid_social,desktop
S001301,U0172,2025-11-09T19:23:38Z,tiktok,paid_social,mobile
S000185,U0023,2025-11-09T20:33:07Z,direct,(none),mobile
S001738,U0224,2025-11-09T23:36:23Z,linkedin,social,mobile
S002506,U0239,2025-11-10T02:12:10Z,affiliate,affiliate,mobile
S002557,U0220,2025-11-10T02:30:59Z,linkedin,paid_social,mobile
S002188,U0100,2025-11-10T03:41:58Z,google,cpc,mobile
S001493,U0010,2025-11-10T05:34:37Z,facebook,social,mobile
S002121,U0037,2025-11-10T09:26:07Z,google,cpc,mobile
S002245,U0105,2025-11-10T12:58:06Z,tiktok,paid_social,mobile
S000562,U0201,2025-11-10T14:48:38Z,facebook,paid_social,mobile
S001051,U0090,2025-11-10T16:48:27Z,direct,(none),mobile
S000210,U0220,2025-11-10T18:23:55Z,facebook,paid_social,mobile
S001036,U0164,2025-11-10T18:24:10Z,facebook,paid_social,desktop
S001350,U0034,2025-11-10T18:33:25Z,google,cpc,desktop
S000921,U0035,2025-11-10T20:32:07Z,facebook,social,mobile
S000270,U0201,2025-11-10T21:18:58Z,google,organic,desktop
S001377,U0154,2025-11-10T23:29:45Z,google,cpc,desktop
S000521,U0146,2025-11-11T00:52:15Z,direct,(none),mobile
S000502,U0035,2025-11-11T05:17:02Z,affiliate,affiliate,desktop
S002447,U0085,2025-11-11T10:56:11Z,tiktok,paid_social,desktop
S001714,U0139,2025-11-11T11:23:55Z,google,organic,tablet
S000038,U0170,2025-11-11T16:57:03Z,google,cpc,mobile
S002251,U0204,2025-11-11T17:44:40Z,bing,organic,mobile
S002164,U0228,2025-11-11T20:25:02Z,google,organic,desktop
S000469,U0204,2025-11-11T23:18:01Z,google,organic,mobile
S000834,U0220,2025-11-12T06:22:47Z,newsletter,email,mobile
S001828,U0222,2025-11-12T07:16:56Z,linkedin,paid_social,mobile
S001664,U0054,2025-11-12T08:55:27Z,referral,referral,mobile
S001196,U0242,2025-11-12T09:16:22Z,direct,(none),desktop
S001523,U0234,2025-11-12T09:51:47Z,facebook,paid_social,mobile
S001666,U0215,2025-11-12T11:32:35Z,direct,(none),mobile
S002025,U0242,2025-11-12T18:20:26Z,google,organic,mobile
S000504,U0082,2025-11-12T18:58:18Z,direct,(none),tablet
S000933,U0014,2025-11-12T19:40:35Z,direct,(none),mobile
S002371,U0053,2025-11-12T21:18:30Z,google,organic,desktop
S000711,U0048,2025-11-12T21:28:53Z,facebook,paid_social,mobile
S002525,U0108,2025-11-13T05:01:52Z,facebook,paid_social,desktop
S001068,U0100,2025-11-13T05:27:36Z,direct,(none),desktop
S002282,U0020,2025-11-13T14:54:50Z,google,organic,tablet
S000080,U0180,2025-11-13T15:41:51Z,google,cpc,desktop
S002341,U0086,2025-11-13T16:59:13Z,google,organic,mobile
S002275,U0189,2025-11-13T20:06:28Z,google,organic,mobile
S002349,U0202,2025-11-13T20:53:04Z,facebook,paid_social,tablet
S000206,U0080,2025-11-14T02:33:00Z,google,cpc,mobile
S000304,U0187,2025-11-14T03:23:25Z,google,cpc,mobile
S001281,U0002,2025-11-14T07:55:01Z,bing,organic,desktop
S001123,U0090,2025-11-14T08:59:30Z,facebook,social,desktop
S001600,U0120,2025-11-14T09:44:29Z,direct,(none),mobile
S001583,U0016,2025-11-14T14:29:18Z,facebook,paid_social,mobile
S000974,U0104,2025-11-14T16:07:24Z,google,cpc,mobile
S002147,U0037,2025-11-14T17:16:31Z,newsletter,email,mobile
S000536,U0098,2025-11-14T17:25:50Z,newsletter,email,desktop
S000603,U0066,2025-11-14T18:24:53Z,google,organic,desktop
S000124,U0117,2025-11-14T20:01:41Z,google,cpc,mobile
S002353,U0145,2025-11-14T21:08:14Z,facebook,paid_social,mobile
S000003,U0160,2025-11-14T22:27:21Z,google,cpc,desktop
S001118,U0169,2025-11-15T02:38:17Z,direct,(none),desktop
S001349,U0166,2025-11-15T03:30:36Z,google,organic,desktop
S001946,U0050,2025-11-15T06:22:35Z,facebook,paid_social,mobile
S000174,U0204,2025-11-15T09:17:49Z,direct,(none),tablet
S000349,U0221,2025-11-15T10:04:52Z,google,organic,mobile
S002274,U0108,2025-11-15T13:42:19Z,tiktok,paid_social,tablet
S001222,U0055,2025-11-15T15:05:27Z,google,cpc,desktop
S000983,U0200,2025-11-15T17:51:53Z,direct,(none),mobile
S000770,U0212,2025-11-15T19:01:03Z,facebook,social,tablet
S001592,U0084,2025-11-16T01:00:01Z,google,cpc,tablet
S000832,U0066,2025-11-16T04:41:50Z,tiktok,paid_social,mobile
S002493,U0141,2025-11-16T09:20:22Z,google,cpc,tablet
S000225,U0101,2025-11-16T13:48:59Z,google,organic,desktop
S002242,U0010,2025-11-16T14:55:18Z,tiktok,social,mobile
S002416,U0089,2025-11-16T17:49:53Z,google,cpc,mobile
S002201,U0237,2025-11-16T18:15:02Z,google,organic,mobile
S000418,U0092,2025-11-16T22:52:31Z,google,cpc,mobile
S001223,U0220,2025-11-17T02:14:06Z,google,cpc,desktop
S001949,U0131,2025-11-17T03:09:39Z,google,organic,tablet
S002323,U0045,2025-11-17T03:45:43Z,google,cpc,mobile
S002053,U0203,2025-11-17T05:54:54Z,newsletter,email,mobile
S002203,U0062,2025-11-17T06:49:57Z,newsletter,email,mobile
S001590,U0153,2025-11-17T08:33:29Z,facebook,paid_social,mobile
S002237,U0118,2025-11-17T16:41:34Z,google,cpc,mobile
S001185,U0173,2025-11-17T20:03:32Z,direct,(none),mobile
S001908,U0208,2025-11-17T21:41:32Z,direct,(none),mobile
S000111,U0106,2025-11-17T22:24:14Z,google,cpc,tablet
S000721,U0207,2025-11-17T22:45:27Z,google,cpc,mobile
S000303,U0141,2025-11-18T05:50:53Z,newsletter,email,mobile
S002548,U0106,2025-11-18T07:04:08Z,referral,referral,tablet
S002372,U0048,2025-11-18T18:10:23Z,google,organic,mobile
S000169,U0094,2025-11-18T19:00:19Z,google,cpc,desktop
S000926,U0060,2025-11-18T22:24:08Z,newsletter,email,desktop
S002040,U0166,2025-11-18T22:29:41Z,tiktok,paid_social,desktop
S001330,U0022,2025-11-19T00:20:00Z,facebook,social,mobile
S000886,U0138,2025-11-19T01:07:54Z,direct,(none),mobile
S002062,U0223,2025-11-19T01:42:13Z,affiliate,affiliate,desktop
S001521,U0146,2025-11-19T01:44:51Z,google,organic,mobile
S000582,U0182,2025-11-19T02:12:47Z,linkedin,paid_social,desktop
S000508,U0153,2025-11-19T10:04:06Z,google,organic,mobile
S002312,U0184,2025-11-19T11:25:40Z,facebook,paid_social,mobile
S002410,U0109,2025-11-19T13:00:09Z,google,cpc,mobile
S000205,U0024,2025-11-19T18:59:19Z,affiliate,affiliate,mobile
S001579,U0062,2025-11-19T19:10:25Z,facebook,social,mobile
S000249,U0202,2025-11-19T20:34:42Z,google,organic,mobile
S002583,U0089,2025-11-19T21:12:35Z,tiktok,social,desktop
S000851,U0026,2025-11-19T21:24:19Z,bing,cpc,desktop
S000256,U0058,2025-11-19T21:34:23Z,google,organic,mobile
S002187,U0008,2025-11-19T22:06:10Z,facebook,social,mobile
S002222,U0163,2025-11-19T22:48:47Z,google,organic,mobile
S000753,U0192,2025-11-19T23:20:22Z,tiktok,social,mobile
S001740,U0093,2025-11-19T23:41:43Z,bing,cpc,desktop
S002523,U0007,2025-11-19T23:50:33Z,bing,organic,mobile
S000385,U0045,2025-11-20T02:01:11Z,google,organic,mobile
S000291,U0023,2025-11-20T06:29:45Z,newsletter,email,desktop
S001910,U0187,2025-11-20T06:40:44Z,direct,(none),mobile
S002479,U0107,2025-11-20T08:50:32Z,google,cpc,desktop
S001276,U0147,2025-11-20T08:52:27Z,tiktok,paid_social,desktop
S001381,U0122,2025-11-20T10:13:38Z,google,cpc,mobile
S000470,U0152,2025-11-20T11:12:48Z,facebook,paid_social,mobile
S000710,U0063,2025-11-20T14:38:32Z,google,cpc,desktop
S001186,U0221,2025-11-20T22:07:42Z,affiliate,affiliate,mobile
S002074,U0111,2025-11-21T00:43:12Z,direct,(none),mobile
S002431,U0224,2025-11-21T01:16:54Z,google,cpc,desktop
S000230,U0168,2025-11-21T03:17:23Z,referral,referral,desktop
S001726,U0198,2025-11-21T03:22:07Z,google,organic,mobile
S000991,U0244,2025-11-21T03:46:57Z,google,organic,mobile
S001316,U0224,2025-11-21T06:58:14Z,direct,(none),desktop
S001325,U0237,2025-11-21T07:34:53Z,facebook,social,desktop
S001071,U0133,2025-11-21T08:08:56Z,facebook,paid_social,desktop
S002535,U0189,2025-11-21T08:23:25Z,google,cpc,desktop
S000948,U0042,2025-11-21T09:52:51Z,direct,(none),desktop
S000390,U0019,2025-11-21T12:20:45Z,affiliate,affiliate,mobile
S001011,U0097,2025-11-21T12:51:30Z,newsletter,email,desktop
S002160,U0164,2025-11-21T13:50:18Z,google,cpc,desktop
S002562,U0010,2025-11-21T14:47:29Z,direct,(none),desktop
S000702,U0249,2025-11-21T18:54:29Z,referral,referral,desktop
S001061,U0225,2025-11-21T21:47:21Z,google,organic,desktop
S002133,U0182,2025-11-21T21:56:31Z,linkedin,paid_social,desktop
S001931,U0015,2025-11-22T01:49:04Z,newsletter,email,mobile
S001012,U0118,2025-11-22T03:17:16Z,direct,(none),mobile
S002010,U0145,2025-11-22T04:08:41Z,google,cpc,mobile
S001625,U0171,2025-11-22T06:12:28Z,google,organic,desktop
S001302,U0099,2025-11-22T08:32:36Z,newsletter,email,mobile
S000235,U0141,2025-11-22T12:58:49Z,newsletter,email,desktop
S001128,U0210,2025-11-22T13:06:31Z,newsletter,email,mobile
S001669,U0099,2025-11-22T13:23:50Z,facebook,paid_social,desktop
S001202,U0222,2025-11-22T15:35:32Z,newsletter,email,desktop
S000859,U0068,2025-11-22T15:48:28Z,newsletter,email,mobile
S001162,U0148,2025-11-22T17:38:40Z,direct,(none),desktop
S000856,U0070,2025-11-22T19:55:51Z,referral,referral,desktop
S002556,U0214,2025-11-22T21:31:35Z,google,cpc,desktop
S001014,U0141,2025-11-22T22:37:43Z,facebook,paid_social,mobile
S001063,U0104,2025-11-22T22:50:19Z,google,organic,mobile
S002571,U0049,2025-11-23T04:43:27Z,google,organic,mobile
S001727,U0037,2025-11-23T10:13:02Z,affiliate,affiliate,mobile
S001157,U0199,2025-11-23T10:44:26Z,direct,(none),desktop
S000877,U0235,2025-11-23T12:45:29Z,bing,cpc,mobile
S000754,U0217,2025-11-23T12:48:08Z,google,cpc,desktop
S000733,U0109,2025-11-23T15:21:39Z,bing,organic,mobile
S000766,U0044,2025-11-23T16:08:25Z,linkedin,social,mobile
S002502,U0052,2025-11-23T18:52:22Z,facebook,paid_social,mobile
S002409,U0083,2025-11-23T19:07:35Z,google,cpc,mobile
S002489,U0051,2025-11-23T19:18:53Z,newsletter,email,desktop
S001496,U0145,2025-11-23T20:59:34Z,direct,(none),mobile
S002534,U0170,2025-11-23T21:48:33Z,newsletter,email,desktop
S001004,U0196,2025-11-23T22:48:03Z,facebook,paid_social,desktop
S000338,U0109,2025-11-23T23:52:38Z,google,cpc,mobile
S001532,U0045,2025-11-24T01:42:29Z,facebook,paid_social,tablet
S000121,U0090,2025-11-24T03:00:10Z,facebook,social,desktop
S001156,U0049,2025-11-24T03:25:20Z,google,cpc,mobile
S001954,U0024,2025-11-24T04:07:43Z,google,organic,mobile
S001147,U0177,2025-11-24T05:04:21Z,newsletter,email,tablet
S002098,U0141,2025-11-24T05:58:18Z,direct,(none),desktop
S001892,U0130,2025-11-24T07:21:12Z,newsletter,email,desktop
S001704,U0195,2025-11-24T07:32:49Z,google,cpc,desktop
S000033,U0043,2025-11-24T09:37:21Z,google,organic,mobile
S001510,U0072,2025-11-24T09:42:23Z,facebook,social,mobile
S000698,U0045,2025-11-24T13:46:35Z,referral,referral,desktop
S001119,U0035,2025-11-24T13:50:28Z,tiktok,paid_social,mobile
S000212,U0160,2025-11-24T13:54:29Z,google,cpc,desktop
S001461,U0074,2025-11-24T14:12:37Z,affiliate,affiliate,desktop
S001773,U0188,2025-11-24T15:41:32Z,newsletter,email,mobile
S000483,U0220,2025-11-24T18:01:26Z,facebook,paid_social,tablet
S001659,U0003,2025-11-24T18:02:45Z,google,cpc,mobile
S000153,U0093,2025-11-24T21:13:40Z,google,organic,desktop
S001936,U0060,2025-11-24T22:27:03Z,google,organic,mobile
S000771,U0025,2025-11-25T01:25:16Z,direct,(none),mobile
S001376,U0145,2025-11-25T03:25:48Z,google,cpc,mobile
S000936,U0035,2025-11-25T03:30:27Z,google,organic,desktop
S000371,U0005,2025-11-25T06:54:18Z,newsletter,email,mobile
S000876,U0077,2025-11-25T09:47:51Z,google,organic,desktop
S000520,U0065,2025-11-25T10:29:18Z,google,cpc,mobile
S002439,U0200,2025-11-25T12:25:25Z,google,organic,mobile
S001246,U0008,2025-11-25T14:00:56Z,newsletter,email,desktop
S001877,U0226,2025-11-25T15:50:52Z,facebook,paid_social,tablet
S000109,U0114,2025-11-26T05:25:43Z,newsletter,email,mobile
S000151,U0069,2025-11-26T06:38:17Z,newsletter,email,mobile
S000631,U0133,2025-11-26T10:04:46Z,affiliate,affiliate,mobile
S002362,U0089,2025-11-26T11:42:02Z,direct,(none),mobile
S001066,U0204,2025-11-26T12:25:31Z,google,cpc,desktop
S000910,U0188,2025-11-26T14:21:40Z,facebook,paid_social,mobile
S000104,U0055,2025-11-26T15:27:00Z,google,cpc,mobile
S001028,U0068,2025-11-26T16:45:12Z,facebook,paid_social,mobile
S000278,U0210,2025-11-26T18:17:47Z,tiktok,paid_social,mobile
S000692,U0090,2025-11-26T19:07:17Z,direct,(none),mobile
S000968,U0239,2025-11-26T19:24:01Z,direct,(none),mobile
S000492,U0201,2025-11-26T20:02:52Z,google,cpc,desktop
S001443,U0035,2025-11-26T20:39:48Z,newsletter,email,tablet
S002567,U0170,2025-11-26T22:12:21Z,bing,organic,mobile
S001081,U0137,2025-11-26T22:25:56Z,newsletter,email,mobile
S000909,U0062,2025-11-27T01:46:54Z,affiliate,affiliate,mobile
S001987,U0072,2025-11-27T02:47:42Z,direct,(none),mobile
S001902,U0236,2025-11-27T03:45:19Z,linkedin,social,mobile
S000732,U0130,2025-11-27T04:07:41Z,google,organic,desktop
S002357,U0232,2025-11-27T11:10:21Z,google,cpc,mobile
S001161,U0177,2025-11-27T12:37:08Z,newsletter,email,desktop
S002081,U0134,2025-11-27T13:02:29Z,google,cpc,tablet
S000315,U0028,2025-11-27T17:35:34Z,google,organic,tablet
S001494,U0016,2025-11-27T17:36:20Z,newsletter,email,mobile
S000793,U0180,2025-11-27T20:10:52Z,google,cpc,desktop
S001862,U0007,2025-11-28T01:18:36Z,newsletter,email,tablet
S000440,U0203,2025-11-28T01:54:15Z,google,cpc,mobile
S000357,U0186,2025-11-28T02:08:43Z,direct,(none),mobile
S000678,U0147,2025-11-28T02:37:58Z,tiktok,paid_social,mobile
S001989,U0018,2025-11-28T03:00:03Z,facebook,social,desktop
S001260,U0182,2025-11-28T03:14:12Z,referral,referral,mobile
S002590,U0242,2025-11-28T06:16:37Z,referral,referral,desktop
S002490,U0015,2025-11-28T06:28:45Z,facebook,paid_social,mobile
S000706,U0239,2025-11-28T07:56:42Z,google,cpc,desktop
S001422,U0081,2025-11-28T13:56:40Z,direct,(none),mobile
S000046,U0060,2025-11-28T15:22:39Z,google,organic,mobile
S001584,U0184,2025-11-28T15:54:13Z,facebook,paid_social,mobile
S001210,U0055,2025-11-28T19:19:01Z,facebook,paid_social,mobile
S002102,U0122,2025-11-28T19:24:59Z,direct,(none),mobile
S002397,U0125,2025-11-28T20:04:09Z,google,cpc,desktop
S002396,U0098,2025-11-28T22:56:48Z,google,cpc,desktop
S001427,U0201,2025-11-29T01:48:59Z,google,cpc,tablet
S001218,U0162,2025-11-29T01:53:41Z,google,cpc,mobile
S001742,U0186,2025-11-29T02:32:25Z,facebook,social,mobile
S002375,U0090,2025-11-29T04:43:49Z,google,organic,mobile
S000246,U0008,2025-11-29T04:58:28Z,google,cpc,mobile
S002130,U0035,2025-11-29T07:42:01Z,newsletter,email,mobile
S001237,U0054,2025-11-29T08:58:45Z,facebook,paid_social,mobile
S001671,U0122,2025-11-29T09:26:33Z,google,cpc,desktop
S002221,U0066,2025-11-29T10:23:07Z,tiktok,paid_social,tablet
S000889,U0013,2025-11-29T11:52:53Z,direct,(none),desktop
S002285,U0001,2025-11-29T12:06:41Z,google,organic,mobile
S002461,U0048,2025-11-29T12:33:26Z,google,cpc,desktop
S000051,U0173,2025-11-29T13:31:19Z,direct,(none),desktop
S000742,U0151,2025-11-29T16:27:49Z,google,cpc,mobile
S002227,U0204,2025-11-29T18:54:58Z,google,organic,desktop
S002576,U0050,2025-11-29T19:27:59Z,tiktok,paid_social,mobile
S001697,U0105,2025-11-29T21:24:32Z,direct,(none),desktop
S002385,U0169,2025-11-30T03:04:46Z,facebook,social,mobile
S000297,U0113,2025-11-30T05:42:06Z,facebook,paid_social,desktop
S000070,U0153,2025-11-30T06:24:46Z,direct,(none),desktop
S000736,U0187,2025-11-30T06:48:33Z,newsletter,email,desktop
S002344,U0193,2025-11-30T07:40:36Z,bing,organic,mobile
S000619,U0226,2025-11-30T09:31:27Z,google,organic,mobile
S001263,U0223,2025-11-30T13:43:44Z,facebook,paid_social,mobile
S000717,U0008,2025-11-30T15:17:25Z,facebook,social,mobile
S000881,U0178,2025-11-30T16:41:10Z,referral,referral,desktop
S000989,U0157,2025-11-30T19:15:35Z,direct,(none),mobile
S002027,U0002,2025-11-30T20:42:43Z,tiktok,social,desktop
S000329,U0180,2025-11-30T22:04:10Z,bing,cpc,desktop
S000272,U0192,2025-12-01T04:21:48Z,direct,(none),mobile
S001745,U0040,2025-12-01T05:23:02Z,google,organic,desktop
S001565,U0013,2025-12-01T05:35:16Z,direct,(none),mobile
S000116,U0063,2025-12-01T05:59:24Z,google,cpc,mobile
S000260,U0075,2025-12-01T07:31:33Z,newsletter,email,mobile
S000048,U0135,2025-12-01T07:53:40Z,google,organic,mobile
S001932,U0236,2025-12-01T08:23:28Z,newsletter,email,mobile
S000887,U0172,2025-12-01T09:27:02Z,google,cpc,mobile
S000579,U0154,2025-12-01T09:46:40Z,google,organic,tablet
S000091,U0060,2025-12-01T11:18:45Z,facebook,paid_social,mobile
S002530,U0071,2025-12-01T13:16:04Z,direct,(none),desktop
S001383,U0064,2025-12-01T14:27:41Z,google,organic,desktop
S002216,U0145,2025-12-01T15:16:19Z,google,organic,mobile
S001173,U0141,2025-12-01T16:04:57Z,referral,referral,mobile
S001736,U0040,2025-12-01T16:42:55Z,google,organic,mobile
S001869,U0160,2025-12-01T17:29:49Z,facebook,paid_social,mobile
S001454,U0019,2025-12-01T18:32:44Z,direct,(none),desktop
S000189,U0069,2025-12-01T20:02:18Z,google,organic,mobile
S002089,U0188,2025-12-02T00:47:53Z,google,cpc,mobile
S001596,U0177,2025-12-02T02:51:24Z,facebook,paid_social,mobile
S002004,U0136,2025-12-02T06:45:54Z,direct,(none),mobile
S000729,U0215,2025-12-02T08:11:44Z,google,cpc,mobile
S001285,U0148,2025-12-02T08:49:28Z,google,cpc,mobile
S000925,U0150,2025-12-02T10:41:20Z,facebook,paid_social,mobile
S002022,U0202,2025-12-02T12:55:48Z,referral,referral,mobile
S001918,U0058,2025-12-02T13:37:29Z,google,organic,desktop
S000797,U0187,2025-12-02T15:37:35Z,facebook,social,mobile
S002163,U0098,2025-12-02T15:45:06Z,direct,(none),mobile
S002488,U0203,2025-12-02T19:08:18Z,direct,(none),desktop
S000191,U0034,2025-12-02T23:38:16Z,google,cpc,mobile
S000437,U0080,2025-12-03T01:40:35Z,newsletter,email,mobile
S000283,U0151,2025-12-03T04:36:31Z,referral,referral,mobile
S000588,U0193,2025-12-03T05:15:36Z,direct,(none),desktop
S001866,U0134,2025-12-03T09:58:11Z,newsletter,email,desktop
S001056,U0141,2025-12-03T10:17:20Z,tiktok,social,desktop
S001470,U0083,2025-12-03T10:36:44Z,google,organic,mobile
S000601,U0085,2025-12-03T12:32:29Z,google,cpc,desktop
S000804,U0033,2025-12-03T13:15:55Z,google,cpc,mobile
S001206,U0132,2025-12-03T14:26:20Z,direct,(none),mobile
S001547,U0093,2025-12-03T14:39:22Z,linkedin,paid_social,desktop
S000788,U0083,2025-12-03T15:06:08Z,facebook,paid_social,desktop
S000543,U0006,2025-12-03T17:51:52Z,affiliate,affiliate,desktop
S000290,U0013,2025-12-03T18:16:33Z,google,organic,mobile
S002320,U0151,2025-12-03T18:33:16Z,facebook,paid_social,desktop
S000602,U0142,2025-12-03T18:41:19Z,google,organic,desktop
S002408,U0023,2025-12-04T00:29:37Z,google,organic,desktop
S001062,U0111,2025-12-04T01:20:25Z,google,cpc,mobile
S002031,U0205,2025-12-04T05:33:51Z,facebook,social,desktop
S002159,U0105,2025-12-04T06:48:19Z,google,cpc,desktop
S000927,U0064,2025-12-04T09:42:47Z,newsletter,email,desktop
S001095,U0090,2025-12-04T11:06:43Z,referral,referral,mobile
S002420,U0076,2025-12-04T14:17:22Z,direct,(none),desktop
S001706,U0226,2025-12-04T14:54:30Z,facebook,paid_social,mobile
S002550,U0123,2025-12-04T17:01:23Z,google,organic,desktop
S000149,U0192,2025-12-04T17:45:43Z,google,cpc,mobile
S001072,U0120,2025-12-04T21:00:44Z,facebook,social,mobile
S002305,U0226,2025-12-04T21:52:47Z,google,organic,mobile
S000010,U0234,2025-12-04T22:06:38Z,google,cpc,desktop
S002585,U0147,2025-12-05T01:04:47Z,tiktok,paid_social,desktop
S001615,U0049,2025-12-05T02:27:13Z,bing,cpc,tablet
S000680,U0005,2025-12-05T04:11:07Z,affiliate,affiliate,desktop
S000382,U0145,2025-12-05T04:28:40Z,google,organic,desktop
S002071,U0062,2025-12-05T05:01:07Z,newsletter,email,desktop
S001818,U0158,2025-12-05T05:31:18Z,facebook,social,mobile
S001528,U0152,2025-12-05T05:46:00Z,bing,organic,desktop
S001707,U0076,2025-12-05T07:46:27Z,bing,organic,desktop
S001479,U0198,2025-12-05T08:38:47Z,newsletter,email,desktop
S002057,U0134,2025-12-05T09:56:23Z,google,cpc,mobile
S001695,U0098,2025-12-05T10:49:35Z,direct,(none),desktop
S001201,U0114,2025-12-05T13:41:56Z,facebook,paid_social,desktop
S001217,U0110,2025-12-05T16:37:29Z,newsletter,email,mobile
S000410,U0200,2025-12-05T17:46:10Z,direct,(none),mobile
S001822,U0224,2025-12-05T18:39:07Z,google,organic,desktop
S000131,U0129,2025-12-05T19:59:12Z,tiktok,paid_social,desktop
S002509,U0136,2025-12-05T20:02:18Z,direct,(none),tablet
S000022,U0151,2025-12-05T20:57:53Z,direct,(none),tablet
S002185,U0099,2025-12-06T00:17:28Z,bing,cpc,mobile
S001627,U0198,2025-12-06T00:35:28Z,google,cpc,mobile
S001763,U0013,2025-12-06T00:42:27Z,newsletter,email,tablet
S000342,U0167,2025-12-06T05:53:32Z,google,cpc,desktop
S000334,U0151,2025-12-06T05:58:49Z,direct,(none),tablet
S001029,U0076,2025-12-06T07:17:07Z,google,cpc,desktop
S002302,U0216,2025-12-06T07:48:54Z,facebook,paid_social,mobile
S002507,U0156,2025-12-06T17:14:05Z,google,organic,mobile
S000777,U0146,2025-12-06T20:45:39Z,google,cpc,mobile
S001555,U0170,2025-12-06T22:38:08Z,tiktok,paid_social,desktop
S000857,U0154,2025-12-07T06:00:53Z,newsletter,email,mobile
S000781,U0214,2025-12-07T07:11:24Z,direct,(none),mobile
S000522,U0224,2025-12-07T07:20:44Z,google,cpc,mobile
S002069,U0178,2025-12-07T07:21:28Z,direct,(none),desktop
S000197,U0186,2025-12-07T09:28:08Z,affiliate,affiliate,mobile
S002400,U0132,2025-12-07T09:40:31Z,direct,(none),mobile
S001536,U0171,2025-12-07T11:01:04Z,direct,(none),tablet
S000018,U0114,2025-12-07T11:54:20Z,bing,organic,desktop
S000117,U0019,2025-12-07T11:54:31Z,affiliate,affiliate,mobile
S000199,U0001,2025-12-07T12:09:21Z,google,organic,mobile
S000687,U0070,2025-12-07T12:10:33Z,google,organic,mobile
S000869,U0142,2025-12-07T13:46:18Z,bing,cpc,desktop
S001712,U0025,2025-12-07T18:39:28Z,direct,(none),mobile
S000829,U0152,2025-12-07T19:46:13Z,google,cpc,mobile
S001159,U0084,2025-12-07T20:01:34Z,referral,referral,desktop
S001059,U0210,2025-12-07T22:11:39Z,google,organic,mobile
S000467,U0200,2025-12-07T22:44:42Z,newsletter,email,desktop
S002107,U0173,2025-12-08T00:00:14Z,direct,(none),tablet
S000614,U0030,2025-12-08T00:37:05Z,google,organic,desktop
S000796,U0226,2025-12-08T00:59:03Z,google,cpc,tablet
S002220,U0028,2025-12-08T01:30:39Z,newsletter,email,desktop
S000842,U0248,2025-12-08T02:21:48Z,google,organic,desktop
S001522,U0187,2025-12-08T02:27:03Z,direct,(none),tablet
S002348,U0171,2025-12-08T03:43:43Z,newsletter,email,mobile
S002276,U0148,2025-12-08T04:54:12Z,google,cpc,desktop
S001400,U0187,2025-12-08T07:00:35Z,google,cpc,mobile
S001045,U0104,2025-12-08T07:25:19Z,newsletter,email,mobile
S001170,U0071,2025-12-08T07:30:55Z,tiktok,social,mobile
S001867,U0111,2025-12-08T07:45:20Z,direct,(none),desktop
S001868,U0079,2025-12-08T08:50:46Z,facebook,paid_social,mobile
S001502,U0135,2025-12-08T11:09:36Z,google,cpc,desktop
S000867,U0001,2025-12-08T14:21:41Z,google,cpc,desktop
S000497,U0220,2025-12-08T15:13:21Z,google,cpc,desktop
S002124,U0105,2025-12-08T17:41:22Z,direct,(none),mobile
S000930,U0011,2025-12-08T22:25:56Z,referral,referral,mobile
S001136,U0108,2025-12-08T22:46:21Z,direct,(none),mobile
S001678,U0082,2025-12-09T01:03:03Z,facebook,social,mobile
S000675,U0061,2025-12-09T01:45:07Z,direct,(none),desktop
S000361,U0007,2025-12-09T02:06:02Z,newsletter,email,mobile
S000709,U0107,2025-12-09T02:45:59Z,linkedin,paid_social,mobile
S000307,U0100,2025-12-09T03:39:32Z,newsletter,email,desktop
S001174,U0222,2025-12-09T05:33:14Z,newsletter,email,mobile
S001679,U0062,2025-12-09T06:09:13Z,affiliate,affiliate,mobile
S001990,U0222,2025-12-09T06:14:46Z,google,cpc,mobile
S001920,U0166,2025-12-09T10:09:46Z,newsletter,email,desktop
S000237,U0095,2025-12-09T11:19:41Z,google,cpc,desktop
S002326,U0178,2025-12-09T12:04:50Z,google,organic,mobile
S002077,U0203,2025-12-09T12:33:49Z,direct,(none),mobile
S001980,U0130,2025-12-09T15:11:01Z,google,organic,desktop
S001295,U0037,2025-12-09T15:14:59Z,facebook,paid_social,desktop
S000430,U0044,2025-12-09T16:58:15Z,facebook,paid_social,desktop
S002568,U0072,2025-12-09T18:12:27Z,linkedin,paid_social,mobile
S001489,U0109,2025-12-09T19:40:02Z,google,cpc,desktop
S000719,U0099,2025-12-09T20:32:50Z,newsletter,email,desktop
S001113,U0202,2025-12-09T21:13:54Z,google,cpc,tablet
S002056,U0123,2025-12-09T21:22:49Z,google,cpc,desktop
S001960,U0015,2025-12-09T22:02:43Z,google,organic,desktop
S002361,U0072,2025-12-10T02:21:28Z,linkedin,social,mobile
S002101,U0243,2025-12-10T03:20:59Z,linkedin,social,desktop
S002582,U0202,2025-12-10T03:22:54Z,bing,cpc,mobile
S000918,U0162,2025-12-10T03:55:10Z,facebook,paid_social,mobile
S001825,U0156,2025-12-10T04:27:25Z,direct,(none),desktop
S000951,U0040,2025-12-10T06:25:48Z,direct,(none),desktop
S000681,U0210,2025-12-10T08:15:09Z,google,organic,desktop
S001332,U0238,2025-12-10T08:43:59Z,google,organic,desktop
S000552,U0023,2025-12-10T09:56:22Z,google,cpc,mobile
S002328,U0124,2025-12-10T10:57:42Z,facebook,social,desktop
S000027,U0130,2025-12-10T11:34:29Z,facebook,paid_social,mobile
S000341,U0186,2025-12-10T15:46:43Z,direct,(none),desktop
S000765,U0126,2025-12-10T18:59:00Z,newsletter,email,desktop
S000891,U0130,2025-12-10T20:57:37Z,direct,(none),desktop
S001229,U0065,2025-12-10T21:33:52Z,facebook,paid_social,desktop
S002365,U0033,2025-12-11T01:55:04Z,facebook,paid_social,tablet
S001994,U0239,2025-12-11T03:58:37Z,direct,(none),mobile
S001171,U0001,2025-12-11T04:42:50Z,google,organic,tablet
S000625,U0079,2025-12-11T04:46:11Z,facebook,paid_social,desktop
S000427,U0117,2025-12-11T05:06:05Z,google,organic,mobile
S001751,U0033,2025-12-11T06:42:12Z,google,cpc,mobile
S001131,U0091,2025-12-11T08:45:22Z,facebook,social,desktop
S002394,U0203,2025-12-11T14:52:48Z,facebook,paid_social,desktop
S000785,U0168,2025-12-11T15:52:16Z,bing,cpc,mobile
S001893,U0175,2025-12-11T16:24:47Z,facebook,paid_social,mobile
S001079,U0031,2025-12-11T17:31:47Z,tiktok,social,mobile
S000002,U0213,2025-12-11T18:25:03Z,google,cpc,desktop
S001279,U0188,2025-12-11T19:40:15Z,referral,referral,mobile
S002499,U0196,2025-12-11T20:40:44Z,direct,(none),desktop
S000214,U0084,2025-12-11T21:07:54Z,facebook,social,desktop
S002572,U0154,2025-12-11T22:33:15Z,tiktok,paid_social,mobile
S001447,U0108,2025-12-11T22:55:11Z,google,organic,desktop
S002045,U0242,2025-12-11T23:28:31Z,referral,referral,desktop
S000259,U0237,2025-12-12T01:55:24Z,newsletter,email,mobile
S001273,U0147,2025-12-12T02:38:26Z,facebook,paid_social,mobile
S002418,U0143,2025-12-12T03:51:51Z,direct,(none),mobile
S000126,U0023,2025-12-12T04:43:18Z,google,cpc,mobile
S001594,U0065,2025-12-12T05:25:16Z,direct,(none),desktop
S001940,U0093,2025-12-12T07:53:56Z,tiktok,social,mobile
S000105,U0168,2025-12-12T09:37:31Z,google,organic,desktop
S000894,U0063,2025-12-12T10:32:30Z,direct,(none),desktop
S000240,U0243,2025-12-12T15:32:17Z,facebook,social,desktop
S001578,U0221,2025-12-12T15:44:04Z,bing,cpc,mobile
S001109,U0175,2025-12-12T17:10:38Z,linkedin,paid_social,mobile
S000446,U0185,2025-12-12T20:57:19Z,google,organic,tablet
S001121,U0244,2025-12-12T22:39:40Z,facebook,paid_social,mobile
S001769,U0100,2025-12-12T22:48:45Z,google,cpc,mobile
S000220,U0033,2025-12-12T22:53:39Z,google,organic,mobile
S002117,U0198,2025-12-12T23:46:22Z,google,organic,desktop
S000318,U0128,2025-12-13T01:41:45Z,direct,(none),mobile
S001215,U0202,2025-12-13T02:43:27Z,facebook,paid_social,desktop
S002047,U0226,2025-12-13T03:10:03Z,google,cpc,desktop
S000868,U0090,2025-12-13T03:52:33Z,google,cpc,desktop
S001609,U0193,2025-12-13T07:10:30Z,facebook,paid_social,mobile
S000741,U0111,2025-12-13T07:27:31Z,linkedin,paid_social,desktop
S002048,U0106,2025-12-13T07:59:12Z,newsletter,email,tablet
S001840,U0017,2025-12-13T10:33:22Z,facebook,social,desktop
S000162,U0185,2025-12-13T12:02:26Z,direct,(none),mobile
S002425,U0147,2025-12-13T12:34:56Z,google,cpc,desktop
S001525,U0017,2025-12-13T12:42:26Z,google,organic,desktop
S001843,U0145,2025-12-13T13:11:21Z,google,organic,mobile
S001922,U0162,2025-12-13T14:03:37Z,referral,referral,desktop
S001981,U0088,2025-12-13T15:04:41Z,google,cpc,desktop
S000103,U0099,2025-12-13T15:53:02Z,google,cpc,mobile
S000817,U0094,2025-12-13T16:14:25Z,google,cpc,desktop
S002377,U0220,2025-12-13T18:12:20Z,affiliate,affiliate,mobile
S002325,U0080,2025-12-13T19:27:41Z,google,organic,mobile
S002279,U0130,2025-12-13T20:26:49Z,google,cpc,tablet
S001515,U0082,2025-12-13T20:28:25Z,newsletter,email,desktop
S002132,U0093,2025-12-13T20:48:39Z,google,cpc,mobile
S002463,U0207,2025-12-13T21:49:08Z,google,cpc,desktop
S000209,U0241,2025-12-13T23:14:07Z,facebook,social,desktop
S001477,U0118,2025-12-14T00:55:40Z,direct,(none),mobile
S000165,U0220,2025-12-14T03:16:52Z,facebook,social,desktop
S001365,U0134,2025-12-14T03:39:47Z,facebook,paid_social,mobile
S000362,U0174,2025-12-14T03:41:57Z,google,cpc,desktop
S001367,U0168,2025-12-14T04:01:18Z,affiliate,affiliate,desktop
S000669,U0096,2025-12-14T04:52:25Z,direct,(none),tablet
S000939,U0005,2025-12-14T08:56:18Z,referral,referral,mobile
S002103,U0147,2025-12-14T09:12:37Z,newsletter,email,mobile
S001854,U0175,2025-12-14T11:16:31Z,facebook,paid_social,desktop
S001730,U0205,2025-12-14T15:06:25Z,google,organic,mobile
S001407,U0111,2025-12-14T17:03:34Z,newsletter,email,desktop
S000855,U0133,2025-12-14T19:32:12Z,facebook,social,mobile
S002308,U0029,2025-12-14T21:49:38Z,google,cpc,mobile
S001178,U0184,2025-12-14T23:32:26Z,bing,organic,mobile
S001306,U0108,2025-12-15T02:33:26Z,newsletter,email,desktop
S000712,U0061,2025-12-15T05:35:07Z,facebook,paid_social,mobile
S001417,U0148,2025-12-15T05:37:42Z,direct,(none),mobile
S000192,U0180,2025-12-15T05:53:06Z,direct,(none),mobile
S001336,U0029,2025-12-15T06:45:08Z,tiktok,paid_social,desktop
S000454,U0001,2025-12-15T09:51:43Z,google,cpc,desktop
S001878,U0029,2025-12-15T10:53:59Z,tiktok,paid_social,mobile
S000684,U0061,2025-12-15T11:54:51Z,linkedin,social,desktop
S001663,U0005,2025-12-15T12:11:24Z,newsletter,email,mobile
S000073,U0190,2025-12-15T15:22:49Z,facebook,paid_social,mobile
S001561,U0170,2025-12-15T16:28:45Z,facebook,paid_social,desktop
S000772,U0068,2025-12-15T19:00:53Z,direct,(none),desktop
S001297,U0222,2025-12-15T22:43:52Z,tiktok,paid_social,mobile
S002000,U0217,2025-12-16T00:27:46Z,affiliate,affiliate,mobile
S001667,U0177,2025-12-16T01:15:05Z,tiktok,paid_social,desktop
S001048,U0200,2025-12-16T02:29:05Z,facebook,paid_social,mobile
S002381,U0198,2025-12-16T03:46:08Z,google,cpc,mobile
S001423,U0190,2025-12-16T03:59:25Z,direct,(none),mobile
S000776,U0109,2025-12-16T04:08:39Z,google,cpc,mobile
S000514,U0109,2025-12-16T05:11:26Z,facebook,paid_social,mobile
S000267,U0164,2025-12-16T07:52:36Z,newsletter,email,mobile
S002324,U0052,2025-12-16T08:11:56Z,affiliate,affiliate,mobile
S001348,U0041,2025-12-16T08:28:34Z,google,cpc,tablet
S001531,U0188,2025-12-16T08:29:50Z,facebook,social,mobile
S000388,U0070,2025-12-16T11:23:28Z,direct,(none),mobile
S002504,U0027,2025-12-16T11:53:48Z,google,cpc,tablet
S002553,U0150,2025-12-16T11:57:29Z,newsletter,email,desktop
S001334,U0154,2025-12-16T12:15:48Z,google,cpc,mobile
S002359,U0076,2025-12-16T12:49:57Z,facebook,paid_social,desktop
S001371,U0249,2025-12-16T13:10:48Z,direct,(none),desktop
S002291,U0059,2025-12-16T15:34:18Z,direct,(none),mobile
S001053,U0107,2025-12-16T16:34:50Z,google,organic,desktop
S001456,U0044,2025-12-16T17:12:35Z,direct,(none),desktop
S001790,U0159,2025-12-16T17:27:08Z,direct,(none),desktop
S001031,U0130,2025-12-16T17:32:34Z,direct,(none),tablet
S002338,U0102,2025-12-16T18:56:29Z,direct,(none),desktop
S001921,U0015,2025-12-16T19:31:53Z,facebook,paid_social,desktop
S001633,U0011,2025-12-16T20:28:11Z,facebook,paid_social,desktop
S002435,U0102,2025-12-17T02:33:29Z,bing,cpc,desktop
S000861,U0212,2025-12-17T04:59:51Z,google,organic,mobile
S001481,U0025,2025-12-17T06:05:04Z,google,cpc,desktop
S000995,U0164,2025-12-17T06:26:31Z,google,organic,desktop
S002363,U0046,2025-12-17T07:04:07Z,google,cpc,mobile
S000608,U0192,2025-12-17T07:33:30Z,direct,(none),mobile
S000693,U0046,2025-12-17T09:58:58Z,direct,(none),mobile
S000436,U0149,2025-12-17T12:24:26Z,google,organic,mobile
S000178,U0176,2025-12-17T12:53:56Z,bing,cpc,desktop
S000854,U0044,2025-12-17T14:14:36Z,facebook,paid_social,desktop
S001466,U0012,2025-12-17T16:17:55Z,google,cpc,desktop
S001247,U0162,2025-12-17T17:23:23Z,bing,organic,desktop
S002586,U0164,2025-12-17T18:00:15Z,newsletter,email,desktop
S000265,U0021,2025-12-17T22:04:57Z,google,organic,desktop
S000713,U0081,2025-12-18T00:21:26Z,facebook,paid_social,tablet
S000383,U0071,2025-12-18T04:58:26Z,direct,(none),mobile
S001972,U0176,2025-12-18T05:31:29Z,google,cpc,mobile
S001847,U0022,2025-12-18T05:59:27Z,direct,(none),mobile
S002316,U0151,2025-12-18T08:27:07Z,google,cpc,desktop
S000840,U0113,2025-12-18T09:20:10Z,newsletter,email,desktop
S002491,U0068,2025-12-18T09:50:56Z,google,cpc,mobile
S001323,U0040,2025-12-18T10:36:27Z,google,cpc,mobile
S000541,U0240,2025-12-18T10:57:59Z,google,organic,tablet
S002261,U0175,2025-12-18T12:27:38Z,google,organic,desktop
S002176,U0125,2025-12-18T13:00:29Z,direct,(none),desktop
S000465,U0224,2025-12-18T13:45:29Z,google,organic,tablet
S001698,U0184,2025-12-18T14:10:09Z,direct,(none),desktop
S000590,U0236,2025-12-18T16:08:53Z,tiktok,social,mobile
S002388,U0013,2025-12-18T17:19:03Z,direct,(none),desktop
S001280,U0082,2025-12-18T18:09:07Z,google,cpc,mobile
S001626,U0124,2025-12-18T18:40:54Z,bing,organic,desktop
S002417,U0213,2025-12-18T19:09:15Z,google,organic,mobile
S001203,U0166,2025-12-18T19:56:50Z,tiktok,paid_social,desktop
S000575,U0092,2025-12-18T20:23:00Z,tiktok,paid_social,mobile
S001335,U0186,2025-12-18T20:24:43Z,facebook,paid_social,mobile
S002202,U0041,2025-12-18T20:29:09Z,tiktok,paid_social,mobile
S000752,U0015,2025-12-18T21:13:26Z,direct,(none),desktop
S000330,U0123,2025-12-18T21:37:40Z,google,organic,desktop
S001569,U0096,2025-12-18T22:16:29Z,google,cpc,desktop
S002387,U0176,2025-12-18T22:35:55Z,tiktok,paid_social,tablet
S001982,U0072,2025-12-19T00:13:56Z,google,organic,desktop
S000110,U0124,2025-12-19T02:26:18Z,facebook,paid_social,desktop
S000136,U0034,2025-12-19T02:38:02Z,facebook,paid_social,desktop
S000072,U0063,2025-12-19T05:31:13Z,newsletter,email,desktop
S000095,U0103,2025-12-19T06:11:51Z,direct,(none),desktop
S000826,U0040,2025-12-19T07:58:28Z,facebook,paid_social,desktop
S002006,U0214,2025-12-19T08:04:12Z,direct,(none),mobile
S001064,U0060,2025-12-19T09:33:57Z,direct,(none),mobile
S000433,U0173,2025-12-19T13:42:14Z,google,organic,mobile
S001979,U0117,2025-12-19T15:04:07Z,google,cpc,mobile
S002192,U0042,2025-12-19T17:14:12Z,direct,(none),mobile
S000689,U0133,2025-12-19T17:46:19Z,google,organic,mobile
S002224,U0005,2025-12-19T19:30:21Z,direct,(none),mobile
S001668,U0009,2025-12-19T20:24:16Z,direct,(none),mobile
S001911,U0084,2025-12-19T21:17:48Z,google,cpc,desktop
S001966,U0126,2025-12-19T21:57:19Z,google,cpc,desktop
S001340,U0037,2025-12-19T23:08:22Z,direct,(none),desktop
S000143,U0237,2025-12-19T23:32:32Z,google,organic,mobile
S000984,U0042,2025-12-20T01:09:39Z,google,cpc,mobile
S000748,U0250,2025-12-20T02:13:37Z,direct,(none),tablet
S001238,U0249,2025-12-20T03:07:07Z,direct,(none),desktop
S000679,U0021,2025-12-20T03:15:07Z,google,organic,mobile
S002370,U0142,2025-12-20T03:36:04Z,bing,organic,mobile
S001937,U0174,2025-12-20T06:19:59Z,facebook,paid_social,mobile
S002450,U0048,2025-12-20T09:28:06Z,newsletter,email,mobile
S000333,U0053,2025-12-20T10:18:59Z,direct,(none),mobile
S001451,U0102,2025-12-20T13:01:19Z,facebook,paid_social,mobile
S001344,U0128,2025-12-20T13:48:03Z,newsletter,email,mobile
S001950,U0093,2025-12-20T14:15:52Z,facebook,social,mobile
S001670,U0020,2025-12-20T14:56:50Z,direct,(none),mobile
S001646,U0054,2025-12-20T15:02:35Z,google,cpc,mobile
S000417,U0205,2025-12-20T15:20:30Z,google,organic,mobile
S000649,U0043,2025-12-20T15:56:59Z,google,organic,desktop
S000254,U0135,2025-12-20T18:45:30Z,google,organic,desktop
S000611,U0050,2025-12-20T20:39:28Z,linkedin,paid_social,desktop
S000375,U0083,2025-12-20T20:44:55Z,google,cpc,desktop
S002264,U0165,2025-12-20T21:31:23Z,google,organic,mobile
S001709,U0009,2025-12-20T22:28:41Z,facebook,paid_social,desktop
S001509,U0176,2025-12-20T23:17:18Z,direct,(none),mobile
S000907,U0049,2025-12-21T01:25:29Z,google,cpc,mobile
S000962,U0063,2025-12-21T03:48:44Z,google,organic,mobile
S001611,U0238,2025-12-21T03:58:01Z,google,organic,mobile
S001002,U0183,2025-12-21T05:18:47Z,google,cpc,mobile
S002526,U0074,2025-12-21T11:26:58Z,direct,(none),mobile
S001785,U0160,2025-12-21T13:57:05Z,affiliate,affiliate,mobile
S001753,U0216,2025-12-21T14:09:56Z,direct,(none),desktop
S000211,U0128,2025-12-21T17:50:45Z,facebook,paid_social,mobile
S000731,U0216,2025-12-21T19:40:29Z,bing,organic,mobile
S000295,U0030,2025-12-21T22:55:28Z,google,cpc,mobile
S002470,U0070,2025-12-21T23:52:46Z,facebook,paid_social,desktop
S001591,U0103,2025-12-22T01:38:22Z,google,organic,mobile
S002280,U0201,2025-12-22T02:14:33Z,direct,(none),desktop
S000503,U0134,2025-12-22T04:35:48Z,newsletter,email,mobile
S001682,U0003,2025-12-22T04:44:32Z,facebook,paid_social,desktop
S001464,U0241,2025-12-22T05:09:12Z,facebook,paid_social,desktop
S000287,U0012,2025-12-22T05:25:45Z,google,organic,desktop
S000967,U0225,2025-12-22T06:00:54Z,tiktok,paid_social,desktop
S000632,U0029,2025-12-22T06:22:40Z,google,cpc,mobile
S002271,U0111,2025-12-22T07:48:26Z,newsletter,email,mobile
S000459,U0144,2025-12-22T09:58:50Z,affiliate,affiliate,mobile
S000274,U0177,2025-12-22T10:16:29Z,google,organic,desktop
S000743,U0238,2025-12-22T10:25:37Z,facebook,social,mobile
S001209,U0157,2025-12-22T13:16:26Z,newsletter,email,desktop
S000083,U0015,2025-12-22T13:49:04Z,bing,cpc,tablet
S001643,U0148,2025-12-22T14:41:43Z,tiktok,social,desktop
S000665,U0132,2025-12-22T15:25:39Z,bing,cpc,mobile
S001539,U0183,2025-12-22T18:13:21Z,direct,(none),tablet
S000312,U0076,2025-12-22T22:39:46Z,bing,cpc,mobile
S000321,U0250,2025-12-22T22:46:31Z,bing,cpc,desktop
S002368,U0031,2025-12-22T23:56:18Z,direct,(none),desktop
S000654,U0249,2025-12-23T00:30:09Z,google,cpc,mobile
S001069,U0240,2025-12-23T00:59:55Z,referral,referral,mobile
S000883,U0010,2025-12-23T02:22:53Z,bing,organic,mobile
S001038,U0026,2025-12-23T02:39:01Z,affiliate,affiliate,mobile
S000644,U0053,2025-12-23T03:54:53Z,facebook,social,desktop
S000255,U0196,2025-12-23T04:14:47Z,facebook,paid_social,desktop
S001426,U0226,2025-12-23T04:40:37Z,facebook,paid_social,desktop
S002249,U0008,2025-12-23T05:24:25Z,newsletter,email,desktop
S002587,U0202,2025-12-23T09:50:17Z,bing,organic,mobile
S001353,U0153,2025-12-23T10:42:05Z,google,organic,mobile
S001992,U0082,2025-12-23T12:04:48Z,newsletter,email,desktop
S000987,U0015,2025-12-23T12:43:41Z,facebook,social,mobile
S000799,U0059,2025-12-23T13:00:03Z,facebook,paid_social,desktop
S000922,U0001,2025-12-23T14:13:08Z,direct,(none),mobile
S001605,U0190,2025-12-23T14:24:02Z,facebook,social,desktop
S001661,U0006,2025-12-23T14:31:36Z,google,organic,desktop
S000998,U0185,2025-12-23T15:57:51Z,newsletter,email,desktop
S002540,U0196,2025-12-23T19:55:20Z,google,cpc,mobile
S001020,U0180,2025-12-23T20:17:29Z,linkedin,paid_social,desktop
S001826,U0060,2025-12-23T22:01:07Z,affiliate,affiliate,mobile
S000844,U0179,2025-12-24T00:13:29Z,linkedin,social,tablet
S001952,U0172,2025-12-24T00:47:48Z,referral,referral,mobile
S001602,U0242,2025-12-24T02:13:05Z,direct,(none),desktop
S002492,U0021,2025-12-24T02:15:54Z,google,organic,mobile
S002075,U0127,2025-12-24T03:54:00Z,affiliate,affiliate,desktop
S000207,U0247,2025-12-24T04:19:05Z,direct,(none),mobile
S002231,U0151,2025-12-24T06:51:32Z,direct,(none),mobile
S002240,U0202,2025-12-24T08:50:21Z,google,cpc,desktop
S001370,U0237,2025-12-24T11:47:53Z,newsletter,email,mobile
S002529,U0159,2025-12-24T12:10:28Z,facebook,paid_social,desktop
S000439,U0213,2025-12-24T12:14:25Z,google,organic,mobile
S000035,U0176,2025-12-24T13:02:10Z,google,organic,desktop
S001559,U0055,2025-12-24T14:23:00Z,direct,(none),mobile
S002510,U0144,2025-12-24T15:09:31Z,google,cpc,mobile
S001544,U0120,2025-12-24T15:09:38Z,google,cpc,desktop
S000424,U0056,2025-12-24T16:02:33Z,google,cpc,desktop
S002112,U0183,2025-12-24T18:49:15Z,linkedin,paid_social,desktop
S001576,U0190,2025-12-24T21:00:55Z,tiktok,social,tablet
S000217,U0178,2025-12-24T21:21:42Z,referral,referral,desktop
S000513,U0242,2025-12-24T22:17:34Z,facebook,social,tablet
S000367,U0178,2025-12-24T22:20:15Z,direct,(none),mobile
S000380,U0086,2025-12-25T01:17:00Z,direct,(none),mobile
S001652,U0107,2025-12-25T01:41:31Z,google,cpc,mobile
S002138,U0076,2025-12-25T02:02:47Z,google,organic,mobile
S000358,U0236,2025-12-25T02:34:13Z,google,cpc,mobile
S002311,U0223,2025-12-25T02:41:13Z,facebook,paid_social,mobile
S001227,U0093,2025-12-25T02:54:54Z,google,organic,desktop
S000837,U0079,2025-12-25T03:01:17Z,referral,referral,mobile
S002508,U0035,2025-12-25T03:20:53Z,direct,(none),mobile
S001571,U0123,2025-12-25T04:20:22Z,linkedin,paid_social,desktop
S001812,U0088,2025-12-25T05:06:55Z,bing,cpc,mobile
S002061,U0103,2025-12-25T05:34:50Z,google,cpc,desktop
S001211,U0103,2025-12-25T06:08:40Z,direct,(none),desktop
S001104,U0055,2025-12-25T08:02:59Z,direct,(none),desktop
S002281,U0037,2025-12-25T08:13:35Z,direct,(none),desktop
S000875,U0100,2025-12-25T09:39:26Z,direct,(none),mobile
S000896,U0073,2025-12-25T12:17:53Z,google,organic,desktop
S001441,U0025,2025-12-25T13:14:04Z,facebook,social,desktop
S002018,U0086,2025-12-25T13:25:34Z,direct,(none),mobile
S000485,U0041,2025-12-25T13:33:14Z,google,organic,mobile
S000218,U0163,2025-12-25T13:40:39Z,facebook,paid_social,mobile
S001267,U0007,2025-12-25T14:13:01Z,google,organic,tablet
S001889,U0075,2025-12-25T14:30:05Z,facebook,social,tablet
S001103,U0182,2025-12-25T16:28:21Z,bing,cpc,desktop
S000248,U0154,2025-12-25T16:49:37Z,google,cpc,mobile
S000442,U0164,2025-12-25T19:01:15Z,google,cpc,desktop
S001001,U0155,2025-12-25T21:41:50Z,google,cpc,mobile
S000044,U0152,2025-12-26T01:19:09Z,referral,referral,mobile
S001541,U0108,2025-12-26T01:19:37Z,google,cpc,desktop
S000468,U0102,2025-12-26T03:24:22Z,referral,referral,mobile
S001916,U0131,2025-12-26T04:28:57Z,linkedin,paid_social,desktop
S002142,U0159,2025-12-26T04:38:27Z,google,organic,tablet
S002106,U0100,2025-12-26T05:55:11Z,newsletter,email,tablet
S002246,U0001,2025-12-26T06:04:05Z,direct,(none),mobile
S001487,U0154,2025-12-26T08:37:28Z,direct,(none),mobile
S001094,U0149,2025-12-26T09:39:08Z,direct,(none),desktop
S002290,U0245,2025-12-26T10:49:41Z,facebook,social,desktop
S000368,U0027,2025-12-26T10:58:47Z,referral,referral,mobile
S002575,U0068,2025-12-26T11:57:19Z,google,organic,desktop
S001506,U0007,2025-12-26T13:05:33Z,affiliate,affiliate,desktop
S000224,U0171,2025-12-26T14:04:48Z,google,organic,mobile
S000090,U0053,2025-12-26T14:08:08Z,newsletter,email,desktop
S000518,U0033,2025-12-26T14:23:06Z,google,cpc,desktop
S001777,U0045,2025-12-26T14:43:00Z,tiktok,paid_social,desktop
S000129,U0140,2025-12-26T16:41:16Z,tiktok,paid_social,mobile
S002512,U0164,2025-12-26T16:47:14Z,google,cpc,mobile
S001691,U0073,2025-12-26T17:20:07Z,direct,(none),desktop
S001122,U0025,2025-12-26T18:01:46Z,direct,(none),tablet
S000326,U0099,2025-12-26T20:11:59Z,newsletter,email,desktop
S000599,U0207,2025-12-26T20:44:34Z,direct,(none),desktop
S000657,U0080,2025-12-27T00:45:51Z,google,cpc,desktop
S000728,U0028,2025-12-27T01:51:17Z,facebook,social,desktop
S000404,U0242,2025-12-27T02:42:08Z,facebook,social,desktop
S002151,U0126,2025-12-27T04:21:43Z,google,organic,desktop
S001298,U0137,2025-12-27T06:05:25Z,facebook,paid_social,desktop
S000150,U0191,2025-12-27T06:24:48Z,direct,(none),mobile
S000524,U0177,2025-12-27T07:25:44Z,direct,(none),tablet
S000154,U0247,2025-12-27T07:44:17Z,google,cpc,mobile
S001824,U0063,2025-12-27T09:31:10Z,bing,cpc,desktop
S000078,U0086,2025-12-27T12:42:21Z,google,cpc,mobile
S002123,U0056,2025-12-27T17:09:18Z,google,organic,tablet
S000482,U0028,2025-12-27T17:24:55Z,tiktok,paid_social,tablet
S000186,U0250,2025-12-27T17:38:24Z,facebook,social,desktop
S001445,U0242,2025-12-27T18:02:53Z,google,cpc,mobile
S001768,U0170,2025-12-27T18:55:03Z,direct,(none),mobile
S000147,U0189,2025-12-27T21:38:45Z,direct,(none),desktop
S002161,U0250,2025-12-28T04:03:44Z,google,cpc,mobile
S000517,U0248,2025-12-28T04:13:30Z,google,cpc,mobile
S000969,U0247,2025-12-28T05:52:24Z,google,organic,tablet
S000242,U0035,2025-12-28T09:20:29Z,direct,(none),mobile
S001039,U0043,2025-12-28T09:21:31Z,google,organic,mobile
S002097,U0012,2025-12-28T09:35:27Z,facebook,paid_social,desktop
S001459,U0189,2025-12-28T09:40:45Z,referral,referral,desktop
S002317,U0172,2025-12-28T09:44:55Z,google,organic,desktop
S001964,U0199,2025-12-28T10:24:26Z,google,organic,desktop
S001075,U0127,2025-12-28T11:25:17Z,google,cpc,desktop
S000216,U0140,2025-12-28T11:27:57Z,google,organic,mobile
S001598,U0173,2025-12-28T12:12:05Z,google,cpc,mobile
S001548,U0214,2025-12-28T14:59:26Z,google,cpc,mobile
S002125,U0059,2025-12-28T17:00:30Z,newsletter,email,desktop
S000882,U0248,2025-12-28T17:14:51Z,google,organic,desktop
S002135,U0207,2025-12-28T17:23:24Z,facebook,social,desktop
S001005,U0086,2025-12-28T19:06:02Z,direct,(none),tablet
S001855,U0029,2025-12-28T21:21:38Z,facebook,paid_social,mobile
S001681,U0216,2025-12-28T21:58:07Z,referral,referral,mobile
S000300,U0112,2025-12-28T22:04:04Z,facebook,social,mobile
S001672,U0241,2025-12-28T22:07:44Z,google,cpc,tablet
S000252,U0115,2025-12-28T22:42:05Z,tiktok,paid_social,mobile
S002334,U0247,2025-12-28T22:50:27Z,google,cpc,mobile
S000285,U0224,2025-12-28T23:29:26Z,newsletter,email,mobile
S001398,U0164,2025-12-28T23:39:27Z,facebook,paid_social,desktop
S000643,U0006,2025-12-28T23:55:16Z,direct,(none),desktop
S001275,U0125,2025-12-29T01:19:53Z,facebook,paid_social,desktop
S001929,U0012,2025-12-29T01:33:48Z,google,cpc,mobile
S002131,U0189,2025-12-29T02:43:05Z,facebook,paid_social,mobile
S000537,U0105,2025-12-29T03:26:59Z,google,cpc,mobile
S001852,U0014,2025-12-29T04:01:51Z,affiliate,affiliate,desktop
S002238,U0014,2025-12-29T04:08:32Z,referral,referral,mobile
S001006,U0066,2025-12-29T04:48:34Z,google,organic,mobile
S001585,U0236,2025-12-29T05:11:23Z,direct,(none),tablet
S001775,U0133,2025-12-29T06:23:44Z,newsletter,email,tablet
S002260,U0165,2025-12-29T07:48:09Z,google,organic,mobile
S000238,U0046,2025-12-29T09:16:39Z,facebook,paid_social,mobile
S002398,U0102,2025-12-29T09:33:40Z,newsletter,email,mobile
S000490,U0191,2025-12-29T09:40:42Z,direct,(none),mobile
S001145,U0088,2025-12-29T10:33:26Z,newsletter,email,desktop
S000532,U0027,2025-12-29T11:02:32Z,facebook,social,mobile
S001816,U0070,2025-12-29T13:20:23Z,facebook,social,desktop
S000314,U0199,2025-12-29T14:00:27Z,tiktok,paid_social,desktop
S002037,U0150,2025-12-29T15:13:22Z,direct,(none),desktop
S000586,U0050,2025-12-29T17:05:24Z,facebook,paid_social,desktop
S002105,U0238,2025-12-29T17:15:37Z,google,cpc,mobile
S000564,U0001,2025-12-29T17:16:50Z,google,organic,tablet
S002392,U0159,2025-12-29T17:54:54Z,google,cpc,mobile
S002093,U0210,2025-12-29T17:55:19Z,direct,(none),mobile
S000215,U0152,2025-12-29T18:18:31Z,tiktok,social,mobile
S001016,U0047,2025-12-29T18:33:13Z,google,cpc,desktop
S001472,U0223,2025-12-29T18:52:05Z,google,cpc,mobile
S002072,U0084,2025-12-29T19:41:07Z,direct,(none),mobile
S001610,U0181,2025-12-29T19:44:04Z,newsletter,email,mobile
S002284,U0029,2025-12-29T20:02:00Z,affiliate,affiliate,desktop
S000067,U0191,2025-12-29T20:17:51Z,direct,(none),mobile
S002539,U0084,2025-12-29T20:24:53Z,bing,cpc,mobile
S001524,U0103,2025-12-29T20:38:49Z,direct,(none),desktop
S001041,U0069,2025-12-29T20:55:08Z,bing,cpc,mobile
S000152,U0022,2025-12-29T21:17:22Z,direct,(none),desktop
S000445,U0020,2025-12-29T21:21:35Z,newsletter,email,mobile
S001733,U0205,2025-12-29T21:26:00Z,direct,(none),desktop
S001700,U0123,2025-12-29T21:38:24Z,facebook,paid_social,mobile
S000975,U0179,2025-12-29T21:45:57Z,google,cpc,desktop
S001250,U0088,2025-12-29T23:17:11Z,google,cpc,mobile
S000746,U0237,2025-12-29T23:49:41Z,direct,(none),mobile
S000957,U0179,2025-12-30T00:13:52Z,google,organic,tablet
S000794,U0026,2025-12-30T00:31:54Z,facebook,paid_social,mobile
S002241,U0093,2025-12-30T00:48:43Z,direct,(none),mobile
S000946,U0089,2025-12-30T01:24:02Z,newsletter,email,desktop
S000583,U0118,2025-12-30T01:40:09Z,direct,(none),mobile
S002424,U0149,2025-12-30T03:17:26Z,newsletter,email,mobile
S000406,U0126,2025-12-30T03:19:23Z,facebook,paid_social,tablet
S000293,U0099,2025-12-30T03:24:11Z,google,organic,desktop
S002108,U0136,2025-12-30T03:32:07Z,google,cpc,mobile
S001138,U0182,2025-12-30T06:26:59Z,direct,(none),desktop
S000605,U0179,2025-12-30T07:54:17Z,google,cpc,mobile
S000919,U0076,2025-12-30T08:20:33Z,newsletter,email,mobile
S001268,U0074,2025-12-30T10:52:05Z,google,organic,mobile
S000495,U0212,2025-12-30T11:44:00Z,direct,(none),mobile
S001580,U0245,2025-12-30T11:45:35Z,newsletter,email,mobile
S001973,U0249,2025-12-30T12:10:05Z,bing,cpc,mobile
S002114,U0051,2025-12-30T12:18:27Z,google,cpc,desktop
S001188,U0144,2025-12-30T12:46:30Z,google,cpc,tablet
S000443,U0227,2025-12-30T12:47:05Z,google,cpc,desktop
S000892,U0084,2025-12-30T14:45:15Z,google,cpc,mobile
S002139,U0049,2025-12-30T15:40:05Z,facebook,paid_social,desktop
S001406,U0055,2025-12-30T16:38:21Z,google,cpc,desktop
S002391,U0077,2025-12-30T18:11:34Z,google,organic,desktop
S000931,U0105,2025-12-30T21:08:42Z,google,organic,desktop
S002088,U0041,2025-12-30T22:16:24Z,direct,(none),mobile
S000175,U0144,2025-12-30T22:51:55Z,google,cpc,mobile
S000479,U0186,2025-12-30T23:34:57Z,direct,(none),mobile
S000356,U0074,2025-12-30T23:52:32Z,google,cpc,mobile
S001125,U0038,2025-12-31T02:04:52Z,google,cpc,desktop
S002594,U0227,2025-12-31T02:26:04Z,google,cpc,mobile
S000906,U0095,2025-12-31T03:42:17Z,facebook,social,desktop
S000094,U0005,2025-12-31T04:15:17Z,newsletter,email,desktop
S000554,U0053,2025-12-31T05:16:43Z,referral,referral,desktop
S000623,U0225,2025-12-31T05:21:01Z,facebook,social,desktop
S001914,U0185,2025-12-31T06:46:07Z,google,organic,mobile
S002263,U0204,2025-12-31T08:01:36Z,direct,(none),mobile
S000674,U0178,2025-12-31T09:45:38Z,facebook,social,mobile
S002378,U0194,2025-12-31T10:32:47Z,google,cpc,mobile
S001516,U0223,2025-12-31T14:17:40Z,affiliate,affiliate,desktop
S000685,U0022,2025-12-31T15:03:36Z,facebook,social,tablet
S000481,U0178,2025-12-31T15:09:02Z,google,organic,desktop
S001133,U0128,2025-12-31T18:14:33Z,facebook,paid_social,mobile
S001346,U0042,2025-12-31T19:15:29Z,bing,cpc,tablet
S000448,U0047,2025-12-31T19:18:19Z,facebook,social,mobile
S001127,U0135,2025-12-31T19:38:53Z,tiktok,paid_social,mobile
S001995,U0095,2025-12-31T19:39:27Z,google,cpc,mobile
S000420,U0249,2025-12-31T20:00:27Z,linkedin,paid_social,mobile
S001514,U0221,2025-12-31T20:11:02Z,affiliate,affiliate,mobile
S001581,U0236,2025-12-31T22:58:03Z,google,cpc,desktop
S001858,U0227,2025-12-31T23:22:46Z,direct,(none),mobile
S000355,U0009,2025-12-31T23:46:17Z,google,cpc,mobile
S002252,U0001,2026-01-01T00:01:20Z,google,cpc,mobile
S000800,U0109,2026-01-01T00:20:09Z,google,organic,desktop
S000778,U0111,2026-01-01T00:39:20Z,google,cpc,mobile
S000155,U0195,2026-01-01T02:05:24Z,google,cpc,mobile
S001801,U0013,2026-01-01T02:11:03Z,facebook,paid_social,desktop
S001164,U0086,2026-01-01T02:11:33Z,newsletter,email,mobile
S000964,U0225,2026-01-01T02:26:29Z,affiliate,affiliate,mobile
S001747,U0040,2026-01-01T02:34:01Z,newsletter,email,mobile
S000288,U0113,2026-01-01T02:41:38Z,google,cpc,desktop
S001425,U0235,2026-01-01T04:43:23Z,bing,cpc,mobile
S000370,U0194,2026-01-01T07:29:51Z,bing,cpc,mobile
S002407,U0233,2026-01-01T09:21:04Z,google,organic,desktop
S000161,U0086,2026-01-01T11:26:29Z,facebook,paid_social,desktop
S001337,U0109,2026-01-01T13:25:50Z,google,cpc,mobile
S001560,U0227,2026-01-01T14:41:48Z,facebook,paid_social,desktop
S002115,U0044,2026-01-01T14:52:14Z,direct,(none),desktop
S002009,U0041,2026-01-01T15:53:36Z,direct,(none),desktop
S001601,U0158,2026-01-01T16:39:58Z,affiliate,affiliate,desktop
S000108,U0013,2026-01-01T17:04:04Z,affiliate,affiliate,mobile
S000251,U0162,2026-01-01T17:12:05Z,facebook,paid_social,desktop
S001212,U0131,2026-01-01T18:00:32Z,google,organic,mobile
S000745,U0239,2026-01-01T19:41:11Z,tiktok,paid_social,desktop
S001320,U0209,2026-01-01T20:30:01Z,facebook,paid_social,desktop
S001018,U0109,2026-01-01T21:20:57Z,newsletter,email,mobile
S001154,U0114,2026-01-01T22:49:54Z,newsletter,email,desktop
S002352,U0210,2026-01-01T22:56:13Z,google,organic,mobile
S001015,U0159,2026-01-01T23:36:45Z,google,organic,desktop
S002473,U0108,2026-01-01T23:39:42Z,facebook,paid_social,desktop
S002052,U0104,2026-01-02T03:29:25Z,direct,(none),desktop
S002464,U0044,2026-01-02T04:41:08Z,direct,(none),desktop
S001883,U0233,2026-01-02T04:41:59Z,direct,(none),desktop
S000316,U0206,2026-01-02T05:36:22Z,google,cpc,mobile
S002154,U0152,2026-01-02T06:21:28Z,direct,(none),desktop
S000264,U0217,2026-01-02T06:53:03Z,newsletter,email,mobile
S002184,U0225,2026-01-02T07:45:35Z,tiktok,paid_social,desktop
S002350,U0158,2026-01-02T08:58:57Z,direct,(none),mobile
S001058,U0190,2026-01-02T10:47:24Z,google,cpc,desktop
S001474,U0081,2026-01-02T11:22:22Z,google,organic,desktop
S001758,U0097,2026-01-02T11:39:34Z,direct,(none),desktop
S000324,U0117,2026-01-02T13:20:34Z,facebook,social,desktop
S002295,U0179,2026-01-02T14:16:54Z,google,organic,mobile
S001438,U0171,2026-01-02T14:25:12Z,google,cpc,mobile
S002229,U0164,2026-01-02T15:20:56Z,direct,(none),mobile
S001491,U0047,2026-01-02T15:28:43Z,direct,(none),mobile
S000646,U0205,2026-01-02T17:13:40Z,google,cpc,desktop
S000620,U0052,2026-01-02T18:27:50Z,facebook,paid_social,mobile
S002405,U0082,2026-01-02T20:25:01Z,facebook,paid_social,desktop
S002380,U0192,2026-01-02T20:30:34Z,google,cpc,desktop
S002257,U0028,2026-01-02T21:07:31Z,newsletter,email,desktop
S001630,U0063,2026-01-02T21:59:27Z,tiktok,paid_social,mobile
S000317,U0223,2026-01-02T22:06:48Z,tiktok,paid_social,mobile
S001872,U0058,2026-01-02T22:12:58Z,facebook,paid_social,mobile
S002008,U0088,2026-01-02T22:48:03Z,google,cpc,desktop
S000676,U0122,2026-01-02T23:08:11Z,newsletter,email,mobile
S002307,U0050,2026-01-03T01:21:47Z,google,cpc,mobile
S000618,U0191,2026-01-03T01:25:45Z,google,organic,mobile
S000525,U0011,2026-01-03T03:07:04Z,google,cpc,mobile
S000114,U0145,2026-01-03T03:45:20Z,tiktok,paid_social,mobile
S001074,U0072,2026-01-03T04:31:28Z,facebook,social,mobile
S000009,U0025,2026-01-03T04:44:11Z,google,organic,desktop
S000884,U0005,2026-01-03T05:05:30Z,google,cpc,desktop
S000339,U0181,2026-01-03T07:11:33Z,facebook,social,desktop
S000403,U0141,2026-01-03T07:29:07Z,google,organic,mobile
S001329,U0246,2026-01-03T08:46:25Z,google,cpc,tablet
S001619,U0140,2026-01-03T08:51:42Z,direct,(none),desktop
S001993,U0110,2026-01-03T09:32:59Z,referral,referral,desktop
S001239,U0239,2026-01-03T09:40:37Z,affiliate,affiliate,mobile
S001894,U0206,2026-01-03T09:53:53Z,affiliate,affiliate,desktop
S002244,U0094,2026-01-03T11:07:37Z,google,organic,desktop
S002146,U0148,2026-01-03T11:20:29Z,referral,referral,mobile
S001078,U0092,2026-01-03T13:16:19Z,google,organic,mobile
S000725,U0214,2026-01-03T14:45:50Z,facebook,social,desktop
S000068,U0086,2026-01-03T16:02:53Z,google,organic,mobile
S000098,U0109,2026-01-03T18:11:32Z,direct,(none),desktop
S001913,U0147,2026-01-03T20:27:06Z,direct,(none),desktop
S002087,U0127,2026-01-03T22:34:44Z,google,cpc,mobile
S001102,U0063,2026-01-04T00:57:00Z,direct,(none),desktop
S002020,U0148,2026-01-04T01:42:08Z,tiktok,paid_social,desktop
S000542,U0055,2026-01-04T01:47:03Z,direct,(none),mobile
S001264,U0055,2026-01-04T04:00:18Z,facebook,social,mobile
S001674,U0123,2026-01-04T04:30:25Z,newsletter,email,desktop
S000585,U0123,2026-01-04T05:15:03Z,newsletter,email,desktop
S000258,U0114,2026-01-04T07:24:29Z,linkedin,paid_social,mobile
S001770,U0191,2026-01-04T08:43:50Z,facebook,social,desktop
S000059,U0115,2026-01-04T08:57:18Z,facebook,paid_social,tablet
S001046,U0038,2026-01-04T09:08:43Z,linkedin,paid_social,tablet
S000696,U0078,2026-01-04T11:10:08Z,google,cpc,desktop
S001771,U0155,2026-01-04T11:18:20Z,direct,(none),mobile
S002419,U0065,2026-01-04T12:02:52Z,tiktok,paid_social,mobile
S002292,U0069,2026-01-04T12:44:58Z,newsletter,email,desktop
S000043,U0153,2026-01-04T12:50:35Z,facebook,paid_social,tablet
S000902,U0038,2026-01-04T13:36:35Z,direct,(none),mobile
S000627,U0247,2026-01-04T14:50:38Z,facebook,paid_social,desktop
S001404,U0054,2026-01-04T15:28:08Z,newsletter,email,desktop
S000558,U0083,2026-01-04T15:30:48Z,google,organic,desktop
S002243,U0076,2026-01-04T15:38:08Z,direct,(none),mobile
S002059,U0006,2026-01-04T17:35:54Z,google,cpc,mobile
S002085,U0127,2026-01-04T18:03:32Z,facebook,social,mobile
S000645,U0194,2026-01-04T18:40:55Z,google,organic,mobile
S001976,U0214,2026-01-04T20:21:15Z,google,organic,mobile
S001082,U0246,2026-01-04T20:30:40Z,facebook,paid_social,desktop
S000198,U0096,2026-01-04T20:43:32Z,google,cpc,mobile
S001794,U0206,2026-01-04T21:42:28Z,facebook,paid_social,desktop
S001254,U0046,2026-01-04T22:01:58Z,google,cpc,mobile
S000411,U0061,2026-01-04T23:38:48Z,google,cpc,mobile
S002011,U0076,2026-01-05T00:33:05Z,direct,(none),desktop
S002171,U0170,2026-01-05T01:11:26Z,tiktok,social,desktop
S001317,U0209,2026-01-05T01:50:47Z,direct,(none),desktop
S001393,U0029,2026-01-05T03:29:48Z,facebook,paid_social,desktop
S001165,U0220,2026-01-05T04:47:30Z,direct,(none),desktop
S001662,U0005,2026-01-05T04:51:54Z,direct,(none),desktop
S000369,U0122,2026-01-05T05:26:57Z,google,cpc,desktop
S000196,U0147,2026-01-05T05:47:47Z,facebook,paid_social,desktop
S001101,U0001,2026-01-05T06:26:46Z,google,cpc,desktop
S002422,U0199,2026-01-05T07:50:51Z,facebook,paid_social,mobile
S002561,U0015,2026-01-05T08:16:14Z,google,organic,mobile
S000012,U0054,2026-01-05T08:43:40Z,direct,(none),tablet
S001409,U0246,2026-01-05T08:44:21Z,direct,(none),desktop
S000195,U0250,2026-01-05T09:40:38Z,tiktok,paid_social,desktop
S000970,U0194,2026-01-05T09:48:28Z,facebook,paid_social,desktop
S002549,U0047,2026-01-05T09:58:09Z,newsletter,email,mobile
S000171,U0190,2026-01-05T12:08:38Z,facebook,paid_social,mobile
S000531,U0059,2026-01-05T13:14:00Z,newsletter,email,desktop
S000273,U0227,2026-01-05T13:14:01Z,facebook,paid_social,mobile
S001986,U0209,2026-01-05T13:45:38Z,facebook,social,desktop
S001811,U0192,2026-01-05T16:28:27Z,tiktok,paid_social,desktop
S002268,U0044,2026-01-05T17:06:26Z,google,organic,desktop
S001414,U0250,2026-01-05T18:01:54Z,facebook,social,desktop
S000354,U0076,2026-01-05T18:53:40Z,direct,(none),desktop
S002043,U0174,2026-01-05T20:39:04Z,newsletter,email,desktop
S001692,U0068,2026-01-05T21:04:12Z,facebook,paid_social,desktop
S000942,U0078,2026-01-05T23:04:26Z,direct,(none),mobile
S000023,U0194,2026-01-05T23:15:12Z,google,cpc,desktop
S002402,U0019,2026-01-05T23:35:52Z,facebook,paid_social,mobile
S000683,U0170,2026-01-05T23:37:39Z,google,cpc,tablet
S001835,U0228,2026-01-06T00:10:13Z,google,cpc,desktop
S002451,U0194,2026-01-06T00:42:52Z,google,cpc,mobile
S002545,U0172,2026-01-06T00:44:02Z,referral,referral,desktop
S000115,U0120,2026-01-06T00:51:14Z,bing,cpc,mobile
S000134,U0001,2026-01-06T01:33:19Z,newsletter,email,desktop
S000563,U0110,2026-01-06T01:46:03Z,referral,referral,desktop
S002212,U0084,2026-01-06T02:12:04Z,google,organic,mobile
S001944,U0027,2026-01-06T05:36:45Z,facebook,social,mobile
S001392,U0026,2026-01-06T06:35:14Z,direct,(none),mobile
S001482,U0210,2026-01-06T07:04:04Z,newsletter,email,desktop
S000538,U0099,2026-01-06T07:15:55Z,facebook,paid_social,desktop
S000102,U0047,2026-01-06T07:28:47Z,google,organic,desktop
S000651,U0203,2026-01-06T07:29:24Z,google,organic,mobile
S002376,U0190,2026-01-06T07:34:13Z,bing,cpc,desktop
S000813,U0094,2026-01-06T08:18:17Z,google,cpc,mobile
S001749,U0205,2026-01-06T08:24:15Z,newsletter,email,desktop
S001621,U0250,2026-01-06T08:53:31Z,google,organic,mobile
S002474,U0123,2026-01-06T10:00:20Z,direct,(none),mobile
S001234,U0215,2026-01-06T10:23:42Z,direct,(none),mobile
S001480,U0200,2026-01-06T10:33:37Z,direct,(none),tablet
S000332,U0228,2026-01-06T11:15:30Z,direct,(none),mobile
S000107,U0144,2026-01-06T12:09:50Z,newsletter,email,desktop
S001449,U0179,2026-01-06T15:01:40Z,google,organic,desktop
S001471,U0008,2026-01-06T15:39:58Z,newsletter,email,desktop
S001347,U0100,2026-01-06T16:16:59Z,google,organic,mobile
S000347,U0163,2026-01-06T16:40:33Z,google,organic,mobile
S001963,U0206,2026-01-06T17:17:34Z,google,cpc,desktop
S001814,U0163,2026-01-06T18:27:40Z,tiktok,paid_social,mobile
S002570,U0208,2026-01-06T19:06:42Z,facebook,social,desktop
S000364,U0168,2026-01-06T19:20:42Z,direct,(none),mobile
S002129,U0243,2026-01-06T19:23:04Z,newsletter,email,desktop
S001111,U0053,2026-01-06T19:44:26Z,direct,(none),mobile
S000294,U0105,2026-01-06T19:54:41Z,direct,(none),mobile
S002134,U0191,2026-01-06T20:18:27Z,google,organic,desktop
S000328,U0025,2026-01-06T21:12:28Z,bing,cpc,tablet
S001485,U0143,2026-01-06T21:32:52Z,google,cpc,desktop
S002480,U0247,2026-01-06T22:05:19Z,newsletter,email,mobile
S001189,U0168,2026-01-06T22:12:13Z,google,cpc,mobile
S001047,U0134,2026-01-06T23:31:41Z,affiliate,affiliate,mobile
S000007,U0128,2026-01-06T23:40:40Z,direct,(none),mobile
S000551,U0181,2026-01-07T00:10:15Z,direct,(none),mobile
S002497,U0078,2026-01-07T00:58:37Z,tiktok,social,mobile
S001618,U0196,2026-01-07T01:11:05Z,direct,(none),mobile
S000960,U0097,2026-01-07T01:30:14Z,google,cpc,mobile
S002297,U0012,2026-01-07T02:39:29Z,newsletter,email,mobile
S002319,U0084,2026-01-07T02:55:25Z,facebook,paid_social,mobile
S001969,U0228,2026-01-07T03:24:24Z,google,cpc,mobile
S001570,U0227,2026-01-07T03:27:18Z,tiktok,paid_social,mobile
S001636,U0226,2026-01-07T04:12:37Z,facebook,social,desktop
S002440,U0110,2026-01-07T06:56:25Z,referral,referral,mobile
S000812,U0004,2026-01-07T07:04:17Z,facebook,social,desktop
S001896,U0022,2026-01-07T09:32:35Z,direct,(none),desktop
S001520,U0227,2026-01-07T10:13:20Z,direct,(none),mobile
S002210,U0231,2026-01-07T10:30:42Z,direct,(none),desktop
S002332,U0085,2026-01-07T10:46:41Z,google,organic,mobile
S001432,U0201,2026-01-07T11:25:55Z,direct,(none),tablet
S000596,U0112,2026-01-07T12:36:55Z,google,cpc,mobile
S002434,U0172,2026-01-07T13:15:53Z,google,organic,desktop
S000476,U0164,2026-01-07T14:49:38Z,tiktok,social,desktop
S001139,U0152,2026-01-07T15:02:29Z,newsletter,email,mobile
S001421,U0235,2026-01-07T15:29:53Z,bing,organic,mobile
S001327,U0103,2026-01-07T17:25:20Z,newsletter,email,mobile
S002580,U0060,2026-01-07T19:05:11Z,google,organic,mobile
S002445,U0009,2026-01-07T20:20:50Z,google,cpc,mobile
S001430,U0245,2026-01-07T20:30:00Z,tiktok,paid_social,mobile
S000782,U0034,2026-01-07T20:49:12Z,newsletter,email,mobile
S002446,U0003,2026-01-07T20:58:45Z,direct,(none),mobile
S002468,U0176,2026-01-07T21:43:43Z,direct,(none),mobile
S001386,U0107,2026-01-07T22:39:21Z,google,cpc,mobile
S002401,U0102,2026-01-07T22:48:53Z,google,organic,mobile
S000609,U0226,2026-01-08T00:20:50Z,facebook,paid_social,mobile
S001648,U0243,2026-01-08T00:23:38Z,google,organic,mobile
S001194,U0115,2026-01-08T01:33:43Z,affiliate,affiliate,tablet
S001463,U0055,2026-01-08T02:58:58Z,google,cpc,desktop
S002531,U0191,2026-01-08T05:00:47Z,bing,organic,mobile
S002104,U0055,2026-01-08T06:36:43Z,google,organic,desktop
S001017,U0228,2026-01-08T06:59:25Z,google,organic,tablet
S000807,U0021,2026-01-08T07:47:58Z,newsletter,email,mobile
S000423,U0153,2026-01-08T08:22:12Z,google,cpc,mobile
S001762,U0169,2026-01-08T08:50:58Z,google,organic,desktop
S000181,U0100,2026-01-08T09:04:09Z,google,cpc,mobile
S001505,U0117,2026-01-08T10:14:56Z,google,cpc,desktop
S001834,U0096,2026-01-08T10:20:10Z,newsletter,email,desktop
S002294,U0241,2026-01-08T10:23:52Z,google,organic,desktop
S001977,U0246,2026-01-08T11:56:33Z,facebook,paid_social,desktop
S002136,U0097,2026-01-08T15:08:42Z,direct,(none),desktop
S001292,U0140,2026-01-08T16:00:17Z,google,cpc,desktop
S001943,U0079,2026-01-08T16:30:55Z,direct,(none),desktop
S001923,U0189,2026-01-08T18:26:46Z,direct,(none),mobile
S000666,U0184,2026-01-08T19:50:11Z,google,cpc,mobile
S001639,U0052,2026-01-08T21:40:24Z,facebook,paid_social,mobile
S001774,U0007,2026-01-08T22:08:58Z,google,organic,desktop
S002068,U0072,2026-01-08T23:04:53Z,google,organic,desktop
S001278,U0029,2026-01-08T23:40:46Z,tiktok,social,mobile
S001106,U0168,2026-01-09T00:24:51Z,google,cpc,mobile
S000421,U0191,2026-01-09T02:34:08Z,facebook,paid_social,desktop
S002140,U0094,2026-01-09T03:40:20Z,direct,(none),mobile
S000413,U0105,2026-01-09T04:45:31Z,linkedin,paid_social,desktop
S000231,U0074,2026-01-09T04:50:11Z,affiliate,affiliate,desktop
S001023,U0157,2026-01-09T05:09:12Z,google,cpc,mobile
S001546,U0004,2026-01-09T05:41:33Z,google,cpc,desktop
S000281,U0096,2026-01-09T06:55:42Z,direct,(none),mobile
S001226,U0135,2026-01-09T07:20:15Z,direct,(none),desktop
S000032,U0137,2026-01-09T07:54:00Z,direct,(none),tablet
S000379,U0065,2026-01-09T08:31:37Z,direct,(none),mobile
S000822,U0247,2026-01-09T09:32:41Z,google,cpc,desktop
S001182,U0158,2026-01-09T09:47:43Z,newsletter,email,mobile
S002478,U0151,2026-01-09T11:07:57Z,google,cpc,mobile
S001675,U0234,2026-01-09T12:44:57Z,google,organic,desktop
S000718,U0113,2026-01-09T13:39:42Z,newsletter,email,desktop
S000501,U0046,2026-01-09T14:02:52Z,google,cpc,mobile
S000226,U0012,2026-01-09T14:17:06Z,facebook,social,mobile
S001305,U0086,2026-01-09T14:49:41Z,google,cpc,tablet
S000327,U0140,2026-01-09T15:35:06Z,tiktok,paid_social,tablet
S001797,U0012,2026-01-09T16:09:20Z,bing,organic,desktop
S000924,U0064,2026-01-09T16:26:03Z,facebook,paid_social,desktop
S002364,U0196,2026-01-09T16:26:49Z,newsletter,email,desktop
S001924,U0163,2026-01-09T16:52:57Z,facebook,paid_social,desktop
S001513,U0215,2026-01-09T18:00:48Z,facebook,paid_social,mobile
S002367,U0147,2026-01-09T18:43:39Z,direct,(none),mobile
S000047,U0250,2026-01-09T18:47:44Z,newsletter,email,tablet
S001478,U0208,2026-01-09T19:45:39Z,direct,(none),desktop
S000203,U0004,2026-01-09T19:46:28Z,google,cpc,desktop
S002331,U0242,2026-01-09T20:56:45Z,newsletter,email,tablet
S002505,U0157,2026-01-09T22:40:57Z,facebook,paid_social,mobile
S001287,U0234,2026-01-10T00:06:59Z,google,cpc,desktop
S000893,U0065,2026-01-10T00:09:11Z,tiktok,social,mobile
S000463,U0012,2026-01-10T01:06:31Z,direct,(none),desktop
S000947,U0237,2026-01-10T01:36:19Z,direct,(none),desktop
S001372,U0053,2026-01-10T02:14:56Z,direct,(none),desktop
S000610,U0038,2026-01-10T02:24:22Z,direct,(none),mobile
S000529,U0217,2026-01-10T03:25:16Z,newsletter,email,mobile
S001756,U0168,2026-01-10T03:58:18Z,direct,(none),desktop
S000738,U0115,2026-01-10T05:13:58Z,direct,(none),tablet
S000673,U0160,2026-01-10T05:26:27Z,google,cpc,desktop
S001805,U0233,2026-01-10T05:46:23Z,direct,(none),desktop
S001527,U0159,2026-01-10T06:25:03Z,google,cpc,mobile
S000444,U0147,2026-01-10T06:52:08Z,direct,(none),desktop
S000457,U0118,2026-01-10T07:04:34Z,google,cpc,mobile
S001651,U0074,2026-01-10T07:08:06Z,tiktok,social,desktop
S000374,U0166,2026-01-10T07:10:03Z,direct,(none),desktop
S002239,U0080,2026-01-10T08:42:56Z,newsletter,email,mobile
S002278,U0078,2026-01-10T11:16:45Z,direct,(none),mobile
S000325,U0069,2026-01-10T11:29:48Z,newsletter,email,tablet
S002393,U0233,2026-01-10T11:45:21Z,direct,(none),desktop
S001961,U0153,2026-01-10T12:01:14Z,bing,organic,mobile
S000340,U0042,2026-01-10T12:26:05Z,direct,(none),mobile
S000758,U0202,2026-01-10T13:17:43Z,tiktok,paid_social,desktop
S002137,U0135,2026-01-10T13:47:38Z,newsletter,email,desktop
S000372,U0029,2026-01-10T14:08:30Z,facebook,paid_social,mobile
S002175,U0246,2026-01-10T14:39:52Z,google,organic,desktop
S002379,U0242,2026-01-10T14:59:41Z,google,cpc,mobile
S000847,U0194,2026-01-10T15:39:01Z,google,cpc,desktop
S001375,U0173,2026-01-10T16:05:05Z,facebook,social,desktop
S001574,U0244,2026-01-10T16:33:40Z,direct,(none),desktop
S001864,U0139,2026-01-10T18:01:43Z,facebook,paid_social,mobile
S000952,U0072,2026-01-10T19:43:20Z,newsletter,email,desktop
S000801,U0198,2026-01-10T23:24:43Z,newsletter,email,desktop
S000507,U0047,2026-01-11T00:26:28Z,google,organic,desktop
S001204,U0179,2026-01-11T00:57:25Z,facebook,social,desktop
S001361,U0213,2026-01-11T02:08:55Z,google,organic,desktop
S000164,U0206,2026-01-11T02:20:26Z,newsletter,email,mobile
S000008,U0018,2026-01-11T03:22:25Z,google,organic,mobile
S000201,U0069,2026-01-11T04:23:04Z,affiliate,affiliate,desktop
S001543,U0015,2026-01-11T04:50:16Z,google,organic,desktop
S001389,U0181,2026-01-11T04:50:48Z,google,organic,tablet
S000695,U0177,2026-01-11T05:22:33Z,google,organic,desktop
S000747,U0018,2026-01-11T06:21:53Z,google,organic,mobile
S001096,U0110,2026-01-11T06:43:49Z,google,cpc,mobile
S000757,U0028,2026-01-11T08:57:19Z,google,cpc,mobile
S000988,U0111,2026-01-11T09:07:42Z,google,cpc,tablet
S001230,U0057,2026-01-11T09:14:00Z,affiliate,affiliate,desktop
S001309,U0202,2026-01-11T09:34:21Z,facebook,social,mobile
S000061,U0143,2026-01-11T09:58:38Z,google,organic,desktop
S000587,U0012,2026-01-11T10:08:50Z,newsletter,email,mobile
S001832,U0196,2026-01-11T10:59:21Z,google,organic,desktop
S001938,U0217,2026-01-11T12:03:16Z,facebook,paid_social,mobile
S000311,U0147,2026-01-11T12:30:24Z,newsletter,email,mobile
S001558,U0194,2026-01-11T12:36:51Z,google,cpc,desktop
S000397,U0090,2026-01-11T14:24:32Z,newsletter,email,desktop
S000228,U0065,2026-01-11T16:16:15Z,facebook,paid_social,desktop
S001369,U0012,2026-01-11T16:27:28Z,google,organic,mobile
S002333,U0129,2026-01-11T16:45:48Z,linkedin,paid_social,desktop
S001318,U0114,2026-01-11T19:44:35Z,google,organic,mobile
S000280,U0231,2026-01-11T22:08:09Z,newsletter,email,mobile
S001641,U0059,2026-01-11T23:28:13Z,facebook,paid_social,mobile
S000079,U0049,2026-01-12T01:00:19Z,facebook,paid_social,mobile
S001786,U0107,2026-01-12T02:37:18Z,facebook,social,desktop
S002039,U0194,2026-01-12T03:14:25Z,affiliate,affiliate,mobile
S000060,U0215,2026-01-12T04:37:25Z,facebook,social,desktop
S000064,U0066,2026-01-12T04:59:55Z,direct,(none),desktop
S000779,U0228,2026-01-12T05:30:25Z,google,cpc,mobile
S002149,U0220,2026-01-12T05:43:37Z,affiliate,affiliate,mobile
S000282,U0152,2026-01-12T06:06:39Z,google,organic,mobile
S001930,U0018,2026-01-12T06:28:18Z,direct,(none),mobile
S002383,U0073,2026-01-12T07:58:40Z,linkedin,paid_social,desktop
S000555,U0165,2026-01-12T08:20:55Z,direct,(none),mobile
S002541,U0118,2026-01-12T09:14:17Z,bing,cpc,mobile
S001841,U0012,2026-01-12T09:39:54Z,google,organic,tablet
S000167,U0047,2026-01-12T10:39:34Z,facebook,paid_social,mobile
S002270,U0156,2026-01-12T11:39:15Z,direct,(none),mobile
S000309,U0189,2026-01-12T12:31:29Z,facebook,paid_social,desktop
S001734,U0081,2026-01-12T13:44:16Z,facebook,paid_social,tablet
S001903,U0184,2026-01-12T14:05:36Z,direct,(none),desktop
S000994,U0155,2026-01-12T14:08:21Z,google,cpc,mobile
S000576,U0095,2026-01-12T14:31:26Z,newsletter,email,mobile
S001830,U0221,2026-01-12T14:33:36Z,bing,cpc,mobile
S000509,U0194,2026-01-12T14:38:32Z,google,cpc,mobile
S000783,U0111,2026-01-12T14:52:08Z,bing,cpc,desktop
S001032,U0155,2026-01-12T15:06:55Z,direct,(none),desktop
S001484,U0012,2026-01-12T15:57:05Z,linkedin,paid_social,desktop
S001629,U0184,2026-01-12T16:17:50Z,direct,(none),desktop
S000099,U0224,2026-01-12T19:24:11Z,google,cpc,desktop
S000247,U0093,2026-01-12T19:45:07Z,google,organic,desktop
S001573,U0046,2026-01-12T20:52:34Z,google,organic,mobile
S000166,U0069,2026-01-12T21:21:09Z,google,organic,mobile
S001358,U0117,2026-01-12T21:29:37Z,facebook,social,mobile
S002516,U0177,2026-01-12T21:41:57Z,referral,referral,tablet
S001231,U0247,2026-01-12T21:55:26Z,affiliate,affiliate,desktop
S000533,U0177,2026-01-12T22:19:33Z,tiktok,social,mobile
S001084,U0029,2026-01-12T23:00:04Z,facebook,social,mobile
S002591,U0069,2026-01-13T00:09:23Z,google,organic,mobile
S002169,U0006,2026-01-13T00:25:12Z,direct,(none),mobile
S002429,U0161,2026-01-13T01:04:09Z,newsletter,email,mobile
S000934,U0060,2026-01-13T01:16:02Z,google,organic,desktop
S002041,U0103,2026-01-13T02:06:46Z,google,cpc,desktop
S001359,U0106,2026-01-13T02:58:39Z,direct,(none),mobile
S001270,U0161,2026-01-13T04:25:11Z,google,cpc,mobile
S002148,U0004,2026-01-13T06:04:17Z,referral,referral,mobile
S001802,U0046,2026-01-13T06:05:36Z,referral,referral,desktop
S001288,U0130,2026-01-13T07:30:59Z,facebook,social,desktop
S002179,U0237,2026-01-13T07:51:04Z,google,organic,mobile
S002466,U0015,2026-01-13T09:11:47Z,direct,(none),desktop
S001660,U0120,2026-01-13T09:33:17Z,google,cpc,desktop
S000425,U0161,2026-01-13T09:54:39Z,google,cpc,mobile
S000928,U0093,2026-01-13T09:59:39Z,bing,organic,mobile
S001293,U0020,2026-01-13T10:14:11Z,bing,organic,mobile
S001722,U0133,2026-01-13T10:43:52Z,referral,referral,desktop
S001582,U0185,2026-01-13T13:07:16Z,direct,(none),mobile
S002358,U0113,2026-01-13T13:38:17Z,tiktok,paid_social,mobile
S000978,U0198,2026-01-13T13:47:58Z,newsletter,email,mobile
S001397,U0011,2026-01-13T14:05:58Z,facebook,paid_social,desktop
S002558,U0137,2026-01-13T14:26:37Z,google,cpc,mobile
S000704,U0121,2026-01-13T14:32:19Z,facebook,social,desktop
S000617,U0179,2026-01-13T15:24:34Z,tiktok,paid_social,desktop
S001431,U0073,2026-01-13T16:14:01Z,referral,referral,desktop
S002167,U0162,2026-01-13T16:19:02Z,google,organic,desktop
S000865,U0140,2026-01-13T19:08:19Z,facebook,paid_social,mobile
S001915,U0197,2026-01-13T19:28:35Z,google,cpc,mobile
S001070,U0068,2026-01-13T19:34:11Z,google,cpc,mobile
S002457,U0153,2026-01-13T21:51:19Z,referral,referral,mobile
S000306,U0177,2026-01-13T22:48:54Z,google,organic,desktop
S000694,U0034,2026-01-13T23:03:34Z,direct,(none),mobile
S001143,U0198,2026-01-13T23:06:33Z,tiktok,paid_social,mobile
S001251,U0078,2026-01-13T23:14:41Z,facebook,paid_social,desktop
S001863,U0029,2026-01-13T23:14:57Z,tiktok,social,mobile
S000852,U0179,2026-01-13T23:33:12Z,facebook,paid_social,desktop
S001476,U0229,2026-01-14T00:49:29Z,facebook,paid_social,mobile
S001772,U0166,2026-01-14T00:50:14Z,facebook,paid_social,mobile
S001779,U0249,2026-01-14T01:11:28Z,direct,(none),desktop
S002122,U0096,2026-01-14T05:13:41Z,google,organic,desktop
S000493,U0161,2026-01-14T06:18:40Z,tiktok,paid_social,desktop
S001608,U0176,2026-01-14T06:36:55Z,linkedin,paid_social,desktop
S000063,U0098,2026-01-14T07:05:20Z,google,organic,mobile
S001781,U0031,2026-01-14T08:08:01Z,newsletter,email,mobile
S000040,U0026,2026-01-14T08:17:55Z,google,cpc,mobile
S001575,U0029,2026-01-14T08:23:11Z,facebook,paid_social,desktop
S000904,U0163,2026-01-14T08:48:54Z,google,cpc,desktop
S001044,U0074,2026-01-14T08:57:26Z,tiktok,social,desktop
S000763,U0086,2026-01-14T09:01:48Z,google,cpc,mobile
S000699,U0155,2026-01-14T11:20:23Z,google,organic,mobile
S001684,U0227,2026-01-14T11:54:10Z,direct,(none),desktop
S002035,U0116,2026-01-14T12:59:42Z,newsletter,email,mobile
S002415,U0199,2026-01-14T13:01:05Z,google,cpc,mobile
S000223,U0179,2026-01-14T13:23:16Z,bing,organic,mobile
S002126,U0131,2026-01-14T13:27:57Z,direct,(none),desktop
S002369,U0208,2026-01-14T14:12:09Z,google,cpc,desktop
S001839,U0192,2026-01-14T15:53:03Z,tiktok,paid_social,mobile
S000866,U0047,2026-01-14T16:13:13Z,newsletter,email,tablet
S002389,U0073,2026-01-14T16:25:40Z,affiliate,affiliate,desktop
S000787,U0236,2026-01-14T17:56:58Z,newsletter,email,mobile
S000415,U0001,2026-01-14T18:12:25Z,google,cpc,mobile
S002298,U0234,2026-01-14T18:15:51Z,google,organic,desktop
S000363,U0141,2026-01-14T18:34:17Z,google,organic,tablet
S000682,U0092,2026-01-14T18:46:07Z,direct,(none),tablet
S001266,U0210,2026-01-14T18:49:57Z,google,cpc,mobile
S001564,U0247,2026-01-14T19:34:44Z,google,cpc,mobile
S000084,U0054,2026-01-14T19:54:12Z,google,organic,mobile
S001384,U0130,2026-01-14T20:54:14Z,google,organic,mobile
S002195,U0078,2026-01-14T21:21:58Z,facebook,social,mobile
S000641,U0069,2026-01-14T22:53:04Z,direct,(none),mobile
S002300,U0181,2026-01-14T22:56:10Z,google,organic,mobile
S001057,U0104,2026-01-14T23:13:25Z,direct,(none),mobile
S002228,U0184,2026-01-15T00:34:41Z,facebook,paid_social,mobile
S001604,U0146,2026-01-15T01:06:03Z,bing,organic,desktop
S000661,U0144,2026-01-15T01:39:01Z,google,organic,mobile
S000190,U0100,2026-01-15T01:43:22Z,tiktok,paid_social,desktop
S000815,U0190,2026-01-15T02:16:00Z,newsletter,email,desktop
S000691,U0012,2026-01-15T02:51:50Z,facebook,social,mobile
S000142,U0232,2026-01-15T03:41:04Z,newsletter,email,mobile
S001177,U0123,2026-01-15T04:48:17Z,direct,(none),desktop
S002547,U0173,2026-01-15T05:12:44Z,direct,(none),mobile
S002443,U0194,2026-01-15T05:41:53Z,google,cpc,desktop
S001390,U0036,2026-01-15T06:01:41Z,google,organic,desktop
S001167,U0189,2026-01-15T06:01:57Z,direct,(none),mobile
S001242,U0051,2026-01-15T06:36:45Z,newsletter,email,mobile
S002166,U0079,2026-01-15T07:52:01Z,google,cpc,tablet
S001603,U0068,2026-01-15T08:47:09Z,direct,(none),mobile
S002444,U0174,2026-01-15T09:03:19Z,google,cpc,mobile
S001849,U0120,2026-01-15T09:31:03Z,google,organic,mobile
S000700,U0073,2026-01-15T09:47:54Z,google,organic,mobile
S001013,U0038,2026-01-15T10:54:47Z,newsletter,email,mobile
S001262,U0142,2026-01-15T11:23:19Z,facebook,paid_social,desktop
S000621,U0249,2026-01-15T11:26:51Z,facebook,paid_social,mobile
S002177,U0012,2026-01-15T11:55:41Z,google,cpc,desktop
S000664,U0104,2026-01-15T12:54:40Z,newsletter,email,desktop
S001731,U0028,2026-01-15T13:01:47Z,direct,(none),mobile
S001613,U0073,2026-01-15T13:04:58Z,google,cpc,desktop
S001895,U0084,2026-01-15T13:16:48Z,google,organic,desktop
S002156,U0177,2026-01-15T13:33:41Z,google,organic,desktop
S000020,U0175,2026-01-15T13:39:07Z,google,organic,desktop
S002205,U0060,2026-01-15T13:50:50Z,facebook,paid_social,desktop
S000305,U0019,2026-01-15T13:51:49Z,google,cpc,desktop
S001810,U0188,2026-01-15T13:58:07Z,facebook,paid_social,mobile
S001343,U0146,2026-01-15T15:07:34Z,direct,(none),mobile
S000935,U0030,2026-01-15T15:08:47Z,google,organic,desktop
S000139,U0118,2026-01-15T15:36:26Z,google,organic,mobile
S001761,U0048,2026-01-15T18:11:37Z,google,organic,desktop
S001508,U0115,2026-01-15T18:47:35Z,direct,(none),mobile
S002032,U0158,2026-01-15T19:33:49Z,linkedin,paid_social,desktop
S001821,U0233,2026-01-15T23:33:44Z,direct,(none),mobile
S002012,U0121,2026-01-16T01:43:09Z,facebook,paid_social,desktop
S002536,U0042,2026-01-16T02:13:59Z,google,cpc,desktop
S000929,U0072,2026-01-16T03:57:37Z,facebook,paid_social,mobile
S001537,U0168,2026-01-16T04:49:23Z,direct,(none),mobile
S002034,U0077,2026-01-16T05:10:07Z,newsletter,email,desktop
S001948,U0199,2026-01-16T06:24:36Z,affiliate,affiliate,mobile
S000039,U0247,2026-01-16T08:01:43Z,facebook,paid_social,mobile
S001256,U0144,2026-01-16T08:17:12Z,tiktok,paid_social,mobile
S001172,U0224,2026-01-16T08:21:41Z,google,cpc,tablet
S000750,U0227,2026-01-16T09:15:33Z,direct,(none),mobile
S001934,U0027,2026-01-16T10:23:36Z,direct,(none),desktop
S002403,U0198,2026-01-16T10:55:38Z,google,cpc,tablet
S000961,U0023,2026-01-16T11:32:39Z,direct,(none),mobile
S002460,U0226,2026-01-16T12:09:14Z,facebook,paid_social,mobile
S001634,U0062,2026-01-16T12:14:01Z,google,cpc,desktop
S000911,U0236,2026-01-16T12:21:07Z,google,organic,desktop
S000336,U0057,2026-01-16T12:27:00Z,facebook,paid_social,desktop
S001549,U0153,2026-01-16T13:47:36Z,facebook,paid_social,mobile
S001553,U0016,2026-01-16T15:18:06Z,facebook,paid_social,mobile
S002013,U0046,2026-01-16T15:20:32Z,facebook,paid_social,desktop
S001240,U0229,2026-01-16T15:26:17Z,direct,(none),desktop
S001387,U0193,2026-01-16T17:49:33Z,google,cpc,mobile
S001789,U0039,2026-01-16T18:38:34Z,direct,(none),mobile
S002579,U0100,2026-01-16T18:54:24Z,newsletter,email,desktop
S001529,U0227,2026-01-16T19:20:47Z,tiktok,paid_social,desktop
S002554,U0118,2026-01-16T19:56:14Z,google,organic,mobile
S000188,U0246,2026-01-16T20:01:23Z,google,cpc,tablet
S002084,U0154,2026-01-16T20:34:06Z,direct,(none),desktop
S001495,U0199,2026-01-16T21:27:34Z,facebook,paid_social,desktop
S001754,U0147,2026-01-16T22:32:06Z,google,cpc,mobile
S001927,U0025,2026-01-16T23:19:12Z,google,cpc,mobile
S001956,U0122,2026-01-17T00:10:35Z,google,cpc,desktop
S001088,U0214,2026-01-17T01:44:39Z,direct,(none),mobile
S001192,U0001,2026-01-17T02:10:35Z,direct,(none),mobile
S001765,U0045,2026-01-17T02:32:14Z,direct,(none),mobile
S002337,U0096,2026-01-17T03:25:06Z,bing,organic,mobile
S000686,U0149,2026-01-17T04:39:52Z,google,organic,mobile
S002226,U0168,2026-01-17T04:50:14Z,newsletter,email,desktop
S001807,U0104,2026-01-17T04:54:28Z,google,organic,desktop
S001216,U0211,2026-01-17T06:02:35Z,affiliate,affiliate,mobile
S002515,U0002,2026-01-17T06:56:08Z,google,organic,mobile
S001701,U0220,2026-01-17T07:10:37Z,tiktok,paid_social,mobile
S002095,U0012,2026-01-17T07:23:38Z,google,organic,mobile
S001974,U0188,2026-01-17T07:53:43Z,direct,(none),tablet
S001105,U0115,2026-01-17T09:10:53Z,newsletter,email,desktop
S000659,U0203,2026-01-17T10:41:44Z,tiktok,paid_social,mobile
S000144,U0117,2026-01-17T11:13:50Z,facebook,paid_social,desktop
S000597,U0047,2026-01-17T11:44:03Z,direct,(none),desktop
S001402,U0232,2026-01-17T12:43:13Z,google,cpc,desktop
S000879,U0161,2026-01-17T13:53:42Z,google,cpc,mobile
S000426,U0166,2026-01-17T13:53:44Z,google,organic,mobile
S000229,U0161,2026-01-17T14:01:23Z,referral,referral,mobile
S002373,U0069,2026-01-17T14:14:46Z,google,cpc,desktop
S001198,U0246,2026-01-17T14:55:32Z,direct,(none),desktop
S002384,U0161,2026-01-17T15:12:45Z,google,cpc,desktop
S002214,U0231,2026-01-17T16:45:04Z,google,organic,mobile
S001190,U0019,2026-01-17T17:11:31Z,facebook,paid_social,desktop
S000690,U0233,2026-01-17T17:26:16Z,affiliate,affiliate,mobile
S002273,U0134,2026-01-17T17:32:10Z,linkedin,paid_social,desktop
S001326,U0025,2026-01-17T18:30:59Z,newsletter,email,mobile
S000489,U0246,2026-01-17T18:37:43Z,referral,referral,desktop
S002118,U0146,2026-01-17T18:44:16Z,google,organic,mobile
S001882,U0141,2026-01-17T19:48:03Z,google,organic,mobile
S002218,U0089,2026-01-17T20:02:02Z,direct,(none),mobile
S000908,U0069,2026-01-17T20:04:27Z,affiliate,affiliate,mobile
S001486,U0059,2026-01-17T20:07:07Z,facebook,paid_social,mobile
S001686,U0013,2026-01-17T20:54:27Z,direct,(none),mobile
S001021,U0184,2026-01-17T21:09:31Z,direct,(none),desktop
S002209,U0248,2026-01-17T21:25:07Z,google,organic,mobile
S000658,U0095,2026-01-17T21:41:45Z,tiktok,paid_social,desktop
S001787,U0181,2026-01-18T00:15:08Z,newsletter,email,tablet
S002301,U0242,2026-01-18T00:33:52Z,google,organic,mobile
S000236,U0012,2026-01-18T01:51:48Z,bing,organic,desktop
S001434,U0017,2026-01-18T02:32:02Z,google,organic,mobile
S000642,U0034,2026-01-18T02:37:24Z,newsletter,email,desktop
S002066,U0204,2026-01-18T03:40:55Z,direct,(none),desktop
S001418,U0211,2026-01-18T04:18:11Z,affiliate,affiliate,desktop
S000836,U0004,2026-01-18T05:59:39Z,google,organic,desktop
S000705,U0214,2026-01-18T06:16:33Z,tiktok,paid_social,desktop
S000808,U0198,2026-01-18T07:05:55Z,direct,(none),mobile
S001500,U0086,2026-01-18T07:17:06Z,google,cpc,mobile
S001439,U0104,2026-01-18T07:30:07Z,facebook,paid_social,mobile
S000895,U0101,2026-01-18T07:55:31Z,linkedin,paid_social,mobile
S000920,U0227,2026-01-18T08:27:34Z,linkedin,paid_social,desktop
S002315,U0178,2026-01-18T10:25:49Z,google,cpc,desktop
S001534,U0131,2026-01-18T10:27:43Z,google,cpc,mobile
S000971,U0206,2026-01-18T10:40:25Z,direct,(none),desktop
S000516,U0119,2026-01-18T10:49:15Z,facebook,paid_social,tablet
S002021,U0161,2026-01-18T10:49:23Z,facebook,paid_social,desktop
S000054,U0008,2026-01-18T11:16:35Z,facebook,social,tablet
S000636,U0145,2026-01-18T11:32:18Z,direct,(none),desktop
S000943,U0154,2026-01-18T13:48:18Z,linkedin,paid_social,desktop
S000015,U0104,2026-01-18T13:56:20Z,direct,(none),desktop
S000871,U0038,2026-01-18T14:09:19Z,bing,cpc,mobile
S000461,U0185,2026-01-18T15:43:16Z,google,cpc,desktop
S000811,U0112,2026-01-18T15:51:32Z,google,organic,desktop
S001197,U0194,2026-01-18T17:07:17Z,linkedin,paid_social,desktop
S002183,U0143,2026-01-18T17:26:21Z,newsletter,email,desktop
S000722,U0047,2026-01-18T17:56:12Z,bing,cpc,mobile
S000001,U0191,2026-01-18T18:45:45Z,google,organic,desktop
S000036,U0039,2026-01-18T18:46:22Z,newsletter,email,desktop
S001953,U0181,2026-01-18T19:09:33Z,google,cpc,desktop
S001184,U0049,2026-01-18T20:40:57Z,direct,(none),desktop
S000581,U0162,2026-01-18T22:11:28Z,facebook,paid_social,mobile
S002482,U0047,2026-01-18T22:50:21Z,google,cpc,desktop
S001313,U0238,2026-01-18T23:22:29Z,google,organic,mobile
S001957,U0131,2026-01-18T23:42:38Z,google,organic,mobile
S000823,U0131,2026-01-19T00:36:05Z,facebook,social,desktop
S001035,U0243,2026-01-19T01:33:02Z,newsletter,email,desktop
S002058,U0009,2026-01-19T03:40:18Z,newsletter,email,desktop
S001098,U0182,2026-01-19T03:47:34Z,facebook,social,desktop
S000233,U0044,2026-01-19T03:50:00Z,google,organic,desktop
S000393,U0182,2026-01-19T04:27:22Z,referral,referral,mobile
S000498,U0240,2026-01-19T04:54:38Z,google,cpc,desktop
S001415,U0036,2026-01-19T06:25:42Z,google,cpc,desktop
S001939,U0145,2026-01-19T07:33:50Z,direct,(none),mobile
S001199,U0220,2026-01-19T08:07:42Z,newsletter,email,desktop
S000667,U0025,2026-01-19T08:13:55Z,facebook,social,mobile
S001312,U0059,2026-01-19T09:14:48Z,facebook,paid_social,desktop
S000473,U0008,2026-01-19T09:29:46Z,newsletter,email,mobile
S000565,U0051,2026-01-19T09:35:15Z,google,organic,desktop
S002355,U0136,2026-01-19T10:31:05Z,google,organic,desktop
S001760,U0059,2026-01-19T11:18:42Z,facebook,paid_social,desktop
S001093,U0101,2026-01-19T12:37:28Z,google,organic,tablet
S000159,U0179,2026-01-19T13:57:37Z,direct,(none),desktop
S002002,U0102,2026-01-19T14:29:32Z,newsletter,email,desktop
S000158,U0144,2026-01-19T14:55:01Z,tiktok,paid_social,desktop
S001880,U0209,2026-01-19T15:49:36Z,linkedin,social,desktop
S000786,U0113,2026-01-19T16:23:56Z,direct,(none),desktop
S001322,U0009,2026-01-19T16:57:05Z,google,organic,desktop
S000422,U0113,2026-01-19T19:28:15Z,google,organic,desktop
S002318,U0038,2026-01-19T19:48:59Z,direct,(none),mobile
S001703,U0137,2026-01-19T20:25:38Z,google,cpc,mobile
S001955,U0060,2026-01-19T21:54:26Z,google,organic,desktop
S000903,U0247,2026-01-19T22:13:23Z,newsletter,email,desktop
S000739,U0007,2026-01-19T22:33:05Z,google,organic,mobile
S001453,U0012,2026-01-19T22:52:20Z,direct,(none),mobile
S001033,U0095,2026-01-19T22:56:21Z,newsletter,email,mobile
S000652,U0115,2026-01-19T23:25:20Z,bing,organic,mobile
S002293,U0161,2026-01-20T00:17:10Z,newsletter,email,tablet
S002067,U0008,2026-01-20T00:32:06Z,newsletter,email,mobile
S001362,U0027,2026-01-20T00:33:24Z,facebook,paid_social,mobile
S001112,U0137,2026-01-20T01:02:42Z,affiliate,affiliate,desktop
S000545,U0209,2026-01-20T02:18:15Z,google,cpc,mobile
S001462,U0057,2026-01-20T04:07:45Z,linkedin,paid_social,mobile
S001360,U0086,2026-01-20T04:25:16Z,google,cpc,desktop
S001460,U0017,2026-01-20T04:51:01Z,google,cpc,desktop
S001037,U0036,2026-01-20T04:56:11Z,google,organic,mobile
S002019,U0092,2026-01-20T05:11:51Z,facebook,paid_social,desktop
S000663,U0132,2026-01-20T05:14:24Z,direct,(none),desktop
S000762,U0231,2026-01-20T05:37:30Z,direct,(none),desktop
S001542,U0039,2026-01-20T09:17:07Z,linkedin,paid_social,desktop
S002399,U0238,2026-01-20T09:54:10Z,newsletter,email,mobile
S000449,U0233,2026-01-20T10:25:36Z,bing,cpc,tablet
S000323,U0144,2026-01-20T10:42:07Z,direct,(none),mobile
S000313,U0009,2026-01-20T11:11:24Z,direct,(none),desktop
S000400,U0126,2026-01-20T11:22:52Z,direct,(none),desktop
S002262,U0229,2026-01-20T12:21:51Z,google,cpc,mobile
S000539,U0129,2026-01-20T13:13:54Z,direct,(none),desktop
S001465,U0047,2026-01-20T13:49:48Z,referral,referral,desktop
S002330,U0008,2026-01-20T14:49:36Z,google,organic,desktop
S000351,U0075,2026-01-20T15:12:06Z,facebook,paid_social,mobile
S000945,U0132,2026-01-20T15:22:59Z,tiktok,paid_social,desktop
S001984,U0064,2026-01-20T16:36:58Z,facebook,paid_social,desktop
S002178,U0131,2026-01-20T17:55:01Z,google,cpc,mobile
S000949,U0089,2026-01-20T18:06:41Z,bing,cpc,mobile
S001800,U0224,2026-01-20T18:38:08Z,bing,organic,tablet
S001887,U0029,2026-01-20T19:21:28Z,direct,(none),desktop
S002532,U0056,2026-01-20T19:22:30Z,facebook,paid_social,mobile
S000986,U0244,2026-01-20T19:35:35Z,google,organic,desktop
S002094,U0246,2026-01-20T19:46:35Z,direct,(none),mobile
S002437,U0011,2026-01-20T20:08:46Z,google,organic,mobile
S000578,U0039,2026-01-20T21:09:38Z,google,organic,desktop
S001501,U0250,2026-01-20T21:23:18Z,google,organic,desktop
S000092,U0236,2026-01-20T21:24:16Z,facebook,paid_social,desktop
S001870,U0179,2026-01-20T21:39:39Z,facebook,paid_social,mobile
S002565,U0121,2026-01-20T22:06:49Z,google,cpc,desktop
S000292,U0217,2026-01-20T23:53:31Z,direct,(none),desktop
S002023,U0168,2026-01-21T01:06:01Z,affiliate,affiliate,mobile
S000996,U0157,2026-01-21T01:22:48Z,google,organic,mobile
S001116,U0117,2026-01-21T01:28:29Z,linkedin,paid_social,mobile
S001200,U0113,2026-01-21T01:35:47Z,google,cpc,mobile
S000932,U0229,2026-01-21T02:13:23Z,google,cpc,desktop
S000789,U0042,2026-01-21T02:27:48Z,google,cpc,desktop
S002304,U0126,2026-01-21T03:44:00Z,google,organic,tablet
S001741,U0115,2026-01-21T04:09:24Z,tiktok,paid_social,desktop
S001042,U0148,2026-01-21T05:00:57Z,google,cpc,mobile
S000042,U0050,2026-01-21T05:19:19Z,facebook,paid_social,mobile
S001813,U0109,2026-01-21T05:46:13Z,direct,(none),mobile
S000716,U0001,2026-01-21T05:57:58Z,facebook,social,mobile
S002030,U0233,2026-01-21T06:23:02Z,facebook,social,mobile
S002196,U0002,2026-01-21T06:30:10Z,google,organic,mobile
S002476,U0237,2026-01-21T06:44:47Z,facebook,paid_social,desktop
S001274,U0112,2026-01-21T06:51:54Z,newsletter,email,mobile
S001233,U0216,2026-01-21T07:22:05Z,tiktok,social,desktop
S002033,U0161,2026-01-21T08:24:56Z,newsletter,email,mobile
S001363,U0057,2026-01-21T08:45:46Z,google,cpc,mobile
S000100,U0116,2026-01-21T08:49:20Z,google,cpc,desktop
S001308,U0081,2026-01-21T09:08:02Z,direct,(none),mobile
S001003,U0033,2026-01-21T10:01:25Z,google,cpc,mobile
S000940,U0083,2026-01-21T10:07:07Z,google,organic,desktop
S000389,U0159,2026-01-21T10:15:53Z,direct,(none),desktop
S002258,U0121,2026-01-21T10:22:05Z,direct,(none),mobile
S001876,U0174,2026-01-21T10:34:34Z,bing,cpc,mobile
S000284,U0190,2026-01-21T10:46:50Z,direct,(none),desktop
S000535,U0161,2026-01-21T11:06:15Z,facebook,paid_social,desktop
S001054,U0140,2026-01-21T11:06:17Z,newsletter,email,desktop
S001577,U0241,2026-01-21T11:07:18Z,direct,(none),mobile
S002475,U0171,2026-01-21T11:38:19Z,google,cpc,mobile
S002250,U0171,2026-01-21T11:51:31Z,google,cpc,mobile
S001444,U0131,2026-01-21T12:33:51Z,google,organic,mobile
S000549,U0102,2026-01-21T12:52:23Z,facebook,social,desktop
S001437,U0061,2026-01-21T13:10:45Z,facebook,social,mobile
S001965,U0017,2026-01-21T13:32:27Z,referral,referral,desktop
S001087,U0041,2026-01-21T13:59:26Z,direct,(none),desktop
S002494,U0214,2026-01-21T13:59:59Z,affiliate,affiliate,desktop
S001767,U0181,2026-01-21T14:27:48Z,newsletter,email,desktop
S001394,U0149,2026-01-21T14:59:08Z,newsletter,email,tablet
S001411,U0069,2026-01-21T15:29:06Z,newsletter,email,mobile
S001148,U0029,2026-01-21T15:57:03Z,google,organic,desktop
S001637,U0153,2026-01-21T16:12:29Z,facebook,paid_social,tablet
S001998,U0011,2026-01-21T18:14:32Z,newsletter,email,desktop
S000917,U0137,2026-01-21T18:15:52Z,newsletter,email,desktop
S001497,U0151,2026-01-21T18:31:51Z,newsletter,email,mobile
S002223,U0229,2026-01-21T18:58:06Z,tiktok,paid_social,desktop
S002296,U0206,2026-01-21T19:07:38Z,google,cpc,desktop
S001399,U0113,2026-01-21T20:22:42Z,linkedin,social,mobile
S001665,U0047,2026-01-21T20:33:09Z,facebook,social,desktop
S000056,U0144,2026-01-21T20:46:47Z,google,organic,mobile
S000447,U0146,2026-01-21T20:47:22Z,tiktok,paid_social,desktop
S001640,U0004,2026-01-21T21:39:46Z,facebook,paid_social,tablet
S000137,U0096,2026-01-21T22:01:46Z,newsletter,email,desktop
S001693,U0142,2026-01-21T22:33:33Z,tiktok,social,mobile
S001978,U0245,2026-01-21T23:26:45Z,direct,(none),mobile
S001100,U0057,2026-01-22T00:09:52Z,google,cpc,mobile
S001257,U0196,2026-01-22T00:12:43Z,google,cpc,desktop
S000653,U0111,2026-01-22T00:38:13Z,google,cpc,desktop
S001009,U0123,2026-01-22T00:41:32Z,facebook,paid_social,desktop
S001130,U0162,2026-01-22T00:57:35Z,facebook,social,desktop
S000624,U0216,2026-01-22T01:32:50Z,google,organic,mobile
S000392,U0108,2026-01-22T02:04:07Z,newsletter,email,desktop
S001183,U0029,2026-01-22T03:08:13Z,google,cpc,tablet
S000387,U0036,2026-01-22T04:18:21Z,referral,referral,mobile
S002423,U0143,2026-01-22T04:31:20Z,direct,(none),desktop
S001551,U0210,2026-01-22T04:38:09Z,newsletter,email,mobile
S000616,U0091,2026-01-22T04:49:28Z,direct,(none),desktop
S001791,U0082,2026-01-22T06:20:45Z,google,organic,desktop
S000526,U0085,2026-01-22T06:45:45Z,tiktok,paid_social,mobile
S000901,U0152,2026-01-22T08:14:35Z,google,cpc,tablet
S000671,U0155,2026-01-22T08:22:00Z,direct,(none),mobile
S002560,U0009,2026-01-22T08:41:39Z,facebook,paid_social,desktop
S002158,U0096,2026-01-22T08:43:21Z,linkedin,paid_social,desktop
S002232,U0047,2026-01-22T09:15:50Z,google,cpc,desktop
S001055,U0218,2026-01-22T10:12:20Z,affiliate,affiliate,desktop
S001803,U0155,2026-01-22T10:35:43Z,direct,(none),mobile
S000453,U0159,2026-01-22T12:10:37Z,referral,referral,mobile
S000843,U0230,2026-01-22T12:18:56Z,google,organic,mobile
S001249,U0096,2026-01-22T12:48:40Z,bing,organic,mobile
S000972,U0053,2026-01-22T12:56:16Z,google,cpc,desktop
S001552,U0161,2026-01-22T13:10:14Z,newsletter,email,mobile
S002342,U0175,2026-01-22T13:15:57Z,google,organic,desktop
S001401,U0039,2026-01-22T13:29:51Z,direct,(none),tablet
S001624,U0229,2026-01-22T13:48:57Z,linkedin,paid_social,mobile
S002485,U0143,2026-01-22T13:51:48Z,google,organic,desktop
S000594,U0057,2026-01-22T14:13:58Z,google,cpc,desktop
S001319,U0115,2026-01-22T14:23:41Z,bing,cpc,desktop
S002335,U0008,2026-01-22T15:29:18Z,tiktok,social,desktop
S001050,U0047,2026-01-22T15:40:07Z,affiliate,affiliate,mobile
S000045,U0013,2026-01-22T15:40:35Z,facebook,paid_social,mobile
S000005,U0161,2026-01-22T15:51:32Z,direct,(none),desktop
S001282,U0129,2026-01-22T16:18:49Z,direct,(none),desktop
S000547,U0095,2026-01-22T16:19:18Z,google,organic,mobile
S000749,U0038,2026-01-22T17:09:30Z,google,cpc,tablet
S001606,U0037,2026-01-22T17:12:53Z,bing,organic,desktop
S001403,U0227,2026-01-22T18:16:40Z,direct,(none),desktop
S001286,U0011,2026-01-22T18:42:42Z,direct,(none),desktop
S002038,U0103,2026-01-22T18:51:35Z,google,cpc,desktop
S000101,U0094,2026-01-22T18:59:39Z,bing,cpc,mobile
S001129,U0219,2026-01-22T19:02:33Z,google,organic,mobile
S000277,U0036,2026-01-22T19:08:56Z,google,cpc,desktop
S001446,U0229,2026-01-22T19:21:03Z,google,cpc,mobile
S000703,U0047,2026-01-22T21:48:01Z,google,cpc,mobile
S001631,U0046,2026-01-22T23:40:50Z,google,cpc,mobile
S001518,U0116,2026-01-22T23:42:36Z,direct,(none),desktop
S001971,U0166,2026-01-22T23:58:05Z,google,cpc,mobile
S001224,U0032,2026-01-23T01:12:20Z,google,organic,mobile
S001225,U0178,2026-01-23T01:25:59Z,bing,organic,mobile
S001970,U0009,2026-01-23T01:51:53Z,referral,referral,desktop
S000241,U0242,2026-01-23T02:49:06Z,tiktok,paid_social,desktop
S000428,U0134,2026-01-23T02:57:22Z,direct,(none),desktop
S000505,U0115,2026-01-23T03:24:28Z,newsletter,email,mobile
S001155,U0213,2026-01-23T04:31:41Z,facebook,paid_social,desktop
S001442,U0039,2026-01-23T04:34:52Z,tiktok,paid_social,mobile
S002395,U0068,2026-01-23T05:17:36Z,newsletter,email,desktop
S002552,U0119,2026-01-23T05:22:48Z,newsletter,email,mobile
S001333,U0004,2026-01-23T05:57:02Z,google,cpc,desktop
S000455,U0117,2026-01-23T07:19:53Z,direct,(none),mobile
S000580,U0250,2026-01-23T07:32:05Z,direct,(none),desktop
S000626,U0030,2026-01-23T07:59:20Z,bing,cpc,mobile
S001702,U0029,2026-01-23T07:59:22Z,google,cpc,mobile
S001304,U0250,2026-01-23T08:04:37Z,google,cpc,tablet
S001221,U0087,2026-01-23T08:32:27Z,google,cpc,mobile
S000276,U0240,2026-01-23T09:26:43Z,direct,(none),mobile
S001488,U0233,2026-01-23T10:17:22Z,facebook,paid_social,mobile
S000335,U0144,2026-01-23T10:25:04Z,tiktok,paid_social,mobile
S000898,U0009,2026-01-23T10:26:47Z,newsletter,email,tablet
S000353,U0239,2026-01-23T10:32:18Z,facebook,paid_social,mobile
S001759,U0059,2026-01-23T10:37:13Z,google,cpc,mobile
S000416,U0131,2026-01-23T10:49:33Z,google,organic,desktop
S002452,U0198,2026-01-23T11:50:06Z,google,cpc,mobile
S002321,U0128,2026-01-23T13:30:42Z,tiktok,social,mobile
S001089,U0011,2026-01-23T13:40:30Z,direct,(none),desktop
S002060,U0073,2026-01-23T14:58:14Z,google,organic,mobile
S002441,U0206,2026-01-23T15:07:52Z,google,organic,desktop
S001724,U0090,2026-01-23T15:18:27Z,facebook,paid_social,desktop
S001391,U0115,2026-01-23T15:29:31Z,direct,(none),desktop
S000634,U0138,2026-01-23T17:19:18Z,referral,referral,desktop
S002204,U0246,2026-01-23T18:09:50Z,direct,(none),desktop
S001898,U0027,2026-01-23T19:16:52Z,google,cpc,mobile
S002501,U0117,2026-01-23T20:05:16Z,google,organic,tablet
S000672,U0093,2026-01-23T20:48:34Z,google,organic,mobile
S001259,U0165,2026-01-23T21:41:19Z,google,cpc,mobile
S002168,U0164,2026-01-23T21:55:56Z,affiliate,affiliate,desktop
S000559,U0145,2026-01-23T23:08:23Z,google,cpc,desktop
S002543,U0054,2026-01-23T23:28:12Z,google,cpc,tablet
S000081,U0170,2026-01-23T23:44:37Z,google,cpc,mobile
S002310,U0039,2026-01-24T00:12:02Z,google,cpc,mobile
S000570,U0193,2026-01-24T00:24:17Z,linkedin,paid_social,desktop
S002005,U0011,2026-01-24T00:30:33Z,newsletter,email,desktop
S000768,U0145,2026-01-24T00:45:17Z,google,organic,desktop
S000803,U0121,2026-01-24T01:22:17Z,newsletter,email,mobile
S002055,U0195,2026-01-24T01:31:59Z,facebook,paid_social,mobile
S000878,U0003,2026-01-24T01:34:15Z,newsletter,email,mobile
S001967,U0236,2026-01-24T01:35:33Z,tiktok,social,desktop
S000916,U0203,2026-01-24T02:19:36Z,newsletter,email,mobile
S001022,U0015,2026-01-24T05:14:04Z,facebook,paid_social,mobile
S001776,U0235,2026-01-24T05:26:58Z,tiktok,social,tablet
S000308,U0140,2026-01-24T05:32:10Z,tiktok,paid_social,mobile
S002026,U0097,2026-01-24T05:39:05Z,google,cpc,mobile
S001735,U0114,2026-01-24T07:25:45Z,facebook,paid_social,mobile
S001708,U0170,2026-01-24T07:51:46Z,facebook,social,desktop
S000337,U0039,2026-01-24T08:45:39Z,facebook,paid_social,desktop
S000466,U0016,2026-01-24T08:52:58Z,direct,(none),mobile
S002436,U0218,2026-01-24T09:04:14Z,newsletter,email,mobile
S002421,U0250,2026-01-24T09:04:29Z,direct,(none),mobile
S001137,U0179,2026-01-24T09:13:14Z,google,organic,mobile
S000810,U0247,2026-01-24T09:19:53Z,tiktok,paid_social,mobile
S001315,U0128,2026-01-24T10:01:25Z,google,cpc,desktop
S002199,U0069,2026-01-24T10:49:02Z,google,organic,desktop
S001385,U0054,2026-01-24T13:36:48Z,google,cpc,mobile
S001808,U0223,2026-01-24T13:44:29Z,facebook,paid_social,desktop
S000633,U0132,2026-01-24T14:20:42Z,direct,(none),desktop
S001628,U0039,2026-01-24T14:22:23Z,newsletter,email,mobile
S001649,U0237,2026-01-24T14:54:05Z,facebook,social,desktop
S002360,U0219,2026-01-24T15:08:46Z,facebook,social,mobile
S000182,U0033,2026-01-24T15:33:32Z,google,cpc,desktop
S002322,U0126,2026-01-24T15:56:06Z,direct,(none),mobile
S000419,U0190,2026-01-24T17:03:35Z,facebook,paid_social,mobile
S000820,U0055,2026-01-24T17:07:53Z,direct,(none),mobile
S000343,U0142,2026-01-24T19:09:49Z,google,organic,desktop
S002600,U0209,2026-01-24T19:24:07Z,google,organic,mobile
S000838,U0134,2026-01-24T19:54:47Z,google,cpc,mobile
S001890,U0116,2026-01-24T19:58:26Z,google,organic,tablet
S001115,U0057,2026-01-24T19:59:36Z,google,organic,mobile
S000180,U0039,2026-01-24T20:13:50Z,google,cpc,mobile
S000802,U0229,2026-01-24T21:26:54Z,tiktok,paid_social,tablet
S000160,U0229,2026-01-24T22:27:41Z,direct,(none),desktop
S000432,U0160,2026-01-24T22:54:21Z,tiktok,paid_social,desktop
S002427,U0093,2026-01-24T22:56:46Z,google,organic,desktop
S001410,U0150,2026-01-25T00:07:49Z,newsletter,email,tablet
S001512,U0059,2026-01-25T01:05:28Z,direct,(none),mobile
S001782,U0023,2026-01-25T02:33:36Z,google,organic,desktop
S002527,U0039,2026-01-25T02:36:40Z,direct,(none),desktop
S000841,U0094,2026-01-25T02:58:57Z,google,cpc,mobile
S002472,U0242,2026-01-25T03:13:03Z,direct,(none),desktop
S000052,U0020,2026-01-25T03:45:34Z,google,cpc,mobile
S000086,U0188,2026-01-25T04:13:25Z,tiktok,paid_social,desktop
S001168,U0104,2026-01-25T06:30:36Z,newsletter,email,desktop
S000257,U0245,2026-01-25T08:12:46Z,facebook,paid_social,desktop
S002289,U0229,2026-01-25T08:15:17Z,affiliate,affiliate,mobile
S002432,U0241,2026-01-25T10:23:08Z,facebook,social,mobile
S001861,U0204,2026-01-25T10:23:09Z,newsletter,email,mobile
S002345,U0055,2026-01-25T10:39:19Z,facebook,social,desktop
S001865,U0033,2026-01-25T12:14:28Z,facebook,paid_social,desktop
S000148,U0231,2026-01-25T12:32:33Z,google,organic,mobile
S002522,U0203,2026-01-25T13:11:48Z,direct,(none),desktop
S000715,U0036,2026-01-25T13:18:06Z,facebook,paid_social,tablet
S002524,U0095,2026-01-25T13:23:08Z,tiktok,paid_social,desktop
S001535,U0037,2026-01-25T13:50:40Z,newsletter,email,mobile
S001884,U0039,2026-01-25T15:21:34Z,referral,referral,tablet
S000756,U0229,2026-01-25T15:41:17Z,bing,organic,desktop
S000977,U0179,2026-01-25T16:05:17Z,direct,(none),mobile
S001653,U0226,2026-01-25T16:42:21Z,direct,(none),desktop
S002064,U0041,2026-01-25T17:17:27Z,newsletter,email,mobile
S002592,U0175,2026-01-25T17:17:57Z,facebook,paid_social,mobile
S000677,U0051,2026-01-25T17:43:04Z,google,cpc,mobile
S001091,U0001,2026-01-25T18:17:04Z,facebook,paid_social,desktop
S000460,U0215,2026-01-25T18:25:18Z,affiliate,affiliate,desktop
S001366,U0219,2026-01-25T19:31:43Z,facebook,social,desktop
S000600,U0229,2026-01-25T20:56:00Z,referral,referral,desktop
S000435,U0047,2026-01-25T21:18:50Z,tiktok,paid_social,tablet
S000031,U0161,2026-01-25T21:32:49Z,bing,cpc,mobile
S000572,U0232,2026-01-25T21:42:40Z,google,cpc,mobile
S000029,U0017,2026-01-25T21:56:49Z,newsletter,email,mobile
S000014,U0067,2026-01-25T21:57:33Z,facebook,paid_social,mobile
S000557,U0202,2026-01-25T23:02:51Z,direct,(none),desktop
S000941,U0123,2026-01-25T23:24:20Z,direct,(none),desktop
S000999,U0097,2026-01-25T23:44:59Z,tiktok,paid_social,mobile
S001886,U0119,2026-01-25T23:49:20Z,newsletter,email,tablet
S001214,U0010,2026-01-26T00:14:34Z,facebook,social,mobile
S000113,U0147,2026-01-26T00:23:15Z,google,cpc,mobile
S002110,U0119,2026-01-26T00:25:30Z,tiktok,paid_social,desktop
S001291,U0119,2026-01-26T01:43:44Z,facebook,paid_social,desktop
S000863,U0020,2026-01-26T01:57:54Z,direct,(none),desktop
S000176,U0218,2026-01-26T02:45:58Z,newsletter,email,desktop
S000553,U0229,2026-01-26T04:08:34Z,referral,referral,desktop
S002096,U0087,2026-01-26T04:56:04Z,google,organic,mobile
S000359,U0145,2026-01-26T05:52:56Z,facebook,paid_social,mobile
S000213,U0219,2026-01-26T07:07:03Z,tiktok,social,mobile
S001838,U0219,2026-01-26T10:00:40Z,tiktok,social,mobile
S000556,U0202,2026-01-26T10:13:06Z,google,organic,mobile
S001195,U0175,2026-01-26T10:26:18Z,affiliate,affiliate,desktop
S000656,U0183,2026-01-26T10:51:08Z,newsletter,email,desktop
S001616,U0121,2026-01-26T11:05:00Z,google,cpc,mobile
S000156,U0076,2026-01-26T11:41:55Z,google,organic,mobile
S000561,U0078,2026-01-26T12:00:04Z,google,cpc,mobile
S001258,U0244,2026-01-26T12:00:55Z,linkedin,paid_social,mobile
S000965,U0153,2026-01-26T12:20:52Z,bing,organic,desktop
S001469,U0216,2026-01-26T12:35:50Z,newsletter,email,mobile
S001907,U0047,2026-01-26T13:33:57Z,bing,cpc,tablet
S001933,U0208,2026-01-26T15:03:23Z,affiliate,affiliate,mobile
S002598,U0119,2026-01-26T15:05:11Z,facebook,paid_social,desktop
S001207,U0129,2026-01-26T16:19:32Z,google,cpc,mobile
S002356,U0047,2026-01-26T16:19:55Z,google,cpc,mobile
S000232,U0043,2026-01-26T19:21:35Z,direct,(none),mobile
S000127,U0127,2026-01-26T19:52:20Z,newsletter,email,mobile
S000263,U0164,2026-01-26T19:53:52Z,google,organic,desktop
S000071,U0186,2026-01-26T20:16:36Z,tiktok,paid_social,mobile
S000697,U0218,2026-01-26T20:34:09Z,direct,(none),desktop
S000396,U0202,2026-01-26T20:46:40Z,newsletter,email,mobile
S000819,U0152,2026-01-26T20:52:59Z,google,cpc,tablet
S002116,U0082,2026-01-26T21:16:13Z,facebook,social,desktop
S001097,U0164,2026-01-26T21:46:56Z,direct,(none),mobile
S000885,U0151,2026-01-26T22:11:31Z,direct,(none),mobile
S000569,U0190,2026-01-26T22:37:14Z,referral,referral,desktop
S002329,U0119,2026-01-26T23:01:26Z,facebook,paid_social,desktop
S000322,U0111,2026-01-26T23:33:26Z,newsletter,email,mobile
S000827,U0229,2026-01-27T00:34:28Z,direct,(none),mobile
S000366,U0137,2026-01-27T00:49:34Z,direct,(none),mobile
S000399,U0039,2026-01-27T01:13:10Z,linkedin,paid_social,desktop
S001739,U0062,2026-01-27T01:16:09Z,facebook,paid_social,desktop
S000759,U0039,2026-01-27T01:44:00Z,google,organic,mobile
S000864,U0113,2026-01-27T02:35:46Z,referral,referral,mobile
S002266,U0241,2026-01-27T02:48:35Z,newsletter,email,desktop
S000123,U0218,2026-01-27T03:13:49Z,google,organic,mobile
S000087,U0101,2026-01-27T03:27:38Z,google,organic,mobile
S002574,U0037,2026-01-27T03:58:18Z,google,organic,desktop
S001163,U0118,2026-01-27T03:59:31Z,direct,(none),tablet
S001778,U0058,2026-01-27T04:14:58Z,direct,(none),desktop
S001448,U0172,2026-01-27T05:44:59Z,direct,(none),desktop
S000519,U0118,2026-01-27T05:52:02Z,google,cpc,mobile
S000568,U0004,2026-01-27T05:56:30Z,direct,(none),desktop
S001228,U0008,2026-01-27T05:58:36Z,direct,(none),tablet
S001244,U0092,2026-01-27T06:34:45Z,direct,(none),mobile
S000571,U0113,2026-01-27T07:19:00Z,direct,(none),desktop
S001146,U0161,2026-01-27T09:16:44Z,bing,organic,desktop
S000041,U0099,2026-01-27T10:25:40Z,google,organic,desktop
S000488,U0155,2026-01-27T10:55:46Z,google,organic,desktop
S002152,U0020,2026-01-27T11:33:20Z,google,cpc,mobile
S001040,U0027,2026-01-27T12:16:53Z,affiliate,affiliate,desktop
S000025,U0155,2026-01-27T12:30:17Z,newsletter,email,desktop
S001085,U0206,2026-01-27T12:48:35Z,tiktok,social,desktop
S001519,U0167,2026-01-27T12:59:11Z,newsletter,email,mobile
S002029,U0033,2026-01-27T13:07:35Z,tiktok,paid_social,mobile
S002406,U0141,2026-01-27T14:02:22Z,google,organic,desktop
S001819,U0199,2026-01-27T14:08:56Z,direct,(none),mobile
S000221,U0161,2026-01-27T14:14:08Z,direct,(none),desktop
S000953,U0039,2026-01-27T14:14:43Z,direct,(none),mobile
S000477,U0090,2026-01-27T14:21:25Z,facebook,social,mobile
S000302,U0086,2026-01-27T14:26:07Z,direct,(none),mobile
S001720,U0038,2026-01-27T14:28:35Z,tiktok,paid_social,desktop
S002194,U0014,2026-01-27T14:29:58Z,newsletter,email,desktop
S000145,U0129,2026-01-27T14:34:58Z,google,cpc,mobile
S002157,U0179,2026-01-27T15:26:31Z,facebook,paid_social,mobile
S001503,U0014,2026-01-27T15:28:46Z,facebook,social,desktop
S000163,U0029,2026-01-27T15:31:14Z,google,cpc,desktop
S000261,U0157,2026-01-27T17:11:36Z,google,organic,mobile
S002155,U0050,2026-01-27T17:22:42Z,google,cpc,desktop
S001151,U0150,2026-01-27T17:47:01Z,tiktok,paid_social,mobile
S001380,U0190,2026-01-27T17:53:33Z,google,cpc,mobile
S000069,U0051,2026-01-27T18:15:19Z,google,cpc,mobile
S000310,U0233,2026-01-27T18:18:55Z,google,cpc,desktop
S001395,U0011,2026-01-27T19:21:12Z,google,cpc,mobile
S001859,U0180,2026-01-27T20:04:04Z,direct,(none),tablet
S002390,U0245,2026-01-27T20:40:38Z,direct,(none),mobile
S000774,U0067,2026-01-27T21:28:19Z,newsletter,email,mobile
S000635,U0184,2026-01-27T21:38:10Z,bing,cpc,desktop
S000378,U0109,2026-01-27T21:46:59Z,bing,organic,desktop
S001378,U0213,2026-01-27T22:31:48Z,google,organic,mobile
S000727,U0218,2026-01-27T23:13:45Z,google,cpc,tablet
S001891,U0032,2026-01-27T23:20:05Z,google,organic,desktop
S000880,U0134,2026-01-27T23:28:17Z,newsletter,email,mobile
S000805,U0181,2026-01-27T23:42:27Z,facebook,paid_social,mobile
S001108,U0149,2026-01-28T00:07:09Z,google,cpc,mobile
S001429,U0194,2026-01-28T01:00:48Z,affiliate,affiliate,desktop
S002079,U0208,2026-01-28T01:29:29Z,direct,(none),mobile
S001283,U0047,2026-01-28T01:57:52Z,google,organic,mobile
S002340,U0239,2026-01-28T02:01:10Z,google,organic,mobile
S000055,U0238,2026-01-28T02:49:13Z,bing,organic,desktop
S002173,U0115,2026-01-28T03:50:57Z,direct,(none),tablet
S000755,U0119,2026-01-28T04:20:42Z,direct,(none),desktop
S002487,U0036,2026-01-28T05:31:31Z,direct,(none),desktop
S000833,U0212,2026-01-28T05:59:14Z,newsletter,email,mobile
S000243,U0215,2026-01-28T08:14:12Z,google,organic,desktop
S001988,U0021,2026-01-28T09:00:45Z,google,organic,desktop
S000122,U0229,2026-01-28T09:07:01Z,facebook,paid_social,desktop
S002267,U0120,2026-01-28T09:25:20Z,affiliate,affiliate,desktop
S000730,U0078,2026-01-28T10:02:21Z,google,cpc,desktop
S002007,U0179,2026-01-28T10:12:57Z,direct,(none),desktop
S000200,U0248,2026-01-28T10:28:35Z,direct,(none),desktop
S001644,U0093,2026-01-28T10:31:22Z,newsletter,email,mobile
S001658,U0250,2026-01-28T11:26:11Z,google,organic,desktop
S000381,U0244,2026-01-28T11:56:08Z,google,organic,mobile
S001193,U0078,2026-01-28T11:59:52Z,google,organic,mobile
S001356,U0076,2026-01-28T12:10:43Z,google,cpc,mobile
S002528,U0141,2026-01-28T12:34:31Z,direct,(none),desktop
S000775,U0233,2026-01-28T12:53:07Z,facebook,social,desktop
S001289,U0195,2026-01-28T13:06:03Z,direct,(none),tablet
S001419,U0227,2026-01-28T13:14:42Z,google,organic,desktop
S002458,U0012,2026-01-28T14:15:04Z,google,organic,desktop
S002253,U0057,2026-01-28T14:49:35Z,linkedin,social,desktop
S001696,U0011,2026-01-28T15:12:36Z,tiktok,paid_social,desktop
S000574,U0034,2026-01-28T15:45:25Z,bing,cpc,mobile
S000708,U0094,2026-01-28T16:16:29Z,newsletter,email,desktop
S001999,U0045,2026-01-28T16:35:51Z,direct,(none),mobile
S000688,U0001,2026-01-28T16:42:40Z,google,organic,desktop
S001587,U0121,2026-01-28T16:43:03Z,google,cpc,desktop
S002283,U0026,2026-01-28T16:44:04Z,direct,(none),mobile
S001799,U0194,2026-01-28T17:28:08Z,direct,(none),desktop
S001176,U0179,2026-01-28T19:25:23Z,google,cpc,desktop
S002197,U0119,2026-01-28T19:30:00Z,google,cpc,mobile
S001499,U0213,2026-01-28T20:16:46Z,google,cpc,mobile
S000890,U0168,2026-01-28T20:26:34Z,facebook,social,mobile
S001566,U0141,2026-01-28T20:36:00Z,facebook,paid_social,desktop
S000049,U0057,2026-01-28T20:49:34Z,affiliate,affiliate,mobile
S002172,U0243,2026-01-28T20:59:59Z,google,cpc,mobile
S000976,U0039,2026-01-28T21:15:26Z,newsletter,email,desktop
S000980,U0067,2026-01-28T21:47:49Z,google,cpc,mobile
S001906,U0021,2026-01-28T22:06:53Z,newsletter,email,tablet
S001324,U0194,2026-01-28T22:27:20Z,affiliate,affiliate,desktop
S002230,U0045,2026-01-28T22:41:14Z,google,organic,mobile
S001424,U0109,2026-01-28T23:28:35Z,google,organic,mobile
S000146,U0016,2026-01-29T00:13:08Z,google,organic,mobile
S000227,U0067,2026-01-29T00:18:46Z,facebook,paid_social,desktop
S000412,U0127,2026-01-29T00:21:58Z,linkedin,paid_social,desktop
S002563,U0216,2026-01-29T00:27:48Z,linkedin,social,mobile
S000701,U0026,2026-01-29T00:34:34Z,facebook,social,mobile
S000021,U0086,2026-01-29T00:36:32Z,linkedin,social,desktop
S001142,U0180,2026-01-29T01:06:26Z,newsletter,email,desktop
S001277,U0036,2026-01-29T01:07:46Z,linkedin,paid_social,mobile
S000997,U0038,2026-01-29T01:22:17Z,google,organic,mobile
S001655,U0218,2026-01-29T01:22:19Z,google,cpc,desktop
S001241,U0067,2026-01-29T01:51:24Z,tiktok,paid_social,desktop
S002127,U0156,2026-01-29T02:07:50Z,google,cpc,desktop
S002269,U0056,2026-01-29T02:59:15Z,google,cpc,desktop
S000966,U0145,2026-01-29T03:09:44Z,bing,cpc,mobile
S002597,U0161,2026-01-29T03:23:34Z,referral,referral,mobile
S000913,U0078,2026-01-29T03:44:01Z,facebook,social,mobile
S001650,U0110,2026-01-29T03:57:12Z,direct,(none),mobile
S000638,U0017,2026-01-29T04:05:17Z,referral,referral,mobile
S002538,U0036,2026-01-29T04:18:19Z,newsletter,email,mobile
S000818,U0095,2026-01-29T04:39:40Z,direct,(none),mobile
S001067,U0236,2026-01-29T05:02:45Z,facebook,paid_social,mobile
S001848,U0218,2026-01-29T05:51:29Z,google,organic,tablet
S000474,U0122,2026-01-29T06:47:41Z,newsletter,email,desktop
S000034,U0246,2026-01-29T07:03:40Z,direct,(none),mobile
S001837,U0068,2026-01-29T07:17:35Z,affiliate,affiliate,desktop
S001780,U0243,2026-01-29T07:24:57Z,newsletter,email,tablet
S000168,U0241,2026-01-29T07:47:54Z,affiliate,affiliate,desktop
S000141,U0089,2026-01-29T08:10:08Z,direct,(none),mobile
S001917,U0001,2026-01-29T08:26:28Z,newsletter,email,mobile
S000320,U0083,2026-01-29T09:04:46Z,direct,(none),desktop
S001517,U0222,2026-01-29T10:12:58Z,google,organic,mobile
S001357,U0087,2026-01-29T10:18:20Z,facebook,paid_social,mobile
S002366,U0001,2026-01-29T10:46:28Z,direct,(none),mobile
S000462,U0203,2026-01-29T10:54:42Z,google,organic,mobile
S001804,U0113,2026-01-29T11:23:24Z,direct,(none),desktop
S001699,U0067,2026-01-29T11:24:42Z,direct,(none),mobile
S001743,U0067,2026-01-29T11:43:11Z,direct,(none),desktop
S001572,U0039,2026-01-29T11:47:34Z,tiktok,paid_social,mobile
S002049,U0119,2026-01-29T12:05:15Z,newsletter,email,mobile
S001034,U0115,2026-01-29T12:37:26Z,tiktok,social,mobile
S002469,U0087,2026-01-29T13:00:27Z,facebook,paid_social,desktop
S000914,U0117,2026-01-29T13:12:07Z,google,cpc,mobile
S001945,U0174,2026-01-29T13:15:52Z,google,cpc,mobile
S001557,U0126,2026-01-29T13:20:05Z,facebook,paid_social,desktop
S001657,U0241,2026-01-29T14:40:59Z,google,organic,desktop
S002288,U0198,2026-01-29T15:25:11Z,tiktok,social,mobile
S002486,U0025,2026-01-29T15:34:47Z,direct,(none),mobile
S001420,U0244,2026-01-29T15:51:05Z,tiktok,social,desktop
S000828,U0036,2026-01-29T17:22:32Z,newsletter,email,desktop
S001550,U0141,2026-01-29T17:57:30Z,google,cpc,desktop
S002286,U0119,2026-01-29T19:06:40Z,google,organic,tablet
S000450,U0049,2026-01-29T19:25:50Z,direct,(none),desktop
S000006,U0067,2026-01-29T21:25:21Z,google,cpc,desktop
S000028,U0218,2026-01-29T22:56:00Z,google,organic,desktop
S001654,U0057,2026-01-29T23:29:57Z,newsletter,email,mobile
S001027,U0047,2026-01-29T23:53:10Z,google,organic,mobile
S002438,U0099,2026-01-29T23:53:45Z,bing,cpc,desktop
S002256,U0212,2026-01-30T00:59:54Z,google,organic,desktop
S000979,U0134,2026-01-30T01:14:14Z,direct,(none),mobile
S002346,U0119,2026-01-30T01:18:48Z,google,organic,desktop
S001888,U0157,2026-01-30T03:19:19Z,bing,organic,mobile
S001823,U0226,2026-01-30T04:11:21Z,direct,(none),desktop
S000050,U0036,2026-01-30T04:25:36Z,direct,(none),desktop
S001232,U0067,2026-01-30T05:50:28Z,facebook,paid_social,mobile
S000955,U0014,2026-01-30T06:35:39Z,google,cpc,mobile
S000839,U0118,2026-01-30T07:13:36Z,referral,referral,mobile
S000764,U0218,2026-01-30T08:27:45Z,newsletter,email,mobile
S000024,U0127,2026-01-30T09:39:36Z,direct,(none),desktop
S001562,U0034,2026-01-30T10:28:04Z,google,cpc,desktop
S001538,U0218,2026-01-30T10:41:57Z,google,organic,mobile
S001833,U0148,2026-01-30T10:49:30Z,facebook,paid_social,mobile
S002343,U0034,2026-01-30T10:59:03Z,tiktok,paid_social,mobile
S002593,U0049,2026-01-30T11:02:23Z,facebook,paid_social,desktop
S000441,U0229,2026-01-30T12:05:40Z,direct,(none),desktop
S000982,U0179,2026-01-30T12:15:38Z,tiktok,paid_social,tablet
S000177,U0218,2026-01-30T12:20:57Z,google,cpc,mobile
S001000,U0229,2026-01-30T12:44:33Z,newsletter,email,desktop
S000560,U0085,2026-01-30T13:14:59Z,bing,organic,tablet
S000993,U0231,2026-01-30T13:36:37Z,facebook,social,mobile
S002255,U0118,2026-01-30T14:08:59Z,google,cpc,desktop
S001043,U0011,2026-01-30T14:50:35Z,newsletter,email,mobile
S001620,U0187,2026-01-30T15:46:44Z,facebook,social,desktop
S001879,U0004,2026-01-30T16:32:08Z,google,organic,desktop
S000530,U0086,2026-01-30T17:07:15Z,google,cpc,desktop
S001588,U0010,2026-01-30T18:00:24Z,newsletter,email,desktop
S001798,U0039,2026-01-30T18:21:16Z,google,organic,desktop
S000767,U0025,2026-01-30T19:17:15Z,facebook,social,mobile
S000234,U0029,2026-01-30T19:25:22Z,facebook,paid_social,mobile
S002170,U0039,2026-01-30T19:27:21Z,facebook,social,desktop
S001252,U0032,2026-01-30T19:36:20Z,bing,organic,desktop
S000567,U0205,2026-01-30T20:09:00Z,google,organic,mobile
S001554,U0237,2026-01-30T20:47:15Z,google,cpc,mobile
S002347,U0218,2026-01-30T22:12:07Z,facebook,paid_social,desktop
S002191,U0087,2026-01-30T22:19:28Z,google,organic,mobile
S000016,U0174,2026-01-30T22:31:43Z,google,organic,desktop
S001243,U0097,2026-01-30T22:42:49Z,bing,cpc,desktop
S000500,U0141,2026-01-30T23:10:10Z,google,cpc,desktop
S000606,U0103,2026-01-30T23:30:05Z,facebook,paid_social,mobile
S000751,U0115,2026-01-30T23:48:58Z,affiliate,affiliate,mobile
