,id,name,symbol,slug,num_market_pairs,date_added,tags,max_supply,circulating_supply,total_supply,infinite_supply,minted_market_cap,platform,cmc_rank,self_reported_circulating_supply,self_reported_market_cap,tvl_ratio,last_updated,quote.USD.price,quote.USD.volume_24h,quote.USD.volume_change_24h,quote.USD.percent_change_1h,quote.USD.percent_change_24h,quote.USD.percent_change_7d,quote.USD.percent_change_30d,quote.USD.percent_change_60d,quote.USD.percent_change_90d,quote.USD.market_cap,quote.USD.market_cap_dominance,quote.USD.fully_diluted_market_cap,quote.USD.tvl,quote.USD.last_updated,platform.id,platform.name,platform.symbol,platform.slug,platform.token_address,timestamp
0,1,Bitcoin,BTC,bitcoin,12561,2010-07-13T00:00:00.000Z,"['mineable', 'pow', 'sha-256', 'store-of-value', 'state-channel', 'coinbase-ventures-portfolio', 'three-arrows-capital-portfolio', 'polychain-capital-portfolio', 'binance-labs-portfolio', 'blockchain-capital-portfolio', 'boostvc-portfolio', 'cms-holdings-portfolio', 'dcg-portfolio', 'dragonfly-capital-portfolio', 'electric-capital-portfolio', 'fabric-ventures-portfolio', 'framework-ventures-portfolio', 'galaxy-digital-portfolio', 'huobi-capital-portfolio', 'alameda-research-portfolio', 'a16z-portfolio', '1confirmation-portfolio', 'winklevoss-capital-portfolio', 'usv-portfolio', 'placeholder-ventures-portfolio', 'pantera-capital-portfolio', 'multicoin-capital-portfolio', 'paradigm-portfolio', 'bitcoin-ecosystem', 'layer-1', 'ftx-bankruptcy-estate', '2017-2018-alt-season', 'us-strategic-crypto-reserve', 'binance-ecosystem', 'binance-listing']",21000000.0,19989865.0,19989865.0,False,1378164726740.47,,1,,,,2026-02-15T16:15:00.000Z,68943.17329008847,36238383589.430664,-3.9264,-0.33157254,-1.03476432,-2.88051248,-27.19315043,-20.56674673,-25.91341743,1378164726740.4744,58.3722,1447806639091.86,,2026-02-15T16:15:00.000Z,,,,,,2026-02-15 17:17:21.828622
1,1027,Ethereum,ETH,ethereum,11567,2015-08-07T00:00:00.000Z,"['pos', 'smart-contracts', 'ethereum-ecosystem', 'coinbase-ventures-portfolio', 'three-arrows-capital-portfolio', 'polychain-capital-portfolio', 'binance-labs-portfolio', 'blockchain-capital-portfolio', 'boostvc-portfolio', 'cms-holdings-portfolio', 'dcg-portfolio', 'dragonfly-capital-portfolio', 'electric-capital-portfolio', 'fabric-ventures-portfolio', 'framework-ventures-portfolio', 'hashkey-capital-portfolio', 'kenetic-capital-portfolio', 'huobi-capital-portfolio', 'alameda-research-portfolio', 'a16z-portfolio', '1confirmation-portfolio', 'winklevoss-capital-portfolio', 'usv-portfolio', 'placeholder-ventures-portfolio', 'pantera-capital-portfolio', 'multicoin-capital-portfolio', 'paradigm-portfolio', 'ethereum-pow-ecosystem', 'layer-1', 'ftx-bankruptcy-estate', 'sora-ecosystem', 'rsk-rbtc-ecosystem', 'world-liberty-financial-portfolio', 'us-strategic-crypto-reserve', 'binance-ecosystem', 'binance-listing', 'abstract-chain-ecosystem', 'unichain-ecosystem', 'soneium-ecosystem', 'sophon-ecosystem']",,120692457.89999667,120692457.89999667,True,241713979209.85,,2,,,,2026-02-15T16:15:00.000Z,2002.7264620803892,25295215012.45163,44.5736,-0.48467887,-3.66837744,-5.02981262,-38.73526131,-30.2760742,-34.76049141,241713979209.84665,10.2378,241713979209.85,,2026-02-15T16:15:00.000Z,,,,,,2026-02-15 17:17:21.828622
2,825,Tether USDt,USDT,tether,171236,2015-02-25T00:00:00.000Z,"['stablecoin', 'asset-backed-stablecoin', 'usd-stablecoin', 'ethereum-pow-ecosystem', 'fiat-stablecoin', 'tron20-ecosystem', 'rsk-rbtc-ecosystem', 'venom-ecosystem', 'world-liberty-financial-portfolio', 'binance-ecosystem', 'binance-listing', 'peaq-ecosystem', 'apertum-ecosystem', 'etherlink-ecosystem', 'duckchain-ecosystem', 'onus-ecosystem', 'sophon-ecosystem', 'zedxion-smart-chain-ecosystem', 'xlayer-ecosystem']",,183755310128.52243,187964839850.83615,True,187873609683.81,,3,,,,2026-02-15T16:15:00.000Z,0.999514642381517,85479050890.09636,14.7115,0.00953708,-0.02410288,0.01142573,0.0197697,-0.0622787,0.02869322,183666123088.81485,7.7792,187873609683.81,,2026-02-15T16:15:00.000Z,1027.0,Ethereum,ETH,ethereum,0xdac17f958d2ee523a2206206994597c13d831ec7,2026-02-15 17:17:21.828622
3,52,XRP,XRP,xrp,1798,2013-08-04T00:00:00.000Z,"['medium-of-exchange', 'enterprise-solutions', 'xrp-ecosystem', 'arrington-xrp-capital-portfolio', 'galaxy-digital-portfolio', 'a16z-portfolio', 'pantera-capital-portfolio', 'ftx-bankruptcy-estate', '2017-2018-alt-season', 'klaytn-ecosystem', 'made-in-america', 'us-strategic-crypto-reserve', 'binance-ecosystem', 'binance-listing', 'iso-20022']",100000000000.0,60917315351.0,99985721048.0,False,151486219962.59,,4,,,,2026-02-15T16:16:00.000Z,1.5150785369629403,5691298645.209928,134.5358,-1.54850793,3.60549576,5.23000252,-25.63698636,-20.44699167,-30.517869,92294517017.70314,3.9091,151507853696.29,,2026-02-15T16:16:00.000Z,,,,,,2026-02-15 17:17:21.828622
4,1839,BNB,BNB,bnb,3134,2017-07-25T00:00:00.000Z,"['marketplace', 'centralized-exchange', 'payments', 'smart-contracts', 'alameda-research-portfolio', 'multicoin-capital-portfolio', 'bnb-chain-ecosystem', 'layer-1', 'alleged-sec-securities', 'celsius-bankruptcy-estate', 'binance-ecosystem', 'binance-listing', 'etherlink-ecosystem', 'made-in-china']",136359284.48,136359283.32,136359283.32,False,84432382457.59,,5,,,,2026-02-15T16:16:00.000Z,619.190570688559,1465075825.8445985,-6.4218,-0.46906832,-2.22790042,-3.7304858,-33.28054672,-27.26582893,-31.44739561,84432382457.5937,3.5761,84432383175.85,,2026-02-15T16:16:00.000Z,,,,,,2026-02-15 17:17:21.828622
5,3408,USDC,USDC,usd-coin,37475,2018-10-08T00:00:00.000Z,"['medium-of-exchange', 'stablecoin', 'asset-backed-stablecoin', 'stellar-ecosystem', 'coinbase-ventures-portfolio', 'usd-stablecoin', 'xdc-ecosystem', 'ethereum-pow-ecosystem', 'fiat-stablecoin', 'tron20-ecosystem', 'venom-ecosystem', 'made-in-america', 'world-liberty-financial-portfolio', 'sonic-ecosystem', 'binance-ecosystem', 'binance-listing', 'hyperevm-ecosystem', 'etherlink-ecosystem', 'unichain-ecosystem', 'vector-smart-chain-ecosystem', 'sophon-ecosystem', 'monad-ecosystem', 'xlayer-ecosystem']",,73577665840.58257,73577665840.58257,False,73578083024.43,,6,60901219650.23,60901564958.89291,,2026-02-15T16:15:00.000Z,1.0000056699794337,8292119607.390179,-2.6254,0.00929248,0.00703449,0.00610748,0.06384194,-0.06576288,0.02359371,73578083024.43466,3.1164,73578083024.43,,2026-02-15T16:15:00.000Z,1027.0,Ethereum,ETH,ethereum,0xa0b86991c6218b36c1d19d4a2e9eb0ce3606eb48,2026-02-15 17:17:21.828622
6,5426,Solana,SOL,solana,1089,2020-04-10T00:00:00.000Z,"['pos', 'platform', 'solana-ecosystem', 'cms-holdings-portfolio', 'kenetic-capital-portfolio', 'alameda-research-portfolio', 'multicoin-capital-portfolio', 'okx-ventures-portfolio', 'layer-1', 'ftx-bankruptcy-estate', 'alleged-sec-securities', 'cmc-crypto-awards-2024', 'made-in-america', 'us-strategic-crypto-reserve', 'binance-ecosystem', 'binance-listing']",,567957551.4309566,620391073.2815809,True,54027462133.51,,7,525236893.3,45740852159.246254,,2026-02-15T16:15:00.000Z,87.08613721298593,3944874316.1405377,29.217,-0.54645857,-0.38053043,-0.43022962,-38.38056097,-31.13698601,-35.34872598,49461229255.0678,2.0949,54027462133.51,,2026-02-15T16:15:00.000Z,,,,,,2026-02-15 17:17:21.828622
7,1958,TRON,TRX,tron,1299,2017-09-13T00:00:00.000Z,"['media', 'payments', 'tron-ecosystem', 'layer-1', 'dwf-labs-portfolio', 'alleged-sec-securities', '2017-2018-alt-season', 'tron20-ecosystem', 'world-liberty-financial-portfolio', 'binance-ecosystem', 'binance-listing', 'made-in-china']",,94724706614.9391,94724706294.7143,True,26569688916.2,,8,94667886298.43,26553751261.871883,,2026-02-15T16:16:00.000Z,0.2804937587617002,451738874.8092078,-12.902,0.06731479,-0.93124223,0.38695794,-8.14539796,0.26764323,-4.11302404,26569689006.023556,1.1254,26569688916.2,,2026-02-15T16:16:00.000Z,,,,,,2026-02-15 17:17:21.828622
8,74,Dogecoin,DOGE,dogecoin,1401,2013-12-15T00:00:00.000Z,"['mineable', 'pow', 'scrypt', 'medium-of-exchange', 'memes', 'payments', 'doggone-doggerel', 'doge-chain-ecosystem', 'osmosis-ecosystem', 'ftx-bankruptcy-estate', 'animal-memes', 'made-in-america', 'binance-ecosystem', 'binance-listing']",,168752233126.57907,168752233126.57907,True,17995910084.15,,9,,,,2026-02-15T16:15:00.000Z,0.1066410189111582,2975390104.672421,210.8246,-2.06529423,2.85669916,9.27967563,-21.67859607,-17.23120369,-31.87076345,17995910084.151695,0.7622,17995910084.15,,2026-02-15T16:15:00.000Z,,,,,,2026-02-15 17:17:21.828622
9,1831,Bitcoin Cash,BCH,bitcoin-cash,1137,2017-07-23T00:00:00.000Z,"['mineable', 'pow', 'sha-256', 'marketplace', 'medium-of-exchange', 'store-of-value', 'enterprise-solutions', 'payments', 'layer-1', '2017-2018-alt-season', 'made-in-america', 'binance-ecosystem', 'binance-listing']",21000000.0,19995196.875,19995196.875,False,11111127052.24,,10,,,,2026-02-15T16:15:00.000Z,555.6898049917278,314621781.4366576,-41.4229,-0.4266049,-1.73428715,4.9867557,-7.60859533,0.4258065,11.39769034,11111127052.239954,0.4706,11669485904.83,,2026-02-15T16:15:00.000Z,,,,,,2026-02-15 17:17:21.828622
10,2010,Cardano,ADA,cardano,1681,2017-10-01T00:00:00.000Z,"['dpos', 'pos', 'platform', 'research', 'smart-contracts', 'staking', 'cardano-ecosystem', 'cardano', 'layer-1', 'alleged-sec-securities', '2017-2018-alt-season', 'made-in-america', 'us-strategic-crypto-reserve', 'binance-ecosystem', 'binance-listing', 'iso-20022']",45000000000.0,36066145196.64397,44994539820.15453,False,12730300119.54,,11,37997904336.0,10750742824.44648,,2026-02-15T16:16:00.000Z,0.28292988816914844,699550378.1842935,69.88,-1.0679546,-1.04389491,3.81409539,-25.89909975,-25.43903097,-39.96650807,10204190427.178747,0.4322,12731844967.61,,2026-02-15T16:16:00.000Z,,,,,,2026-02-15 17:17:21.828622
11,32196,Hyperliquid,HYPE,hyperliquid,238,2024-07-15T10:14:50.000Z,"['decentralized-exchange-dex-token', 'defi', 'derivatives', 'layer-1', 'hyperliquid-ecosystem', 'binance-ecosystem', 'binance-listing', 'perp-dex-coins']",961671487.86,259277557.4437796,958388465.8146007,False,29523106497.47,,12,333931719.0,10286749115.39045,,2026-02-15T16:16:00.000Z,30.804947628800875,215323787.977659,-2.3939,-0.50487144,-1.27020438,-2.46950784,24.06760416,15.51277169,-17.13941621,7987031578.379041,0.3383,29624239819.64,,2026-02-15T16:16:00.000Z,32196.0,Hyperliquid,HYPE,hyperliquid,0x0d01dc56dcaaca66ad901c959b4011ec,2026-02-15 17:17:21.828622
12,3957,UNUS SED LEO,LEO,unus-sed-leo,67,2019-05-21T00:00:00.000Z,"['marketplace', 'centralized-exchange', 'discount-token', 'payments', 'ethereum-ecosystem', 'kenetic-capital-portfolio', 'alameda-research-portfolio']",,921353012.9,985239504.0,False,8308270304.76,,13,,,,2026-02-15T16:16:00.000Z,8.432741755715698,1044092.22359894,78.4477,-0.01767465,-2.74304521,2.22390619,-5.41068636,18.52708028,-7.44371133,7769532023.636294,0.3291,8308270304.76,,2026-02-15T16:16:00.000Z,1027.0,Ethereum,ETH,ethereum,0x2af5d2ad76741191d15dfe7bf6ac92d4bd912ca3,2026-02-15 17:17:21.828622
13,29470,Ethena USDe,USDe,ethena-usde,295,2024-02-20T11:05:01.000Z,"['stablecoin', 'asset-backed-stablecoin', 'binance-labs-portfolio', 'dragonfly-capital-portfolio', 'usd-stablecoin', 'eigenlayer-ecosystem', 'binance-ecosystem', 'binance-listing', 'xlayer-ecosystem', 'plasma-ecosystem']",,6304778696.791329,6304778696.791329,True,6298072500.0,,14,,,,2026-02-15T16:15:00.000Z,0.9989363311367995,59745696.83465314,-22.246,0.01077307,-0.02793029,0.02147416,-0.08096387,-0.0245426,0.04403907,6298072500.002182,0.2668,6298072500.0,,2026-02-15T16:15:00.000Z,1027.0,Ethereum,ETH,ethereum,0x4c9edd5852cd905f086c759e8383e09bff1e68b3,2026-02-15 17:17:21.828622
14,1975,Chainlink,LINK,chainlink,2212,2017-09-20T00:00:00.000Z,"['platform', 'cosmos-ecosystem', 'defi', 'privacy', 'interoperability', 'iot', 'oracles', 'smart-contracts', 'ethereum-ecosystem', 'tron-ecosystem', 'polkadot', 'tokenized-stock', 'polkadot-ecosystem', 'heco-ecosystem', 'avalanche-ecosystem', 'solana-ecosystem', 'framework-ventures-portfolio', 'hedera-hashgraph-ecosystem', 'polygon-ecosystem', 'fantom-ecosystem', 'cardano-ecosystem', 'terra-ecosystem', 'web3', 'near-protocol-ecosystem', 'arbitrum-ecosystem', 'celo-ecosystem', 'defi-2', 'cross-chain', 'cronos-ecosystem', 'cardano', 'injective-ecosystem', 'bnb-chain-ecosystem', 'oasis-ecosystem', 'moonbeam-ecosystem', 'xdc-ecosystem', 'metisdao-ecosystem', 'velas-ecosystem', 'doge-chain-ecosystem', 'aptos-ecosystem', 'sui-ecosystem', 'optimism-ecosystem', 'bitcoin-ecosystem', 'real-world-assets-protocols', 'zksync-era-ecosystem', 'kadena-ecosystem', 'base-ecosystem', 'linea-ecosystem', 'sei-ecosystem', 'toncoin-ecosystem', 'paal-ecosystem', 'blast-ecosystem', 'atomicals-ecosystem', 'move-vm', 'eigenlayer-ecosystem', 'hyperliquid-ecosystem', 'gnosis-chain-ecosystem', 'ronin-ecosystem', 'astar-ecosystem', 'core-ecosystem', 'starknet-ecosystem', 'mantle-ecosystem', 'opbnb-ecosystem', 'scroll-ecosystem', 'merlin-ecosystem', 'b²-network-ecosystem', 'mode-ecosystem', 'world-chain-mainnet-ecosystem', 'made-in-america', 'btcfi', 'world-liberty-financial-portfolio', 'corn-ecosystem', 'bonk-fun-ecosystem', 'sonic-ecosystem', 'binance-ecosystem', 'binance-listing', 'bittensor-ecosystem', 'tokenized-assets', 'xstocks-ecosystem', 'hyperevm-ecosystem', 'etherlink-ecosystem', 'bera-chain-ecosystem', 'abstract-chain-ecosystem', 'unichain-ecosystem', 'soneium-ecosystem', 'fraxtal-ecosystem', 'monad-ecosystem', 'hashkey-chain-ecosystem', 'wlfi-ecosystem', 'plasma-ecosystem', 'x402-ecosystem', 'iso-20022']",1000000000.0,708099970.4525867,1000000000.0,False,8819265420.56,,15,,,,2026-02-15T16:16:00.000Z,8.819265420559113,652890137.1345139,10.9496,-0.72133181,-2.22953779,-0.71736889,-34.66621777,-29.23325985,-34.54397944,6244921583.711427,0.2645,8819265420.56,,2026-02-15T16:16:00.000Z,1027.0,Ethereum,ETH,ethereum,0x514910771af9ca656af840dff83e8264ecf986ca,2026-02-15 17:17:21.828622
0,1,Bitcoin,BTC,bitcoin,12561,2010-07-13T00:00:00.000Z,"['mineable', 'pow', 'sha-256', 'store-of-value', 'state-channel', 'coinbase-ventures-portfolio', 'three-arrows-capital-portfolio', 'polychain-capital-portfolio', 'binance-labs-portfolio', 'blockchain-capital-portfolio', 'boostvc-portfolio', 'cms-holdings-portfolio', 'dcg-portfolio', 'dragonfly-capital-portfolio', 'electric-capital-portfolio', 'fabric-ventures-portfolio', 'framework-ventures-portfolio', 'galaxy-digital-portfolio', 'huobi-capital-portfolio', 'alameda-research-portfolio', 'a16z-portfolio', '1confirmation-portfolio', 'winklevoss-capital-portfolio', 'usv-portfolio', 'placeholder-ventures-portfolio', 'pantera-capital-portfolio', 'multicoin-capital-portfolio', 'paradigm-portfolio', 'bitcoin-ecosystem', 'layer-1', 'ftx-bankruptcy-estate', '2017-2018-alt-season', 'us-strategic-crypto-reserve', 'binance-ecosystem', 'binance-listing']",21000000.0,19989865.0,19989865.0,False,1378335171829.96,,1,,,,2026-02-15T16:16:00.000Z,68951.699865405,36243742267.26509,-3.7575,-0.27557983,-0.93067323,-2.86311802,-27.11584124,-20.65059324,-25.92933054,1378335171829.964,58.3794,1447985697173.51,,2026-02-15T16:16:00.000Z,,,,,,2026-02-15 17:18:22.172871
1,1027,Ethereum,ETH,ethereum,11567,2015-08-07T00:00:00.000Z,"['pos', 'smart-contracts', 'ethereum-ecosystem', 'coinbase-ventures-portfolio', 'three-arrows-capital-portfolio', 'polychain-capital-portfolio', 'binance-labs-portfolio', 'blockchain-capital-portfolio', 'boostvc-portfolio', 'cms-holdings-portfolio', 'dcg-portfolio', 'dragonfly-capital-portfolio', 'electric-capital-portfolio', 'fabric-ventures-portfolio', 'framework-ventures-portfolio', 'hashkey-capital-portfolio', 'kenetic-capital-portfolio', 'huobi-capital-portfolio', 'alameda-research-portfolio', 'a16z-portfolio', '1confirmation-portfolio', 'winklevoss-capital-portfolio', 'usv-portfolio', 'placeholder-ventures-portfolio', 'pantera-capital-portfolio', 'multicoin-capital-portfolio', 'paradigm-portfolio', 'ethereum-pow-ecosystem', 'layer-1', 'ftx-bankruptcy-estate', 'sora-ecosystem', 'rsk-rbtc-ecosystem', 'world-liberty-financial-portfolio', 'us-strategic-crypto-reserve', 'binance-ecosystem', 'binance-listing', 'abstract-chain-ecosystem', 'unichain-ecosystem', 'soneium-ecosystem', 'sophon-ecosystem']",,120692457.89999667,120692457.89999667,True,241771728442.55,,2,,,,2026-02-15T16:16:00.000Z,2003.2049446112028,25379169008.44842,45.2488,-0.40890262,-3.52328531,-4.98472713,-38.6061682,-30.32781234,-34.71604773,241771728442.55276,10.2402,241771728442.55,,2026-02-15T16:16:00.000Z,,,,,,2026-02-15 17:18:22.172871
2,825,Tether USDt,USDT,tether,171236,2015-02-25T00:00:00.000Z,"['stablecoin', 'asset-backed-stablecoin', 'usd-stablecoin', 'ethereum-pow-ecosystem', 'fiat-stablecoin', 'tron20-ecosystem', 'rsk-rbtc-ecosystem', 'venom-ecosystem', 'world-liberty-financial-portfolio', 'binance-ecosystem', 'binance-listing', 'peaq-ecosystem', 'apertum-ecosystem', 'etherlink-ecosystem', 'duckchain-ecosystem', 'onus-ecosystem', 'sophon-ecosystem', 'zedxion-smart-chain-ecosystem', 'xlayer-ecosystem']",,183755310128.52243,187964839850.83615,True,187879516609.53,,3,,,,2026-02-15T16:16:00.000Z,0.9995460680764722,85515759383.79375,14.8515,-0.00149349,0.00080808,0.01341313,0.0133648,-0.12917696,0.02585021,183671897727.13733,7.7794,187879516609.53,,2026-02-15T16:16:00.000Z,1027.0,Ethereum,ETH,ethereum,0xdac17f958d2ee523a2206206994597c13d831ec7,2026-02-15 17:18:22.172871
3,52,XRP,XRP,xrp,1798,2013-08-04T00:00:00.000Z,"['medium-of-exchange', 'enterprise-solutions', 'xrp-ecosystem', 'arrington-xrp-capital-portfolio', 'galaxy-digital-portfolio', 'a16z-portfolio', 'pantera-capital-portfolio', 'ftx-bankruptcy-estate', '2017-2018-alt-season', 'klaytn-ecosystem', 'made-in-america', 'us-strategic-crypto-reserve', 'binance-ecosystem', 'binance-listing', 'iso-20022']",100000000000.0,60917315351.0,99985721048.0,False,151418061632.99,,4,,,,2026-02-15T16:17:00.000Z,1.5143968563301415,5690494898.3572645,134.5248,-1.56477281,3.56214266,5.18471563,-25.68413156,-20.45906059,-30.56023646,92252990863.62627,3.9074,151439685633.01,,2026-02-15T16:17:00.000Z,,,,,,2026-02-15 17:18:22.172871
4,1839,BNB,BNB,bnb,3134,2017-07-25T00:00:00.000Z,"['marketplace', 'centralized-exchange', 'payments', 'smart-contracts', 'alameda-research-portfolio', 'multicoin-capital-portfolio', 'bnb-chain-ecosystem', 'layer-1', 'alleged-sec-securities', 'celsius-bankruptcy-estate', 'binance-ecosystem', 'binance-listing', 'etherlink-ecosystem', 'made-in-china']",136359284.48,136359283.32,136359283.32,False,84427802616.93,,5,,,,2026-02-15T16:17:00.000Z,619.1569841181819,1465086188.679392,-6.4149,-0.47199333,-2.22395405,-3.73906083,-33.29096046,-27.21815544,-31.47314534,84427802616.9279,3.5759,84427803335.15,,2026-02-15T16:17:00.000Z,,,,,,2026-02-15 17:18:22.172871
5,3408,USDC,USDC,usd-coin,37475,2018-10-08T00:00:00.000Z,"['medium-of-exchange', 'stablecoin', 'asset-backed-stablecoin', 'stellar-ecosystem', 'coinbase-ventures-portfolio', 'usd-stablecoin', 'xdc-ecosystem', 'ethereum-pow-ecosystem', 'fiat-stablecoin', 'tron20-ecosystem', 'venom-ecosystem', 'made-in-america', 'world-liberty-financial-portfolio', 'sonic-ecosystem', 'binance-ecosystem', 'binance-listing', 'hyperevm-ecosystem', 'etherlink-ecosystem', 'unichain-ecosystem', 'vector-smart-chain-ecosystem', 'sophon-ecosystem', 'monad-ecosystem', 'xlayer-ecosystem']",,73577665840.58257,73577665840.58257,False,73581477667.12,,6,60901219650.23,60904374750.115295,,2026-02-15T16:16:00.000Z,1.0000518068423492,8312652430.403639,-2.2893,0.00093278,0.02452092,0.01207136,0.02900718,-0.0768551,0.00542396,73581477667.11719,3.1165,73581477667.12,,2026-02-15T16:16:00.000Z,1027.0,Ethereum,ETH,ethereum,0xa0b86991c6218b36c1d19d4a2e9eb0ce3606eb48,2026-02-15 17:18:22.172871
6,5426,Solana,SOL,solana,1089,2020-04-10T00:00:00.000Z,"['pos', 'platform', 'solana-ecosystem', 'cms-holdings-portfolio', 'kenetic-capital-portfolio', 'alameda-research-portfolio', 'multicoin-capital-portfolio', 'okx-ventures-portfolio', 'layer-1', 'ftx-bankruptcy-estate', 'alleged-sec-securities', 'cmc-crypto-awards-2024', 'made-in-america', 'us-strategic-crypto-reserve', 'binance-ecosystem', 'binance-listing']",,567957551.4309566,620391073.2815809,True,54139186761.0,,7,525236893.3,45835440716.00092,,2026-02-15T16:16:00.000Z,87.26622463251273,3942756135.3517637,29.2365,-0.33204816,-0.14552053,-0.2167822,-38.22481797,-31.03726778,-35.21586613,49563511264.90576,2.0993,54139186761.0,,2026-02-15T16:16:00.000Z,,,,,,2026-02-15 17:18:22.172871
7,1958,TRON,TRX,tron,1299,2017-09-13T00:00:00.000Z,"['media', 'payments', 'tron-ecosystem', 'layer-1', 'dwf-labs-portfolio', 'alleged-sec-securities', '2017-2018-alt-season', 'tron20-ecosystem', 'world-liberty-financial-portfolio', 'binance-ecosystem', 'binance-listing', 'made-in-china']",,94724706614.9391,94724706294.7143,True,26569187670.96,,8,94667886298.43,26553250317.301517,,2026-02-15T16:17:00.000Z,0.2804884671618773,451591356.85952365,-12.9525,0.05744377,-0.92693463,0.38392433,-8.15291409,0.2846994,-4.14121771,26569187760.78281,1.1253,26569187670.96,,2026-02-15T16:17:00.000Z,,,,,,2026-02-15 17:18:22.172871
8,74,Dogecoin,DOGE,dogecoin,1401,2013-12-15T00:00:00.000Z,"['mineable', 'pow', 'scrypt', 'medium-of-exchange', 'memes', 'payments', 'doggone-doggerel', 'doge-chain-ecosystem', 'osmosis-ecosystem', 'ftx-bankruptcy-estate', 'animal-memes', 'made-in-america', 'binance-ecosystem', 'binance-listing']",,168752233126.57907,168752233126.57907,True,18029254210.33,,9,,,,2026-02-15T16:16:00.000Z,0.1068386111181753,2979846915.5473995,212.1284,-1.77664797,3.05882161,9.48788722,-21.49604471,-17.1449744,-31.69827426,18029254210.33424,0.7636,18029254210.33,,2026-02-15T16:16:00.000Z,,,,,,2026-02-15 17:18:22.172871
9,1831,Bitcoin Cash,BCH,bitcoin-cash,1137,2017-07-23T00:00:00.000Z,"['mineable', 'pow', 'sha-256', 'marketplace', 'medium-of-exchange', 'store-of-value', 'enterprise-solutions', 'payments', 'layer-1', '2017-2018-alt-season', 'made-in-america', 'binance-ecosystem', 'binance-listing']",21000000.0,19995196.875,19995196.875,False,11122413966.83,,10,,,,2026-02-15T16:16:00.000Z,556.2542862847829,315337824.317244,-41.2555,-0.35248445,-1.58663429,5.09944299,-7.49491065,0.49460386,11.49612141,11122413966.826847,0.4711,11681340011.98,,2026-02-15T16:16:00.000Z,,,,,,2026-02-15 17:18:22.172871
10,2010,Cardano,ADA,cardano,1681,2017-10-01T00:00:00.000Z,"['dpos', 'pos', 'platform', 'research', 'smart-contracts', 'staking', 'cardano-ecosystem', 'cardano', 'layer-1', 'alleged-sec-securities', '2017-2018-alt-season', 'made-in-america', 'us-strategic-crypto-reserve', 'binance-ecosystem', 'binance-listing', 'iso-20022']",45000000000.0,36066145196.64397,44994539820.15453,False,12729389422.27,,11,37997904336.0,10749973740.2889,,2026-02-15T16:17:00.000Z,0.28290964799614365,699433126.3480864,69.8537,-1.07252576,-1.04390481,3.81541743,-25.91308226,-25.43040688,-39.97648697,10203460442.160353,0.4322,12730934159.83,,2026-02-15T16:17:00.000Z,,,,,,2026-02-15 17:18:22.172871
11,32196,Hyperliquid,HYPE,hyperliquid,238,2024-07-15T10:14:50.000Z,"['decentralized-exchange-dex-token', 'defi', 'derivatives', 'layer-1', 'hyperliquid-ecosystem', 'binance-ecosystem', 'binance-listing', 'perp-dex-coins']",961671487.86,259277557.4437796,958388465.8146007,False,29523106497.47,,12,333931719.0,10286749115.39045,,2026-02-15T16:16:00.000Z,30.804947628800875,215323787.977659,-2.3939,-0.50487144,-1.27020438,-2.46950784,24.06760416,15.51277169,-17.13941621,7987031578.379041,0.3383,29624239819.64,,2026-02-15T16:16:00.000Z,32196.0,Hyperliquid,HYPE,hyperliquid,0x0d01dc56dcaaca66ad901c959b4011ec,2026-02-15 17:18:22.172871
12,3957,UNUS SED LEO,LEO,unus-sed-leo,67,2019-05-21T00:00:00.000Z,"['marketplace', 'centralized-exchange', 'discount-token', 'payments', 'ethereum-ecosystem', 'kenetic-capital-portfolio', 'alameda-research-portfolio']",,921353012.9,985239504.0,False,8308234751.14,,13,,,,2026-02-15T16:17:00.000Z,8.43270566944341,1044064.6717296,78.4491,-0.02515484,-2.74321434,2.22387073,-5.41146085,18.21327307,-7.44631643,7769498775.440597,0.3291,8308234751.14,,2026-02-15T16:17:00.000Z,1027.0,Ethereum,ETH,ethereum,0x2af5d2ad76741191d15dfe7bf6ac92d4bd912ca3,2026-02-15 17:18:22.172871
13,29470,Ethena USDe,USDe,ethena-usde,295,2024-02-20T11:05:01.000Z,"['stablecoin', 'asset-backed-stablecoin', 'binance-labs-portfolio', 'dragonfly-capital-portfolio', 'usd-stablecoin', 'eigenlayer-ecosystem', 'binance-ecosystem', 'binance-listing', 'xlayer-ecosystem', 'plasma-ecosystem']",,6304778696.791329,6304778696.791329,True,6297450935.91,,14,,,,2026-02-15T16:17:00.000Z,0.9988377449501998,59487679.06363229,-22.2174,-0.00612823,-0.02821548,0.01330325,-0.09108313,-0.01296607,0.0253865,6297450935.913111,0.2667,6297450935.91,,2026-02-15T16:17:00.000Z,1027.0,Ethereum,ETH,ethereum,0x4c9edd5852cd905f086c759e8383e09bff1e68b3,2026-02-15 17:18:22.172871
14,1975,Chainlink,LINK,chainlink,2212,2017-09-20T00:00:00.000Z,"['platform', 'cosmos-ecosystem', 'defi', 'privacy', 'interoperability', 'iot', 'oracles', 'smart-contracts', 'ethereum-ecosystem', 'tron-ecosystem', 'polkadot', 'tokenized-stock', 'polkadot-ecosystem', 'heco-ecosystem', 'avalanche-ecosystem', 'solana-ecosystem', 'framework-ventures-portfolio', 'hedera-hashgraph-ecosystem', 'polygon-ecosystem', 'fantom-ecosystem', 'cardano-ecosystem', 'terra-ecosystem', 'web3', 'near-protocol-ecosystem', 'arbitrum-ecosystem', 'celo-ecosystem', 'defi-2', 'cross-chain', 'cronos-ecosystem', 'cardano', 'injective-ecosystem', 'bnb-chain-ecosystem', 'oasis-ecosystem', 'moonbeam-ecosystem', 'xdc-ecosystem', 'metisdao-ecosystem', 'velas-ecosystem', 'doge-chain-ecosystem', 'aptos-ecosystem', 'sui-ecosystem', 'optimism-ecosystem', 'bitcoin-ecosystem', 'real-world-assets-protocols', 'zksync-era-ecosystem', 'kadena-ecosystem', 'base-ecosystem', 'linea-ecosystem', 'sei-ecosystem', 'toncoin-ecosystem', 'paal-ecosystem', 'blast-ecosystem', 'atomicals-ecosystem', 'move-vm', 'eigenlayer-ecosystem', 'hyperliquid-ecosystem', 'gnosis-chain-ecosystem', 'ronin-ecosystem', 'astar-ecosystem', 'core-ecosystem', 'starknet-ecosystem', 'mantle-ecosystem', 'opbnb-ecosystem', 'scroll-ecosystem', 'merlin-ecosystem', 'b²-network-ecosystem', 'mode-ecosystem', 'world-chain-mainnet-ecosystem', 'made-in-america', 'btcfi', 'world-liberty-financial-portfolio', 'corn-ecosystem', 'bonk-fun-ecosystem', 'sonic-ecosystem', 'binance-ecosystem', 'binance-listing', 'bittensor-ecosystem', 'tokenized-assets', 'xstocks-ecosystem', 'hyperevm-ecosystem', 'etherlink-ecosystem', 'bera-chain-ecosystem', 'abstract-chain-ecosystem', 'unichain-ecosystem', 'soneium-ecosystem', 'fraxtal-ecosystem', 'monad-ecosystem', 'hashkey-chain-ecosystem', 'wlfi-ecosystem', 'plasma-ecosystem', 'x402-ecosystem', 'iso-20022']",1000000000.0,708099970.4525867,1000000000.0,False,8819059948.4,,15,,,,2026-02-15T16:17:00.000Z,8.819059948400305,652695354.1630425,11.0091,-0.72072832,-2.2169091,-0.71455016,-34.66229475,-29.21862562,-34.56412805,6244776088.881846,0.2645,8819059948.4,,2026-02-15T16:17:00.000Z,1027.0,Ethereum,ETH,ethereum,0x514910771af9ca656af840dff83e8264ecf986ca,2026-02-15 17:18:22.172871
0,1,Bitcoin,BTC,bitcoin,12561,2010-07-13T00:00:00.000Z,"['mineable', 'pow', 'sha-256', 'store-of-value', 'state-channel', 'coinbase-ventures-portfolio', 'three-arrows-capital-portfolio', 'polychain-capital-portfolio', 'binance-labs-portfolio', 'blockchain-capital-portfolio', 'boostvc-portfolio', 'cms-holdings-portfolio', 'dcg-portfolio', 'dragonfly-capital-portfolio', 'electric-capital-portfolio', 'fabric-ventures-portfolio', 'framework-ventures-portfolio', 'galaxy-digital-portfolio', 'huobi-capital-portfolio', 'alameda-research-portfolio', 'a16z-portfolio', '1confirmation-portfolio', 'winklevoss-capital-portfolio', 'usv-portfolio', 'placeholder-ventures-portfolio', 'pantera-capital-portfolio', 'multicoin-capital-portfolio', 'paradigm-portfolio', 'bitcoin-ecosystem', 'layer-1', 'ftx-bankruptcy-estate', '2017-2018-alt-season', 'us-strategic-crypto-reserve', 'binance-ecosystem', 'binance-listing']",21000000.0,19989865.0,19989865.0,False,1378430559308.0,,1,,,,2026-02-15T16:17:00.000Z,68956.47165741227,36236507844.56964,-3.7563,-0.22091715,-0.84406004,-2.87518342,-27.15301311,-20.59388971,-25.99732157,1378430559307.9976,58.3834,1448085904805.66,,2026-02-15T16:17:00.000Z,,,,,,2026-02-15 17:19:22.542807
1,1027,Ethereum,ETH,ethereum,11567,2015-08-07T00:00:00.000Z,"['pos', 'smart-contracts', 'ethereum-ecosystem', 'coinbase-ventures-portfolio', 'three-arrows-capital-portfolio', 'polychain-capital-portfolio', 'binance-labs-portfolio', 'blockchain-capital-portfolio', 'boostvc-portfolio', 'cms-holdings-portfolio', 'dcg-portfolio', 'dragonfly-capital-portfolio', 'electric-capital-portfolio', 'fabric-ventures-portfolio', 'framework-ventures-portfolio', 'hashkey-capital-portfolio', 'kenetic-capital-portfolio', 'huobi-capital-portfolio', 'alameda-research-portfolio', 'a16z-portfolio', '1confirmation-portfolio', 'winklevoss-capital-portfolio', 'usv-portfolio', 'placeholder-ventures-portfolio', 'pantera-capital-portfolio', 'multicoin-capital-portfolio', 'paradigm-portfolio', 'ethereum-pow-ecosystem', 'layer-1', 'ftx-bankruptcy-estate', 'sora-ecosystem', 'rsk-rbtc-ecosystem', 'world-liberty-financial-portfolio', 'us-strategic-crypto-reserve', 'binance-ecosystem', 'binance-listing', 'abstract-chain-ecosystem', 'unichain-ecosystem', 'soneium-ecosystem', 'sophon-ecosystem']",,120692457.89999667,120692457.89999667,True,242081388092.84,,2,,,,2026-02-15T16:18:00.000Z,2005.7706364172661,25356110632.67954,45.178,-0.18265649,-3.39407384,-4.92157273,-38.57795709,-29.9864331,-34.60250184,242081388092.84042,10.2406,242081388092.84,,2026-02-15T16:18:00.000Z,,,,,,2026-02-15 17:19:22.542807
2,825,Tether USDt,USDT,tether,171236,2015-02-25T00:00:00.000Z,"['stablecoin', 'asset-backed-stablecoin', 'usd-stablecoin', 'ethereum-pow-ecosystem', 'fiat-stablecoin', 'tron20-ecosystem', 'rsk-rbtc-ecosystem', 'venom-ecosystem', 'world-liberty-financial-portfolio', 'binance-ecosystem', 'binance-listing', 'peaq-ecosystem', 'apertum-ecosystem', 'etherlink-ecosystem', 'duckchain-ecosystem', 'onus-ecosystem', 'sophon-ecosystem', 'zedxion-smart-chain-ecosystem', 'xlayer-ecosystem']",,183755310128.52243,187964839850.83615,True,187891385436.05,,3,,,,2026-02-15T16:17:00.000Z,0.9996092119417225,85468697083.95406,14.8351,0.01618737,-0.02282584,0.02739977,0.02091388,-0.03501094,0.03302741,183683500747.6791,7.7799,187891385436.05,,2026-02-15T16:17:00.000Z,1027.0,Ethereum,ETH,ethereum,0xdac17f958d2ee523a2206206994597c13d831ec7,2026-02-15 17:19:22.542807
3,52,XRP,XRP,xrp,1798,2013-08-04T00:00:00.000Z,"['medium-of-exchange', 'enterprise-solutions', 'xrp-ecosystem', 'arrington-xrp-capital-portfolio', 'galaxy-digital-portfolio', 'a16z-portfolio', 'pantera-capital-portfolio', 'ftx-bankruptcy-estate', '2017-2018-alt-season', 'klaytn-ecosystem', 'made-in-america', 'us-strategic-crypto-reserve', 'binance-ecosystem', 'binance-listing', 'iso-20022']",100000000000.0,60917315351.0,99985721048.0,False,151418061632.99,,4,,,,2026-02-15T16:17:00.000Z,1.5143968563301415,5690494898.3572645,134.5248,-1.56477281,3.56214266,5.18471563,-25.68413156,-20.45906059,-30.56023646,92252990863.62627,3.9074,151439685633.01,,2026-02-15T16:17:00.000Z,,,,,,2026-02-15 17:19:22.542807
4,1839,BNB,BNB,bnb,3134,2017-07-25T00:00:00.000Z,"['marketplace', 'centralized-exchange', 'payments', 'smart-contracts', 'alameda-research-portfolio', 'multicoin-capital-portfolio', 'bnb-chain-ecosystem', 'layer-1', 'alleged-sec-securities', 'celsius-bankruptcy-estate', 'binance-ecosystem', 'binance-listing', 'etherlink-ecosystem', 'made-in-china']",136359284.48,136359283.32,136359283.32,False,84440736591.21,,5,,,,2026-02-15T16:18:00.000Z,619.2518362908235,1465111277.2110827,-6.3894,-0.41653233,-2.21023453,-3.76217879,-33.29827065,-26.94686606,-31.37454737,84440736591.21065,3.572,84440737309.54,,2026-02-15T16:18:00.000Z,,,,,,2026-02-15 17:19:22.542807
5,3408,USDC,USDC,usd-coin,37475,2018-10-08T00:00:00.000Z,"['medium-of-exchange', 'stablecoin', 'asset-backed-stablecoin', 'stellar-ecosystem', 'coinbase-ventures-portfolio', 'usd-stablecoin', 'xdc-ecosystem', 'ethereum-pow-ecosystem', 'fiat-stablecoin', 'tron20-ecosystem', 'venom-ecosystem', 'made-in-america', 'world-liberty-financial-portfolio', 'sonic-ecosystem', 'binance-ecosystem', 'binance-listing', 'hyperevm-ecosystem', 'etherlink-ecosystem', 'unichain-ecosystem', 'vector-smart-chain-ecosystem', 'sophon-ecosystem', 'monad-ecosystem', 'xlayer-ecosystem']",,73577665840.58257,73577665840.58257,False,73583579998.77,,6,60901219650.23,60906114878.18888,,2026-02-15T16:17:00.000Z,1.0000803798017017,8313131756.830872,-2.2525,0.02024019,0.00920686,0.01307597,0.05234464,0.01697589,-0.01075457,73583579998.7725,3.1166,73583579998.77,,2026-02-15T16:17:00.000Z,1027.0,Ethereum,ETH,ethereum,0xa0b86991c6218b36c1d19d4a2e9eb0ce3606eb48,2026-02-15 17:19:22.542807
6,5426,Solana,SOL,solana,1089,2020-04-10T00:00:00.000Z,"['pos', 'platform', 'solana-ecosystem', 'cms-holdings-portfolio', 'kenetic-capital-portfolio', 'alameda-research-portfolio', 'multicoin-capital-portfolio', 'okx-ventures-portfolio', 'layer-1', 'ftx-bankruptcy-estate', 'alleged-sec-securities', 'cmc-crypto-awards-2024', 'made-in-america', 'us-strategic-crypto-reserve', 'binance-ecosystem', 'binance-listing']",,567957551.4309566,620391073.2815809,True,54134887132.8,,7,525236893.3,45831800555.0575,,2026-02-15T16:17:00.000Z,87.25929411984339,3942786799.3380957,29.1682,-0.31853232,-0.16181901,-0.22603037,-38.24288966,-31.02125648,-35.22695498,49559575027.89992,2.0991,54134887132.8,,2026-02-15T16:17:00.000Z,,,,,,2026-02-15 17:19:22.542807
7,1958,TRON,TRX,tron,1299,2017-09-13T00:00:00.000Z,"['media', 'payments', 'tron-ecosystem', 'layer-1', 'dwf-labs-portfolio', 'alleged-sec-securities', '2017-2018-alt-season', 'tron20-ecosystem', 'world-liberty-financial-portfolio', 'binance-ecosystem', 'binance-listing', 'made-in-china']",,94724706614.9391,94724706294.7143,True,26570373184.04,,8,94667886298.43,26554435119.25482,,2026-02-15T16:18:00.000Z,0.28050098251422784,450498260.3526521,-13.3393,0.05801473,-0.91883409,0.38689117,-8.13236035,0.43586196,-4.11212849,26570373273.862396,1.124,26570373184.04,,2026-02-15T16:18:00.000Z,,,,,,2026-02-15 17:19:22.542807
8,74,Dogecoin,DOGE,dogecoin,1401,2013-12-15T00:00:00.000Z,"['mineable', 'pow', 'scrypt', 'medium-of-exchange', 'memes', 'payments', 'doggone-doggerel', 'doge-chain-ecosystem', 'osmosis-ecosystem', 'ftx-bankruptcy-estate', 'animal-memes', 'made-in-america', 'binance-ecosystem', 'binance-listing']",,168752233126.57907,168752233126.57907,True,18023210802.49,,9,,,,2026-02-15T16:17:00.000Z,0.10680279880483926,2979117082.6677375,211.5631,-1.80672328,3.07876073,9.46351967,-21.52453897,-17.15588427,-31.73824416,18023210802.485355,0.7634,18023210802.49,,2026-02-15T16:17:00.000Z,,,,,,2026-02-15 17:19:22.542807
9,1831,Bitcoin Cash,BCH,bitcoin-cash,1137,2017-07-23T00:00:00.000Z,"['mineable', 'pow', 'sha-256', 'marketplace', 'medium-of-exchange', 'store-of-value', 'enterprise-solutions', 'payments', 'layer-1', '2017-2018-alt-season', 'made-in-america', 'binance-ecosystem', 'binance-listing']",21000000.0,19995196.875,19995196.875,False,11117379313.76,,10,,,,2026-02-15T16:17:00.000Z,556.0024931619685,315407612.08232075,-41.2439,-0.41607857,-1.61757205,5.0547831,-7.53987039,0.54951456,11.4466184,11117379313.7644,0.4709,11676052356.4,,2026-02-15T16:17:00.000Z,,,,,,2026-02-15 17:19:22.542807
10,2010,Cardano,ADA,cardano,1681,2017-10-01T00:00:00.000Z,"['dpos', 'pos', 'platform', 'research', 'smart-contracts', 'staking', 'cardano-ecosystem', 'cardano', 'layer-1', 'alleged-sec-securities', '2017-2018-alt-season', 'made-in-america', 'us-strategic-crypto-reserve', 'binance-ecosystem', 'binance-listing', 'iso-20022']",45000000000.0,36066145196.64397,44994539820.15453,False,12730765895.55,,11,37997904336.0,10751136172.446308,,2026-02-15T16:18:00.000Z,0.2829402400031956,699416044.705783,69.8464,-1.0407514,-1.04446629,3.83840465,-25.9140972,-25.05476778,-39.84145927,10204563777.928545,0.4317,12732310800.14,,2026-02-15T16:18:00.000Z,,,,,,2026-02-15 17:19:22.542807
11,32196,Hyperliquid,HYPE,hyperliquid,238,2024-07-15T10:14:50.000Z,"['decentralized-exchange-dex-token', 'defi', 'derivatives', 'layer-1', 'hyperliquid-ecosystem', 'binance-ecosystem', 'binance-listing', 'perp-dex-coins']",961671487.86,259277557.4437796,958388465.8146007,False,29519350389.48,,12,333931719.0,10285440373.016459,,2026-02-15T16:17:00.000Z,30.80102843724306,215276169.66474208,-2.4415,-0.52473423,-1.27229278,-2.53324325,24.03271177,15.49286516,-17.16377596,7986015419.964776,0.3382,29620470844.86,,2026-02-15T16:17:00.000Z,32196.0,Hyperliquid,HYPE,hyperliquid,0x0d01dc56dcaaca66ad901c959b4011ec,2026-02-15 17:19:22.542807
12,3957,UNUS SED LEO,LEO,unus-sed-leo,67,2019-05-21T00:00:00.000Z,"['marketplace', 'centralized-exchange', 'discount-token', 'payments', 'ethereum-ecosystem', 'kenetic-capital-portfolio', 'alameda-research-portfolio']",,921353012.9,985239504.0,False,8308299692.34,,13,,,,2026-02-15T16:18:00.000Z,8.432771583566863,1044073.67869914,78.4504,-0.01984271,-2.7425188,2.21042927,-5.35445669,17.31818672,-7.44484133,7769559505.616834,0.3287,8308299692.34,,2026-02-15T16:18:00.000Z,1027.0,Ethereum,ETH,ethereum,0x2af5d2ad76741191d15dfe7bf6ac92d4bd912ca3,2026-02-15 17:19:22.542807
13,29470,Ethena USDe,USDe,ethena-usde,295,2024-02-20T11:05:01.000Z,"['stablecoin', 'asset-backed-stablecoin', 'binance-labs-portfolio', 'dragonfly-capital-portfolio', 'usd-stablecoin', 'eigenlayer-ecosystem', 'binance-ecosystem', 'binance-listing', 'xlayer-ecosystem', 'plasma-ecosystem']",,6304778696.791329,6304778696.791329,True,6297450935.91,,14,,,,2026-02-15T16:17:00.000Z,0.9988377449501998,59487679.06363229,-22.2174,-0.00612823,-0.02821548,0.01330325,-0.09108313,-0.01296607,0.0253865,6297450935.913111,0.2667,6297450935.91,,2026-02-15T16:17:00.000Z,1027.0,Ethereum,ETH,ethereum,0x4c9edd5852cd905f086c759e8383e09bff1e68b3,2026-02-15 17:19:22.542807
14,1975,Chainlink,LINK,chainlink,2212,2017-09-20T00:00:00.000Z,"['platform', 'cosmos-ecosystem', 'defi', 'privacy', 'interoperability', 'iot', 'oracles', 'smart-contracts', 'ethereum-ecosystem', 'tron-ecosystem', 'polkadot', 'tokenized-stock', 'polkadot-ecosystem', 'heco-ecosystem', 'avalanche-ecosystem', 'solana-ecosystem', 'framework-ventures-portfolio', 'hedera-hashgraph-ecosystem', 'polygon-ecosystem', 'fantom-ecosystem', 'cardano-ecosystem', 'terra-ecosystem', 'web3', 'near-protocol-ecosystem', 'arbitrum-ecosystem', 'celo-ecosystem', 'defi-2', 'cross-chain', 'cronos-ecosystem', 'cardano', 'injective-ecosystem', 'bnb-chain-ecosystem', 'oasis-ecosystem', 'moonbeam-ecosystem', 'xdc-ecosystem', 'metisdao-ecosystem', 'velas-ecosystem', 'doge-chain-ecosystem', 'aptos-ecosystem', 'sui-ecosystem', 'optimism-ecosystem', 'bitcoin-ecosystem', 'real-world-assets-protocols', 'zksync-era-ecosystem', 'kadena-ecosystem', 'base-ecosystem', 'linea-ecosystem', 'sei-ecosystem', 'toncoin-ecosystem', 'paal-ecosystem', 'blast-ecosystem', 'atomicals-ecosystem', 'move-vm', 'eigenlayer-ecosystem', 'hyperliquid-ecosystem', 'gnosis-chain-ecosystem', 'ronin-ecosystem', 'astar-ecosystem', 'core-ecosystem', 'starknet-ecosystem', 'mantle-ecosystem', 'opbnb-ecosystem', 'scroll-ecosystem', 'merlin-ecosystem', 'b²-network-ecosystem', 'mode-ecosystem', 'world-chain-mainnet-ecosystem', 'made-in-america', 'btcfi', 'world-liberty-financial-portfolio', 'corn-ecosystem', 'bonk-fun-ecosystem', 'sonic-ecosystem', 'binance-ecosystem', 'binance-listing', 'bittensor-ecosystem', 'tokenized-assets', 'xstocks-ecosystem', 'hyperevm-ecosystem', 'etherlink-ecosystem', 'bera-chain-ecosystem', 'abstract-chain-ecosystem', 'unichain-ecosystem', 'soneium-ecosystem', 'fraxtal-ecosystem', 'monad-ecosystem', 'hashkey-chain-ecosystem', 'wlfi-ecosystem', 'plasma-ecosystem', 'x402-ecosystem', 'iso-20022']",1000000000.0,708099970.4525867,1000000000.0,False,8821851982.19,,15,,,,2026-02-15T16:18:00.000Z,8.821851982192138,646654304.9117743,9.9645,-0.67690217,-2.19127651,-0.66668886,-34.60321919,-28.87922653,-34.35981708,6246753127.927346,0.2643,8821851982.19,,2026-02-15T16:18:00.000Z,1027.0,Ethereum,ETH,ethereum,0x514910771af9ca656af840dff83e8264ecf986ca,2026-02-15 17:19:22.542807
0,1,Bitcoin,BTC,bitcoin,12561,2010-07-13T00:00:00.000Z,"['mineable', 'pow', 'sha-256', 'store-of-value', 'state-channel', 'coinbase-ventures-portfolio', 'three-arrows-capital-portfolio', 'polychain-capital-portfolio', 'binance-labs-portfolio', 'blockchain-capital-portfolio', 'boostvc-portfolio', 'cms-holdings-portfolio', 'dcg-portfolio', 'dragonfly-capital-portfolio', 'electric-capital-portfolio', 'fabric-ventures-portfolio', 'framework-ventures-portfolio', 'galaxy-digital-portfolio', 'huobi-capital-portfolio', 'alameda-research-portfolio', 'a16z-portfolio', '1confirmation-portfolio', 'winklevoss-capital-portfolio', 'usv-portfolio', 'placeholder-ventures-portfolio', 'pantera-capital-portfolio', 'multicoin-capital-portfolio', 'paradigm-portfolio', 'bitcoin-ecosystem', 'layer-1', 'ftx-bankruptcy-estate', '2017-2018-alt-season', 'us-strategic-crypto-reserve', 'binance-ecosystem', 'binance-listing']",21000000.0,19989865.0,19989865.0,False,1379853166627.25,,1,,,,2026-02-15T16:18:00.000Z,69027.638086963,36236820622.15925,-3.568,-0.00751155,-0.76228544,-2.78897042,-27.11492614,-20.33811783,-25.87028178,1379853166627.2485,58.3711,1449580399826.22,,2026-02-15T16:18:00.000Z,,,,,,2026-02-15 17:20:22.908098
1,1027,Ethereum,ETH,ethereum,11567,2015-08-07T00:00:00.000Z,"['pos', 'smart-contracts', 'ethereum-ecosystem', 'coinbase-ventures-portfolio', 'three-arrows-capital-portfolio', 'polychain-capital-portfolio', 'binance-labs-portfolio', 'blockchain-capital-portfolio', 'boostvc-portfolio', 'cms-holdings-portfolio', 'dcg-portfolio', 'dragonfly-capital-portfolio', 'electric-capital-portfolio', 'fabric-ventures-portfolio', 'framework-ventures-portfolio', 'hashkey-capital-portfolio', 'kenetic-capital-portfolio', 'huobi-capital-portfolio', 'alameda-research-portfolio', 'a16z-portfolio', '1confirmation-portfolio', 'winklevoss-capital-portfolio', 'usv-portfolio', 'placeholder-ventures-portfolio', 'pantera-capital-portfolio', 'multicoin-capital-portfolio', 'paradigm-portfolio', 'ethereum-pow-ecosystem', 'layer-1', 'ftx-bankruptcy-estate', 'sora-ecosystem', 'rsk-rbtc-ecosystem', 'world-liberty-financial-portfolio', 'us-strategic-crypto-reserve', 'binance-ecosystem', 'binance-listing', 'abstract-chain-ecosystem', 'unichain-ecosystem', 'soneium-ecosystem', 'sophon-ecosystem']",,120692457.89999667,120692457.89999667,True,242081388092.84,,2,,,,2026-02-15T16:18:00.000Z,2005.7706364172661,25356110632.67954,45.178,-0.18265649,-3.39407384,-4.92157273,-38.57795709,-29.9864331,-34.60250184,242081388092.84042,10.2406,242081388092.84,,2026-02-15T16:18:00.000Z,,,,,,2026-02-15 17:20:22.908098
2,825,Tether USDt,USDT,tether,171236,2015-02-25T00:00:00.000Z,"['stablecoin', 'asset-backed-stablecoin', 'usd-stablecoin', 'ethereum-pow-ecosystem', 'fiat-stablecoin', 'tron20-ecosystem', 'rsk-rbtc-ecosystem', 'venom-ecosystem', 'world-liberty-financial-portfolio', 'binance-ecosystem', 'binance-listing', 'peaq-ecosystem', 'apertum-ecosystem', 'etherlink-ecosystem', 'duckchain-ecosystem', 'onus-ecosystem', 'sophon-ecosystem', 'zedxion-smart-chain-ecosystem', 'xlayer-ecosystem']",,183755310128.52243,187964839850.83615,True,187881906652.41,,3,,,,2026-02-15T16:18:00.000Z,0.9995587834485732,85478699157.24661,14.9329,-0.01371878,-0.02784622,0.02474798,0.00509159,-0.01337103,0.04481637,183674234244.28116,7.7699,187881906652.41,,2026-02-15T16:18:00.000Z,1027.0,Ethereum,ETH,ethereum,0xdac17f958d2ee523a2206206994597c13d831ec7,2026-02-15 17:20:22.908098
3,52,XRP,XRP,xrp,1798,2013-08-04T00:00:00.000Z,"['medium-of-exchange', 'enterprise-solutions', 'xrp-ecosystem', 'arrington-xrp-capital-portfolio', 'galaxy-digital-portfolio', 'a16z-portfolio', 'pantera-capital-portfolio', 'ftx-bankruptcy-estate', '2017-2018-alt-season', 'klaytn-ecosystem', 'made-in-america', 'us-strategic-crypto-reserve', 'binance-ecosystem', 'binance-listing', 'iso-20022']",100000000000.0,60917315351.0,99985721048.0,False,151506378907.8,,4,,,,2026-02-15T16:18:00.000Z,1.5152801552040167,5691777516.308943,134.5984,-1.42899803,3.61109409,5.18926469,-25.66144224,-20.0175868,-30.29457387,92306799059.67531,3.9048,151528015520.4,,2026-02-15T16:18:00.000Z,,,,,,2026-02-15 17:20:22.908098
4,1839,BNB,BNB,bnb,3134,2017-07-25T00:00:00.000Z,"['marketplace', 'centralized-exchange', 'payments', 'smart-contracts', 'alameda-research-portfolio', 'multicoin-capital-portfolio', 'bnb-chain-ecosystem', 'layer-1', 'alleged-sec-securities', 'celsius-bankruptcy-estate', 'binance-ecosystem', 'binance-listing', 'etherlink-ecosystem', 'made-in-china']",136359284.48,136359283.32,136359283.32,False,84440736591.21,,5,,,,2026-02-15T16:18:00.000Z,619.2518362908235,1465111277.2110827,-6.3894,-0.41653233,-2.21023453,-3.76217879,-33.29827065,-26.94686606,-31.37454737,84440736591.21065,3.572,84440737309.54,,2026-02-15T16:18:00.000Z,,,,,,2026-02-15 17:20:22.908098
5,3408,USDC,USDC,usd-coin,37475,2018-10-08T00:00:00.000Z,"['medium-of-exchange', 'stablecoin', 'asset-backed-stablecoin', 'stellar-ecosystem', 'coinbase-ventures-portfolio', 'usd-stablecoin', 'xdc-ecosystem', 'ethereum-pow-ecosystem', 'fiat-stablecoin', 'tron20-ecosystem', 'venom-ecosystem', 'made-in-america', 'world-liberty-financial-portfolio', 'sonic-ecosystem', 'binance-ecosystem', 'binance-listing', 'hyperevm-ecosystem', 'etherlink-ecosystem', 'unichain-ecosystem', 'vector-smart-chain-ecosystem', 'sophon-ecosystem', 'monad-ecosystem', 'xlayer-ecosystem']",,73577665840.58257,73577665840.58257,False,73596680520.56,,6,60901219650.23,60916958355.56599,,2026-02-15T16:18:00.000Z,1.000258430051588,8321805242.668259,-2.0392,0.03246638,0.03228099,0.03475922,0.06577521,0.05405265,0.04933588,73596680520.56148,3.1133,73596680520.56,,2026-02-15T16:18:00.000Z,1027.0,Ethereum,ETH,ethereum,0xa0b86991c6218b36c1d19d4a2e9eb0ce3606eb48,2026-02-15 17:20:22.908098
6,5426,Solana,SOL,solana,1089,2020-04-10T00:00:00.000Z,"['pos', 'platform', 'solana-ecosystem', 'cms-holdings-portfolio', 'kenetic-capital-portfolio', 'alameda-research-portfolio', 'multicoin-capital-portfolio', 'okx-ventures-portfolio', 'layer-1', 'ftx-bankruptcy-estate', 'alleged-sec-securities', 'cmc-crypto-awards-2024', 'made-in-america', 'us-strategic-crypto-reserve', 'binance-ecosystem', 'binance-listing']",,567957551.4309566,620391073.2815809,True,54153492916.45,,7,525236893.3,45847552625.68026,,2026-02-15T16:18:00.000Z,87.28928453145326,3941565663.564921,29.1434,-0.23134916,-0.12648988,-0.20049132,-38.24675255,-30.78847179,-34.79855046,49576608308.64427,2.0972,54153492916.45,,2026-02-15T16:18:00.000Z,,,,,,2026-02-15 17:20:22.908098
7,1958,TRON,TRX,tron,1299,2017-09-13T00:00:00.000Z,"['media', 'payments', 'tron-ecosystem', 'layer-1', 'dwf-labs-portfolio', 'alleged-sec-securities', '2017-2018-alt-season', 'tron20-ecosystem', 'world-liberty-financial-portfolio', 'binance-ecosystem', 'binance-listing', 'made-in-china']",,94724706614.9391,94724706294.7143,True,26573617998.17,,8,94667886298.43,26557677987.009644,,2026-02-15T16:19:00.000Z,0.2805352377182006,447252459.9145774,-14.2465,0.04185217,-0.8079714,0.39590281,-8.1384007,0.43444381,-4.09860999,26573618088.00875,1.1241,26573617998.17,,2026-02-15T16:19:00.000Z,,,,,,2026-02-15 17:20:22.908098
8,74,Dogecoin,DOGE,dogecoin,1401,2013-12-15T00:00:00.000Z,"['mineable', 'pow', 'scrypt', 'medium-of-exchange', 'memes', 'payments', 'doggone-doggerel', 'doge-chain-ecosystem', 'osmosis-ecosystem', 'ftx-bankruptcy-estate', 'animal-memes', 'made-in-america', 'binance-ecosystem', 'binance-listing']",,168752233126.57907,168752233126.57907,True,18025842451.08,,9,,,,2026-02-15T16:18:00.000Z,0.10681839355312775,2978142750.082344,211.1211,-1.7197632,3.11592826,9.47231219,-21.49388059,-16.7002991,-31.51341366,18025842451.084084,0.7625,18025842451.08,,2026-02-15T16:18:00.000Z,,,,,,2026-02-15 17:20:22.908098
9,1831,Bitcoin Cash,BCH,bitcoin-cash,1137,2017-07-23T00:00:00.000Z,"['mineable', 'pow', 'sha-256', 'marketplace', 'medium-of-exchange', 'store-of-value', 'enterprise-solutions', 'payments', 'layer-1', '2017-2018-alt-season', 'made-in-america', 'binance-ecosystem', 'binance-listing']",21000000.0,19995196.875,19995196.875,False,11118732838.75,,10,,,,2026-02-15T16:18:00.000Z,556.0701856677941,315443107.34845227,-41.2373,-0.40233203,-1.60922349,5.14908151,-7.54878146,1.09872713,11.70723959,11118732838.745348,0.4703,11677473899.02,,2026-02-15T16:18:00.000Z,,,,,,2026-02-15 17:20:22.908098
10,2010,Cardano,ADA,cardano,1681,2017-10-01T00:00:00.000Z,"['dpos', 'pos', 'platform', 'research', 'smart-contracts', 'staking', 'cardano-ecosystem', 'cardano', 'layer-1', 'alleged-sec-securities', '2017-2018-alt-season', 'made-in-america', 'us-strategic-crypto-reserve', 'binance-ecosystem', 'binance-listing', 'iso-20022']",45000000000.0,36066145196.64397,44994539820.15453,False,12736321526.82,,11,37997904336.0,10755827904.961039,,2026-02-15T16:19:00.000Z,0.28306371345776415,699260625.2034785,70.0043,-0.87945822,-1.01142297,3.87137734,-25.91339261,-25.02578785,-39.80453489,10209016989.468945,0.4319,12737867105.6,,2026-02-15T16:19:00.000Z,,,,,,2026-02-15 17:20:22.908098
11,32196,Hyperliquid,HYPE,hyperliquid,238,2024-07-15T10:14:50.000Z,"['decentralized-exchange-dex-token', 'defi', 'derivatives', 'layer-1', 'hyperliquid-ecosystem', 'binance-ecosystem', 'binance-listing', 'perp-dex-coins']",961671487.86,259277557.4437796,958388465.8146007,False,29517480825.32,,12,333931719.0,10284788959.943727,,2026-02-15T16:19:00.000Z,30.799077699904654,215213057.31144837,-2.4498,-0.45559334,-1.21033026,-2.99977793,24.04629561,15.95025187,-17.11654183,7985509637.55246,0.3378,29618594876.38,,2026-02-15T16:19:00.000Z,32196.0,Hyperliquid,HYPE,hyperliquid,0x0d01dc56dcaaca66ad901c959b4011ec,2026-02-15 17:20:22.908098
12,3957,UNUS SED LEO,LEO,unus-sed-leo,67,2019-05-21T00:00:00.000Z,"['marketplace', 'centralized-exchange', 'discount-token', 'payments', 'ethereum-ecosystem', 'kenetic-capital-portfolio', 'alameda-research-portfolio']",,921353012.9,985239504.0,False,8308178666.15,,13,,,,2026-02-15T16:19:00.000Z,8.432648744208173,1043744.14469947,78.3083,-0.04591282,-2.72234374,2.21113868,-5.35580155,17.88203056,-7.44459234,7769446327.203601,0.3287,8308178666.15,,2026-02-15T16:19:00.000Z,1027.0,Ethereum,ETH,ethereum,0x2af5d2ad76741191d15dfe7bf6ac92d4bd912ca3,2026-02-15 17:20:22.908098
13,29470,Ethena USDe,USDe,ethena-usde,295,2024-02-20T11:05:01.000Z,"['stablecoin', 'asset-backed-stablecoin', 'binance-labs-portfolio', 'dragonfly-capital-portfolio', 'usd-stablecoin', 'eigenlayer-ecosystem', 'binance-ecosystem', 'binance-listing', 'xlayer-ecosystem', 'plasma-ecosystem']",,6304778696.791329,6304778696.791329,True,6297566657.87,,14,,,,2026-02-15T16:19:00.000Z,0.9988560995923301,59819185.486814,-21.863,-0.00035405,-0.03119091,0.02124888,-0.08415204,-0.02989306,0.03893599,6297566657.8698015,0.2664,6297566657.87,,2026-02-15T16:19:00.000Z,1027.0,Ethereum,ETH,ethereum,0x4c9edd5852cd905f086c759e8383e09bff1e68b3,2026-02-15 17:20:22.908098
14,1975,Chainlink,LINK,chainlink,2212,2017-09-20T00:00:00.000Z,"['platform', 'cosmos-ecosystem', 'defi', 'privacy', 'interoperability', 'iot', 'oracles', 'smart-contracts', 'ethereum-ecosystem', 'tron-ecosystem', 'polkadot', 'tokenized-stock', 'polkadot-ecosystem', 'heco-ecosystem', 'avalanche-ecosystem', 'solana-ecosystem', 'framework-ventures-portfolio', 'hedera-hashgraph-ecosystem', 'polygon-ecosystem', 'fantom-ecosystem', 'cardano-ecosystem', 'terra-ecosystem', 'web3', 'near-protocol-ecosystem', 'arbitrum-ecosystem', 'celo-ecosystem', 'defi-2', 'cross-chain', 'cronos-ecosystem', 'cardano', 'injective-ecosystem', 'bnb-chain-ecosystem', 'oasis-ecosystem', 'moonbeam-ecosystem', 'xdc-ecosystem', 'metisdao-ecosystem', 'velas-ecosystem', 'doge-chain-ecosystem', 'aptos-ecosystem', 'sui-ecosystem', 'optimism-ecosystem', 'bitcoin-ecosystem', 'real-world-assets-protocols', 'zksync-era-ecosystem', 'kadena-ecosystem', 'base-ecosystem', 'linea-ecosystem', 'sei-ecosystem', 'toncoin-ecosystem', 'paal-ecosystem', 'blast-ecosystem', 'atomicals-ecosystem', 'move-vm', 'eigenlayer-ecosystem', 'hyperliquid-ecosystem', 'gnosis-chain-ecosystem', 'ronin-ecosystem', 'astar-ecosystem', 'core-ecosystem', 'starknet-ecosystem', 'mantle-ecosystem', 'opbnb-ecosystem', 'scroll-ecosystem', 'merlin-ecosystem', 'b²-network-ecosystem', 'mode-ecosystem', 'world-chain-mainnet-ecosystem', 'made-in-america', 'btcfi', 'world-liberty-financial-portfolio', 'corn-ecosystem', 'bonk-fun-ecosystem', 'sonic-ecosystem', 'binance-ecosystem', 'binance-listing', 'bittensor-ecosystem', 'tokenized-assets', 'xstocks-ecosystem', 'hyperevm-ecosystem', 'etherlink-ecosystem', 'bera-chain-ecosystem', 'abstract-chain-ecosystem', 'unichain-ecosystem', 'soneium-ecosystem', 'fraxtal-ecosystem', 'monad-ecosystem', 'hashkey-chain-ecosystem', 'wlfi-ecosystem', 'plasma-ecosystem', 'x402-ecosystem', 'iso-20022']",1000000000.0,708099970.4525867,1000000000.0,False,8821851982.19,,15,,,,2026-02-15T16:18:00.000Z,8.821851982192138,646654304.9117743,9.9645,-0.67690217,-2.19127651,-0.66668886,-34.60321919,-28.87922653,-34.35981708,6246753127.927346,0.2643,8821851982.19,,2026-02-15T16:18:00.000Z,1027.0,Ethereum,ETH,ethereum,0x514910771af9ca656af840dff83e8264ecf986ca,2026-02-15 17:20:22.908098
0,1,Bitcoin,BTC,bitcoin,12561,2010-07-13T00:00:00.000Z,"['mineable', 'pow', 'sha-256', 'store-of-value', 'state-channel', 'coinbase-ventures-portfolio', 'three-arrows-capital-portfolio', 'polychain-capital-portfolio', 'binance-labs-portfolio', 'blockchain-capital-portfolio', 'boostvc-portfolio', 'cms-holdings-portfolio', 'dcg-portfolio', 'dragonfly-capital-portfolio', 'electric-capital-portfolio', 'fabric-ventures-portfolio', 'framework-ventures-portfolio', 'galaxy-digital-portfolio', 'huobi-capital-portfolio', 'alameda-research-portfolio', 'a16z-portfolio', '1confirmation-portfolio', 'winklevoss-capital-portfolio', 'usv-portfolio', 'placeholder-ventures-portfolio', 'pantera-capital-portfolio', 'multicoin-capital-portfolio', 'paradigm-portfolio', 'bitcoin-ecosystem', 'layer-1', 'ftx-bankruptcy-estate', '2017-2018-alt-season', 'us-strategic-crypto-reserve', 'binance-ecosystem', 'binance-listing']",21000000.0,19989865.0,19989865.0,False,1379717531117.96,,1,,,,2026-02-15T16:19:00.000Z,69020.8528730912,36145996345.14714,-3.4741,0.06269402,-0.69869343,-2.90712406,-27.13958363,-20.34805616,-25.82185938,1379717531117.955,58.3654,1449437910334.92,,2026-02-15T16:19:00.000Z,,,,,,2026-02-15 17:21:23.268544
1,1027,Ethereum,ETH,ethereum,11567,2015-08-07T00:00:00.000Z,"['pos', 'smart-contracts', 'ethereum-ecosystem', 'coinbase-ventures-portfolio', 'three-arrows-capital-portfolio', 'polychain-capital-portfolio', 'binance-labs-portfolio', 'blockchain-capital-portfolio', 'boostvc-portfolio', 'cms-holdings-portfolio', 'dcg-portfolio', 'dragonfly-capital-portfolio', 'electric-capital-portfolio', 'fabric-ventures-portfolio', 'framework-ventures-portfolio', 'hashkey-capital-portfolio', 'kenetic-capital-portfolio', 'huobi-capital-portfolio', 'alameda-research-portfolio', 'a16z-portfolio', '1confirmation-portfolio', 'winklevoss-capital-portfolio', 'usv-portfolio', 'placeholder-ventures-portfolio', 'pantera-capital-portfolio', 'multicoin-capital-portfolio', 'paradigm-portfolio', 'ethereum-pow-ecosystem', 'layer-1', 'ftx-bankruptcy-estate', 'sora-ecosystem', 'rsk-rbtc-ecosystem', 'world-liberty-financial-portfolio', 'us-strategic-crypto-reserve', 'binance-ecosystem', 'binance-listing', 'abstract-chain-ecosystem', 'unichain-ecosystem', 'soneium-ecosystem', 'sophon-ecosystem']",,120692457.89999667,120692457.89999667,True,242057995484.91,,2,,,,2026-02-15T16:19:00.000Z,2005.5768164525841,25322411723.05768,46.4976,-0.08057423,-3.33517107,-5.00754334,-38.7252408,-30.00178197,-34.61520747,242057995484.91284,10.2396,242057995484.91,,2026-02-15T16:19:00.000Z,,,,,,2026-02-15 17:21:23.268544
2,825,Tether USDt,USDT,tether,171236,2015-02-25T00:00:00.000Z,"['stablecoin', 'asset-backed-stablecoin', 'usd-stablecoin', 'ethereum-pow-ecosystem', 'fiat-stablecoin', 'tron20-ecosystem', 'rsk-rbtc-ecosystem', 'venom-ecosystem', 'world-liberty-financial-portfolio', 'binance-ecosystem', 'binance-listing', 'peaq-ecosystem', 'apertum-ecosystem', 'etherlink-ecosystem', 'duckchain-ecosystem', 'onus-ecosystem', 'sophon-ecosystem', 'zedxion-smart-chain-ecosystem', 'xlayer-ecosystem']",,183755310128.52243,187964839850.83615,True,187875410130.91,,3,,,,2026-02-15T16:19:00.000Z,0.999524221019245,85379421793.72047,14.8463,0.011626,-0.01294196,0.02180891,0.00277377,-0.03577909,0.02582177,183667883214.36118,7.7696,187875410130.91,,2026-02-15T16:19:00.000Z,1027.0,Ethereum,ETH,ethereum,0xdac17f958d2ee523a2206206994597c13d831ec7,2026-02-15 17:21:23.268544
3,52,XRP,XRP,xrp,1798,2013-08-04T00:00:00.000Z,"['medium-of-exchange', 'enterprise-solutions', 'xrp-ecosystem', 'arrington-xrp-capital-portfolio', 'galaxy-digital-portfolio', 'a16z-portfolio', 'pantera-capital-portfolio', 'ftx-bankruptcy-estate', '2017-2018-alt-season', 'klaytn-ecosystem', 'made-in-america', 'us-strategic-crypto-reserve', 'binance-ecosystem', 'binance-listing', 'iso-20022']",100000000000.0,60917315351.0,99985721048.0,False,151557640067.54,,4,,,,2026-02-15T16:19:00.000Z,1.5157928400074472,5693104439.81784,135.0148,-1.22118035,3.69666414,5.19306036,-25.65485357,-20.02819394,-30.24828266,92338030441.52155,3.9061,151579284000.74,,2026-02-15T16:19:00.000Z,,,,,,2026-02-15 17:21:23.268544
4,1839,BNB,BNB,bnb,3134,2017-07-25T00:00:00.000Z,"['marketplace', 'centralized-exchange', 'payments', 'smart-contracts', 'alameda-research-portfolio', 'multicoin-capital-portfolio', 'bnb-chain-ecosystem', 'layer-1', 'alleged-sec-securities', 'celsius-bankruptcy-estate', 'binance-ecosystem', 'binance-listing', 'etherlink-ecosystem', 'made-in-china']",136359284.48,136359283.32,136359283.32,False,84485305855.86,,5,,,,2026-02-15T16:19:00.000Z,619.5786879987645,1465238820.16955,-6.2619,-0.27936089,-2.08647663,-3.73305057,-33.27358595,-26.90176629,-31.30737224,84485305855.8574,3.5739,84485306574.57,,2026-02-15T16:19:00.000Z,,,,,,2026-02-15 17:21:23.268544
5,3408,USDC,USDC,usd-coin,37475,2018-10-08T00:00:00.000Z,"['medium-of-exchange', 'stablecoin', 'asset-backed-stablecoin', 'stellar-ecosystem', 'coinbase-ventures-portfolio', 'usd-stablecoin', 'xdc-ecosystem', 'ethereum-pow-ecosystem', 'fiat-stablecoin', 'tron20-ecosystem', 'venom-ecosystem', 'made-in-america', 'world-liberty-financial-portfolio', 'sonic-ecosystem', 'binance-ecosystem', 'binance-listing', 'hyperevm-ecosystem', 'etherlink-ecosystem', 'unichain-ecosystem', 'vector-smart-chain-ecosystem', 'sophon-ecosystem', 'monad-ecosystem', 'xlayer-ecosystem']",,73577665840.58257,73577665840.58257,False,73577467431.92,,6,60901219650.23,60901055424.72161,,2026-02-15T16:19:00.000Z,0.9999973034118309,8315561791.233604,-2.0308,0.00365347,0.01043726,0.0018937,0.0380713,0.00315543,0.00944523,73577467431.91936,3.1125,73577467431.92,,2026-02-15T16:19:00.000Z,1027.0,Ethereum,ETH,ethereum,0xa0b86991c6218b36c1d19d4a2e9eb0ce3606eb48,2026-02-15 17:21:23.268544
6,5426,Solana,SOL,solana,1089,2020-04-10T00:00:00.000Z,"['pos', 'platform', 'solana-ecosystem', 'cms-holdings-portfolio', 'kenetic-capital-portfolio', 'alameda-research-portfolio', 'multicoin-capital-portfolio', 'okx-ventures-portfolio', 'layer-1', 'ftx-bankruptcy-estate', 'alleged-sec-securities', 'cmc-crypto-awards-2024', 'made-in-america', 'us-strategic-crypto-reserve', 'binance-ecosystem', 'binance-listing']",,567957551.4309566,620391073.2815809,True,54224400709.57,,7,525236893.3,45907584741.83287,,2026-02-15T16:19:00.000Z,87.40357984642141,3937138655.335869,28.8244,0.04506144,0.02579015,-0.10686066,-38.18096775,-30.69767089,-34.69024255,49641523195.87361,2.1,54224400709.57,,2026-02-15T16:19:00.000Z,,,,,,2026-02-15 17:21:23.268544
7,1958,TRON,TRX,tron,1299,2017-09-13T00:00:00.000Z,"['media', 'payments', 'tron-ecosystem', 'layer-1', 'dwf-labs-portfolio', 'alleged-sec-securities', '2017-2018-alt-season', 'tron20-ecosystem', 'world-liberty-financial-portfolio', 'binance-ecosystem', 'binance-listing', 'made-in-china']",,94724706614.9391,94724706294.7143,True,26573705572.35,,8,94667886298.43,26557765508.656918,,2026-02-15T16:20:00.000Z,0.28053616223073274,447035650.84908485,-14.31,0.02973088,-0.80879397,0.39623366,-8.16673263,0.47626608,-4.10968576,26573705662.18712,1.1241,26573705572.35,,2026-02-15T16:20:00.000Z,,,,,,2026-02-15 17:21:23.268544
8,74,Dogecoin,DOGE,dogecoin,1401,2013-12-15T00:00:00.000Z,"['mineable', 'pow', 'scrypt', 'medium-of-exchange', 'memes', 'payments', 'doggone-doggerel', 'doge-chain-ecosystem', 'osmosis-ecosystem', 'ftx-bankruptcy-estate', 'animal-memes', 'made-in-america', 'binance-ecosystem', 'binance-listing']",,168752233126.57907,168752233126.57907,True,18030180500.31,,9,,,,2026-02-15T16:19:00.000Z,0.10684410017131571,2973269199.8177657,209.8587,-1.54308526,3.27654816,9.48586213,-21.4983126,-16.68675438,-31.48646923,18030180500.309437,0.7627,18030180500.31,,2026-02-15T16:19:00.000Z,,,,,,2026-02-15 17:21:23.268544
9,1831,Bitcoin Cash,BCH,bitcoin-cash,1137,2017-07-23T00:00:00.000Z,"['mineable', 'pow', 'sha-256', 'marketplace', 'medium-of-exchange', 'store-of-value', 'enterprise-solutions', 'payments', 'layer-1', '2017-2018-alt-season', 'made-in-america', 'binance-ecosystem', 'binance-listing']",21000000.0,19995196.875,19995196.875,False,11118049410.09,,10,,,,2026-02-15T16:19:00.000Z,556.0360060266634,315962792.48596835,-41.1125,-0.37575216,-1.5690642,5.12720614,-7.55569345,0.73627148,11.70645579,11118049410.09182,0.4703,11676756126.56,,2026-02-15T16:19:00.000Z,,,,,,2026-02-15 17:21:23.268544
10,2010,Cardano,ADA,cardano,1681,2017-10-01T00:00:00.000Z,"['dpos', 'pos', 'platform', 'research', 'smart-contracts', 'staking', 'cardano-ecosystem', 'cardano', 'layer-1', 'alleged-sec-securities', '2017-2018-alt-season', 'made-in-america', 'us-strategic-crypto-reserve', 'binance-ecosystem', 'binance-listing', 'iso-20022']",45000000000.0,36066145196.64397,44994539820.15453,False,12739460764.35,,11,37997904336.0,10758478992.133316,,2026-02-15T16:20:00.000Z,0.283133482757377,699334512.5455393,70.0181,-0.85126402,-0.99026156,3.89697947,-25.95285951,-24.83104792,-39.84905232,10211533299.15905,0.432,12741006724.08,,2026-02-15T16:20:00.000Z,,,,,,2026-02-15 17:21:23.268544
11,32196,Hyperliquid,HYPE,hyperliquid,238,2024-07-15T10:14:50.000Z,"['decentralized-exchange-dex-token', 'defi', 'derivatives', 'layer-1', 'hyperliquid-ecosystem', 'binance-ecosystem', 'binance-listing', 'perp-dex-coins']",961671487.86,259277557.4437796,958388465.8146007,False,29517480825.32,,12,333931719.0,10284788959.943727,,2026-02-15T16:19:00.000Z,30.799077699904654,215213057.31144837,-2.4498,-0.45559334,-1.21033026,-2.99977793,24.04629561,15.95025187,-17.11654183,7985509637.55246,0.3378,29618594876.38,,2026-02-15T16:19:00.000Z,32196.0,Hyperliquid,HYPE,hyperliquid,0x0d01dc56dcaaca66ad901c959b4011ec,2026-02-15 17:21:23.268544
12,3957,UNUS SED LEO,LEO,unus-sed-leo,67,2019-05-21T00:00:00.000Z,"['marketplace', 'centralized-exchange', 'discount-token', 'payments', 'ethereum-ecosystem', 'kenetic-capital-portfolio', 'alameda-research-portfolio']",,921353012.9,985239504.0,False,8308251133.12,,13,,,,2026-02-15T16:20:00.000Z,8.432722296855006,1043766.24571688,78.3076,-0.04821879,-2.72306459,2.2120302,-5.35495695,17.31812033,-7.44122773,7769514095.156368,0.3287,8308251133.12,,2026-02-15T16:20:00.000Z,1027.0,Ethereum,ETH,ethereum,0x2af5d2ad76741191d15dfe7bf6ac92d4bd912ca3,2026-02-15 17:21:23.268544
13,29470,Ethena USDe,USDe,ethena-usde,295,2024-02-20T11:05:01.000Z,"['stablecoin', 'asset-backed-stablecoin', 'binance-labs-portfolio', 'dragonfly-capital-portfolio', 'usd-stablecoin', 'eigenlayer-ecosystem', 'binance-ecosystem', 'binance-listing', 'xlayer-ecosystem', 'plasma-ecosystem']",,6304778696.791329,6304778696.791329,True,6297566657.87,,14,,,,2026-02-15T16:19:00.000Z,0.9988560995923301,59819185.486814,-21.863,-0.00035405,-0.03119091,0.02124888,-0.08415204,-0.02989306,0.03893599,6297566657.8698015,0.2664,6297566657.87,,2026-02-15T16:19:00.000Z,1027.0,Ethereum,ETH,ethereum,0x4c9edd5852cd905f086c759e8383e09bff1e68b3,2026-02-15 17:21:23.268544
14,1975,Chainlink,LINK,chainlink,2212,2017-09-20T00:00:00.000Z,"['platform', 'cosmos-ecosystem', 'defi', 'privacy', 'interoperability', 'iot', 'oracles', 'smart-contracts', 'ethereum-ecosystem', 'tron-ecosystem', 'polkadot', 'tokenized-stock', 'polkadot-ecosystem', 'heco-ecosystem', 'avalanche-ecosystem', 'solana-ecosystem', 'framework-ventures-portfolio', 'hedera-hashgraph-ecosystem', 'polygon-ecosystem', 'fantom-ecosystem', 'cardano-ecosystem', 'terra-ecosystem', 'web3', 'near-protocol-ecosystem', 'arbitrum-ecosystem', 'celo-ecosystem', 'defi-2', 'cross-chain', 'cronos-ecosystem', 'cardano', 'injective-ecosystem', 'bnb-chain-ecosystem', 'oasis-ecosystem', 'moonbeam-ecosystem', 'xdc-ecosystem', 'metisdao-ecosystem', 'velas-ecosystem', 'doge-chain-ecosystem', 'aptos-ecosystem', 'sui-ecosystem', 'optimism-ecosystem', 'bitcoin-ecosystem', 'real-world-assets-protocols', 'zksync-era-ecosystem', 'kadena-ecosystem', 'base-ecosystem', 'linea-ecosystem', 'sei-ecosystem', 'toncoin-ecosystem', 'paal-ecosystem', 'blast-ecosystem', 'atomicals-ecosystem', 'move-vm', 'eigenlayer-ecosystem', 'hyperliquid-ecosystem', 'gnosis-chain-ecosystem', 'ronin-ecosystem', 'astar-ecosystem', 'core-ecosystem', 'starknet-ecosystem', 'mantle-ecosystem', 'opbnb-ecosystem', 'scroll-ecosystem', 'merlin-ecosystem', 'b²-network-ecosystem', 'mode-ecosystem', 'world-chain-mainnet-ecosystem', 'made-in-america', 'btcfi', 'world-liberty-financial-portfolio', 'corn-ecosystem', 'bonk-fun-ecosystem', 'sonic-ecosystem', 'binance-ecosystem', 'binance-listing', 'bittensor-ecosystem', 'tokenized-assets', 'xstocks-ecosystem', 'hyperevm-ecosystem', 'etherlink-ecosystem', 'bera-chain-ecosystem', 'abstract-chain-ecosystem', 'unichain-ecosystem', 'soneium-ecosystem', 'fraxtal-ecosystem', 'monad-ecosystem', 'hashkey-chain-ecosystem', 'wlfi-ecosystem', 'plasma-ecosystem', 'x402-ecosystem', 'iso-20022']",1000000000.0,708099970.4525867,1000000000.0,False,8831428757.91,,15,,,,2026-02-15T16:19:00.000Z,8.831428757905558,646852952.6759865,9.9467,-0.49971783,-2.03454908,-0.58213105,-34.5596452,-28.8146372,-34.26915408,6253534442.527049,0.2645,8831428757.91,,2026-02-15T16:19:00.000Z,1027.0,Ethereum,ETH,ethereum,0x514910771af9ca656af840dff83e8264ecf986ca,2026-02-15 17:21:23.268544
0,1,Bitcoin,BTC,bitcoin,12561,2010-07-13T00:00:00.000Z,"['mineable', 'pow', 'sha-256', 'store-of-value', 'state-channel', 'coinbase-ventures-portfolio', 'three-arrows-capital-portfolio', 'polychain-capital-portfolio', 'binance-labs-portfolio', 'blockchain-capital-portfolio', 'boostvc-portfolio', 'cms-holdings-portfolio', 'dcg-portfolio', 'dragonfly-capital-portfolio', 'electric-capital-portfolio', 'fabric-ventures-portfolio', 'framework-ventures-portfolio', 'galaxy-digital-portfolio', 'huobi-capital-portfolio', 'alameda-research-portfolio', 'a16z-portfolio', '1confirmation-portfolio', 'winklevoss-capital-portfolio', 'usv-portfolio', 'placeholder-ventures-portfolio', 'pantera-capital-portfolio', 'multicoin-capital-portfolio', 'paradigm-portfolio', 'bitcoin-ecosystem', 'layer-1', 'ftx-bankruptcy-estate', '2017-2018-alt-season', 'us-strategic-crypto-reserve', 'binance-ecosystem', 'binance-listing']",21000000.0,19989865.0,19989865.0,False,1379597575114.83,,1,,,,2026-02-15T16:20:00.000Z,69014.85203200883,36132057802.30763,-3.5119,0.06181764,-0.69217801,-2.91556555,-27.23373196,-20.36253351,-25.9592529,1379597575114.8323,58.3603,1449311892672.19,,2026-02-15T16:20:00.000Z,,,,,,2026-02-15 17:22:23.789711
1,1027,Ethereum,ETH,ethereum,11567,2015-08-07T00:00:00.000Z,"['pos', 'smart-contracts', 'ethereum-ecosystem', 'coinbase-ventures-portfolio', 'three-arrows-capital-portfolio', 'polychain-capital-portfolio', 'binance-labs-portfolio', 'blockchain-capital-portfolio', 'boostvc-portfolio', 'cms-holdings-portfolio', 'dcg-portfolio', 'dragonfly-capital-portfolio', 'electric-capital-portfolio', 'fabric-ventures-portfolio', 'framework-ventures-portfolio', 'hashkey-capital-portfolio', 'kenetic-capital-portfolio', 'huobi-capital-portfolio', 'alameda-research-portfolio', 'a16z-portfolio', '1confirmation-portfolio', 'winklevoss-capital-portfolio', 'usv-portfolio', 'placeholder-ventures-portfolio', 'pantera-capital-portfolio', 'multicoin-capital-portfolio', 'paradigm-portfolio', 'ethereum-pow-ecosystem', 'layer-1', 'ftx-bankruptcy-estate', 'sora-ecosystem', 'rsk-rbtc-ecosystem', 'world-liberty-financial-portfolio', 'us-strategic-crypto-reserve', 'binance-ecosystem', 'binance-listing', 'abstract-chain-ecosystem', 'unichain-ecosystem', 'soneium-ecosystem', 'sophon-ecosystem']",,120692457.89999667,120692457.89999667,True,241698745827.16,,2,,,,2026-02-15T16:21:00.000Z,2002.6002455549094,25331529331.171448,46.5555,-0.21685522,-3.27067803,-5.14852611,-38.87135887,-29.7626726,-34.87876953,241698745827.1589,10.2244,241698745827.16,,2026-02-15T16:21:00.000Z,,,,,,2026-02-15 17:22:23.789711
2,825,Tether USDt,USDT,tether,171236,2015-02-25T00:00:00.000Z,"['stablecoin', 'asset-backed-stablecoin', 'usd-stablecoin', 'ethereum-pow-ecosystem', 'fiat-stablecoin', 'tron20-ecosystem', 'rsk-rbtc-ecosystem', 'venom-ecosystem', 'world-liberty-financial-portfolio', 'binance-ecosystem', 'binance-listing', 'peaq-ecosystem', 'apertum-ecosystem', 'etherlink-ecosystem', 'duckchain-ecosystem', 'onus-ecosystem', 'sophon-ecosystem', 'zedxion-smart-chain-ecosystem', 'xlayer-ecosystem']",,183755310128.52243,187964839850.83615,True,187882894060.84,,3,,,,2026-02-15T16:20:00.000Z,0.999564036603523,85434638283.55357,14.9403,0.00266052,-0.02346885,0.02579323,0.00259819,0.00286408,0.01527852,183675199539.3981,7.7699,187882894060.84,,2026-02-15T16:20:00.000Z,1027.0,Ethereum,ETH,ethereum,0xdac17f958d2ee523a2206206994597c13d831ec7,2026-02-15 17:22:23.789711
3,52,XRP,XRP,xrp,1798,2013-08-04T00:00:00.000Z,"['medium-of-exchange', 'enterprise-solutions', 'xrp-ecosystem', 'arrington-xrp-capital-portfolio', 'galaxy-digital-portfolio', 'a16z-portfolio', 'pantera-capital-portfolio', 'ftx-bankruptcy-estate', '2017-2018-alt-season', 'klaytn-ecosystem', 'made-in-america', 'us-strategic-crypto-reserve', 'binance-ecosystem', 'binance-listing', 'iso-20022']",100000000000.0,60917315351.0,99985721048.0,False,151650964776.32,,4,,,,2026-02-15T16:20:00.000Z,1.516726220372207,5695227260.928741,135.2064,-1.16405923,3.76406208,5.25783514,-25.6366736,-19.96205311,-30.34640801,92394889467.54405,3.9085,151672622037.22,,2026-02-15T16:20:00.000Z,,,,,,2026-02-15 17:22:23.789711
4,1839,BNB,BNB,bnb,3134,2017-07-25T00:00:00.000Z,"['marketplace', 'centralized-exchange', 'payments', 'smart-contracts', 'alameda-research-portfolio', 'multicoin-capital-portfolio', 'bnb-chain-ecosystem', 'layer-1', 'alleged-sec-securities', 'celsius-bankruptcy-estate', 'binance-ecosystem', 'binance-listing', 'etherlink-ecosystem', 'made-in-china']",136359284.48,136359283.32,136359283.32,False,84479405737.99,,5,,,,2026-02-15T16:21:00.000Z,619.5354190864738,1465123423.2838652,-6.2539,-0.28747976,-2.07099385,-3.73977347,-33.34275443,-26.77139263,-31.54071744,84479405737.98741,3.5737,84479406456.65,,2026-02-15T16:21:00.000Z,,,,,,2026-02-15 17:22:23.789711
5,3408,USDC,USDC,usd-coin,37475,2018-10-08T00:00:00.000Z,"['medium-of-exchange', 'stablecoin', 'asset-backed-stablecoin', 'stellar-ecosystem', 'coinbase-ventures-portfolio', 'usd-stablecoin', 'xdc-ecosystem', 'ethereum-pow-ecosystem', 'fiat-stablecoin', 'tron20-ecosystem', 'venom-ecosystem', 'made-in-america', 'world-liberty-financial-portfolio', 'sonic-ecosystem', 'binance-ecosystem', 'binance-listing', 'hyperevm-ecosystem', 'etherlink-ecosystem', 'unichain-ecosystem', 'vector-smart-chain-ecosystem', 'sophon-ecosystem', 'monad-ecosystem', 'xlayer-ecosystem']",,73577665840.58257,73577665840.58257,False,73577443411.81,,6,60901219650.23,60901035542.95941,,2026-02-15T16:20:00.000Z,0.9999969769526513,8316486770.976924,-1.9436,-0.00573635,-0.00598183,0.00186105,0.02919224,0.01926765,-0.02931312,73577443411.81493,3.1125,73577443411.81,,2026-02-15T16:20:00.000Z,1027.0,Ethereum,ETH,ethereum,0xa0b86991c6218b36c1d19d4a2e9eb0ce3606eb48,2026-02-15 17:22:23.789711
6,5426,Solana,SOL,solana,1089,2020-04-10T00:00:00.000Z,"['pos', 'platform', 'solana-ecosystem', 'cms-holdings-portfolio', 'kenetic-capital-portfolio', 'alameda-research-portfolio', 'multicoin-capital-portfolio', 'okx-ventures-portfolio', 'layer-1', 'ftx-bankruptcy-estate', 'alleged-sec-securities', 'cmc-crypto-awards-2024', 'made-in-america', 'us-strategic-crypto-reserve', 'binance-ecosystem', 'binance-listing']",,567957551.4309566,620391073.2815809,True,54233528035.31,,7,525236893.3,45915312138.982925,,2026-02-15T16:20:00.000Z,87.4182920596125,3938147877.2213783,28.867,0.06366749,0.05480026,-0.09004614,-38.20421001,-30.6831022,-34.81630248,49649879108.45375,2.1003,54233528035.31,,2026-02-15T16:20:00.000Z,,,,,,2026-02-15 17:22:23.789711
7,1958,TRON,TRX,tron,1299,2017-09-13T00:00:00.000Z,"['media', 'payments', 'tron-ecosystem', 'layer-1', 'dwf-labs-portfolio', 'alleged-sec-securities', '2017-2018-alt-season', 'tron20-ecosystem', 'world-liberty-financial-portfolio', 'binance-ecosystem', 'binance-listing', 'made-in-china']",,94724706614.9391,94724706294.7143,True,26574111661.11,,8,94667886298.43,26558171353.828354,,2026-02-15T16:21:00.000Z,0.2805404492723823,446880727.94755673,-14.3445,0.0239256,-0.80273901,0.39776788,-8.29668222,0.59404424,-4.21724601,26574111750.94962,1.1241,26574111661.11,,2026-02-15T16:21:00.000Z,,,,,,2026-02-15 17:22:23.789711
8,74,Dogecoin,DOGE,dogecoin,1401,2013-12-15T00:00:00.000Z,"['mineable', 'pow', 'scrypt', 'medium-of-exchange', 'memes', 'payments', 'doggone-doggerel', 'doge-chain-ecosystem', 'osmosis-ecosystem', 'ftx-bankruptcy-estate', 'animal-memes', 'made-in-america', 'binance-ecosystem', 'binance-listing']",,168752233126.57907,168752233126.57907,True,18036321580.95,,9,,,,2026-02-15T16:20:00.000Z,0.1068804912787467,2971266880.7110744,209.0965,-1.50346021,3.29811402,9.52315302,-21.49858593,-16.56548458,-31.57625169,18036321580.954365,0.763,18036321580.95,,2026-02-15T16:20:00.000Z,,,,,,2026-02-15 17:22:23.789711
9,1831,Bitcoin Cash,BCH,bitcoin-cash,1137,2017-07-23T00:00:00.000Z,"['mineable', 'pow', 'sha-256', 'marketplace', 'medium-of-exchange', 'store-of-value', 'enterprise-solutions', 'payments', 'layer-1', '2017-2018-alt-season', 'made-in-america', 'binance-ecosystem', 'binance-listing']",21000000.0,19995196.875,19995196.875,False,11118184226.41,,10,,,,2026-02-15T16:20:00.000Z,556.0427484619049,315971070.8022853,-41.0844,-0.36430057,-1.56967137,5.1284809,-7.57086722,0.73263959,11.63343473,11118184226.411892,0.4703,11676897717.7,,2026-02-15T16:20:00.000Z,,,,,,2026-02-15 17:22:23.789711
10,2010,Cardano,ADA,cardano,1681,2017-10-01T00:00:00.000Z,"['dpos', 'pos', 'platform', 'research', 'smart-contracts', 'staking', 'cardano-ecosystem', 'cardano', 'layer-1', 'alleged-sec-securities', '2017-2018-alt-season', 'made-in-america', 'us-strategic-crypto-reserve', 'binance-ecosystem', 'binance-listing', 'iso-20022']",45000000000.0,36066145196.64397,44994539820.15453,False,12737761671.94,,11,37997904336.0,10757044108.011507,,2026-02-15T16:21:00.000Z,0.2830957205663593,699400699.085329,70.0129,-0.86445482,-1.00056697,3.88312248,-26.1805262,-24.68524123,-40.04231529,10210171362.494862,0.4319,12739307425.49,,2026-02-15T16:21:00.000Z,,,,,,2026-02-15 17:22:23.789711
11,32196,Hyperliquid,HYPE,hyperliquid,238,2024-07-15T10:14:50.000Z,"['decentralized-exchange-dex-token', 'defi', 'derivatives', 'layer-1', 'hyperliquid-ecosystem', 'binance-ecosystem', 'binance-listing', 'perp-dex-coins']",961671487.86,259277557.4437796,958388465.8146007,False,29516031114.34,,12,333931719.0,10284283836.505594,,2026-02-15T16:20:00.000Z,30.797565045043218,215188372.08091286,-2.4703,-0.45666519,-1.1737093,-3.00454196,24.03880721,15.94045768,-17.16927008,7985117440.094731,0.3378,29617140199.33,,2026-02-15T16:20:00.000Z,32196.0,Hyperliquid,HYPE,hyperliquid,0x0d01dc56dcaaca66ad901c959b4011ec,2026-02-15 17:22:23.789711
12,3957,UNUS SED LEO,LEO,unus-sed-leo,67,2019-05-21T00:00:00.000Z,"['marketplace', 'centralized-exchange', 'discount-token', 'payments', 'ethereum-ecosystem', 'kenetic-capital-portfolio', 'alameda-research-portfolio']",,921353012.9,985239504.0,False,8308256494.58,,13,,,,2026-02-15T16:21:00.000Z,8.432727738636748,1043766.93712345,78.7182,-0.04892043,-2.72166864,2.21209616,-5.34607575,15.88784216,-7.42414532,7769519108.958371,0.3287,8308256494.58,,2026-02-15T16:21:00.000Z,1027.0,Ethereum,ETH,ethereum,0x2af5d2ad76741191d15dfe7bf6ac92d4bd912ca3,2026-02-15 17:22:23.789711
13,29470,Ethena USDe,USDe,ethena-usde,295,2024-02-20T11:05:01.000Z,"['stablecoin', 'asset-backed-stablecoin', 'binance-labs-portfolio', 'dragonfly-capital-portfolio', 'usd-stablecoin', 'eigenlayer-ecosystem', 'binance-ecosystem', 'binance-listing', 'xlayer-ecosystem', 'plasma-ecosystem']",,6304778696.791329,6304778696.791329,True,6297614663.8,,14,,,,2026-02-15T16:20:00.000Z,0.9988637138063379,59811873.88825727,-21.8835,-0.00298563,-0.03124998,0.02201134,-0.08661698,-0.04067644,0.04680852,6297614663.80407,0.2664,6297614663.8,,2026-02-15T16:20:00.000Z,1027.0,Ethereum,ETH,ethereum,0x4c9edd5852cd905f086c759e8383e09bff1e68b3,2026-02-15 17:22:23.789711
14,1975,Chainlink,LINK,chainlink,2212,2017-09-20T00:00:00.000Z,"['platform', 'cosmos-ecosystem', 'defi', 'privacy', 'interoperability', 'iot', 'oracles', 'smart-contracts', 'ethereum-ecosystem', 'tron-ecosystem', 'polkadot', 'tokenized-stock', 'polkadot-ecosystem', 'heco-ecosystem', 'avalanche-ecosystem', 'solana-ecosystem', 'framework-ventures-portfolio', 'hedera-hashgraph-ecosystem', 'polygon-ecosystem', 'fantom-ecosystem', 'cardano-ecosystem', 'terra-ecosystem', 'web3', 'near-protocol-ecosystem', 'arbitrum-ecosystem', 'celo-ecosystem', 'defi-2', 'cross-chain', 'cronos-ecosystem', 'cardano', 'injective-ecosystem', 'bnb-chain-ecosystem', 'oasis-ecosystem', 'moonbeam-ecosystem', 'xdc-ecosystem', 'metisdao-ecosystem', 'velas-ecosystem', 'doge-chain-ecosystem', 'aptos-ecosystem', 'sui-ecosystem', 'optimism-ecosystem', 'bitcoin-ecosystem', 'real-world-assets-protocols', 'zksync-era-ecosystem', 'kadena-ecosystem', 'base-ecosystem', 'linea-ecosystem', 'sei-ecosystem', 'toncoin-ecosystem', 'paal-ecosystem', 'blast-ecosystem', 'atomicals-ecosystem', 'move-vm', 'eigenlayer-ecosystem', 'hyperliquid-ecosystem', 'gnosis-chain-ecosystem', 'ronin-ecosystem', 'astar-ecosystem', 'core-ecosystem', 'starknet-ecosystem', 'mantle-ecosystem', 'opbnb-ecosystem', 'scroll-ecosystem', 'merlin-ecosystem', 'b²-network-ecosystem', 'mode-ecosystem', 'world-chain-mainnet-ecosystem', 'made-in-america', 'btcfi', 'world-liberty-financial-portfolio', 'corn-ecosystem', 'bonk-fun-ecosystem', 'sonic-ecosystem', 'binance-ecosystem', 'binance-listing', 'bittensor-ecosystem', 'tokenized-assets', 'xstocks-ecosystem', 'hyperevm-ecosystem', 'etherlink-ecosystem', 'bera-chain-ecosystem', 'abstract-chain-ecosystem', 'unichain-ecosystem', 'soneium-ecosystem', 'fraxtal-ecosystem', 'monad-ecosystem', 'hashkey-chain-ecosystem', 'wlfi-ecosystem', 'plasma-ecosystem', 'x402-ecosystem', 'iso-20022']",1000000000.0,708099970.4525867,1000000000.0,False,8833081190.07,,15,,,,2026-02-15T16:21:00.000Z,8.833081190067139,646807258.3636854,9.9381,-0.47698239,-1.9768775,-0.56352916,-34.73472096,-28.4998966,-34.54252981,6254704529.69184,0.2646,8833081190.07,,2026-02-15T16:21:00.000Z,1027.0,Ethereum,ETH,ethereum,0x514910771af9ca656af840dff83e8264ecf986ca,2026-02-15 17:22:23.789711
0,1,Bitcoin,BTC,bitcoin,12561,2010-07-13T00:00:00.000Z,"['mineable', 'pow', 'sha-256', 'store-of-value', 'state-channel', 'coinbase-ventures-portfolio', 'three-arrows-capital-portfolio', 'polychain-capital-portfolio', 'binance-labs-portfolio', 'blockchain-capital-portfolio', 'boostvc-portfolio', 'cms-holdings-portfolio', 'dcg-portfolio', 'dragonfly-capital-portfolio', 'electric-capital-portfolio', 'fabric-ventures-portfolio', 'framework-ventures-portfolio', 'galaxy-digital-portfolio', 'huobi-capital-portfolio', 'alameda-research-portfolio', 'a16z-portfolio', '1confirmation-portfolio', 'winklevoss-capital-portfolio', 'usv-portfolio', 'placeholder-ventures-portfolio', 'pantera-capital-portfolio', 'multicoin-capital-portfolio', 'paradigm-portfolio', 'bitcoin-ecosystem', 'layer-1', 'ftx-bankruptcy-estate', '2017-2018-alt-season', 'us-strategic-crypto-reserve', 'binance-ecosystem', 'binance-listing']",21000000.0,19989887.0,19989887.0,False,1378135724012.27,,1,,,,2026-02-15T17:36:00.000Z,68941.64654418852,35250815125.16088,-5.4865,-0.06140085,-1.0963933,-2.51959454,-27.2288361,-20.54205469,-26.22195641,1378135724012.269,58.3345,1447774577427.96,,2026-02-15T17:36:00.000Z,,,,,,2026-02-15 18:38:01.929615
1,1027,Ethereum,ETH,ethereum,11567,2015-08-07T00:00:00.000Z,"['pos', 'smart-contracts', 'ethereum-ecosystem', 'coinbase-ventures-portfolio', 'three-arrows-capital-portfolio', 'polychain-capital-portfolio', 'binance-labs-portfolio', 'blockchain-capital-portfolio', 'boostvc-portfolio', 'cms-holdings-portfolio', 'dcg-portfolio', 'dragonfly-capital-portfolio', 'electric-capital-portfolio', 'fabric-ventures-portfolio', 'framework-ventures-portfolio', 'hashkey-capital-portfolio', 'kenetic-capital-portfolio', 'huobi-capital-portfolio', 'alameda-research-portfolio', 'a16z-portfolio', '1confirmation-portfolio', 'winklevoss-capital-portfolio', 'usv-portfolio', 'placeholder-ventures-portfolio', 'pantera-capital-portfolio', 'multicoin-capital-portfolio', 'paradigm-portfolio', 'layer-1', 'ftx-bankruptcy-estate', 'sora-ecosystem', 'rsk-rbtc-ecosystem', 'world-liberty-financial-portfolio', 'us-strategic-crypto-reserve', 'binance-ecosystem', 'binance-listing', 'abstract-chain-ecosystem', 'unichain-ecosystem', 'soneium-ecosystem', 'sophon-ecosystem']",,120692457.89999667,120692457.89999667,True,241204215859.71,,2,,,,2026-02-15T17:37:00.000Z,1998.5028066920675,25322271575.044155,48.5609,-0.23184831,-3.8420531,-4.36966733,-39.06986416,-30.21549971,-35.43181178,241204215859.70752,10.2098,241204215859.71,,2026-02-15T17:37:00.000Z,,,,,,2026-02-15 18:38:01.929615
2,825,Tether USDt,USDT,tether,171236,2015-02-25T00:00:00.000Z,"['stablecoin', 'asset-backed-stablecoin', 'usd-stablecoin', 'fiat-stablecoin', 'tron20-ecosystem', 'rsk-rbtc-ecosystem', 'venom-ecosystem', 'world-liberty-financial-portfolio', 'binance-ecosystem', 'binance-listing', 'peaq-ecosystem', 'apertum-ecosystem', 'etherlink-ecosystem', 'duckchain-ecosystem', 'onus-ecosystem', 'sophon-ecosystem', 'zedxion-smart-chain-ecosystem', 'xlayer-ecosystem']",,183755310128.52243,187964839850.83615,True,187869141911.22,,3,,,,2026-02-15T17:36:00.000Z,0.9994908731883316,83736214082.42836,13.3055,-0.00456404,-0.01367608,0.02407593,0.00059934,-0.03146586,0.01582645,183661755373.34955,7.7741,187869141911.22,,2026-02-15T17:36:00.000Z,1027.0,Ethereum,ETH,ethereum,0xdac17f958d2ee523a2206206994597c13d831ec7,2026-02-15 18:38:01.929615
3,52,XRP,XRP,xrp,1798,2013-08-04T00:00:00.000Z,"['medium-of-exchange', 'enterprise-solutions', 'xrp-ecosystem', 'arrington-xrp-capital-portfolio', 'galaxy-digital-portfolio', 'a16z-portfolio', 'pantera-capital-portfolio', 'ftx-bankruptcy-estate', '2017-2018-alt-season', 'klaytn-ecosystem', 'made-in-america', 'us-strategic-crypto-reserve', 'binance-ecosystem', 'binance-listing', 'iso-20022']",100000000000.0,60917315351.0,99985721048.0,False,150999543040.37,,4,,,,2026-02-15T17:36:00.000Z,1.5102110727179183,5683504983.989925,140.2622,-0.38722284,2.30314103,5.45074649,-26.21464667,-19.84076806,-30.83733102,91998004163.32942,3.8941,151021107271.79,,2026-02-15T17:36:00.000Z,,,,,,2026-02-15 18:38:01.929615
4,1839,BNB,BNB,bnb,3134,2017-07-25T00:00:00.000Z,"['marketplace', 'centralized-exchange', 'payments', 'smart-contracts', 'alameda-research-portfolio', 'multicoin-capital-portfolio', 'bnb-chain-ecosystem', 'layer-1', 'alleged-sec-securities', 'celsius-bankruptcy-estate', 'binance-ecosystem', 'binance-listing', 'etherlink-ecosystem', 'made-in-china']",136359281.79,136359281.79,136359281.79,False,84284500148.68,,5,,,,2026-02-15T17:37:00.000Z,618.1060727386264,1445720265.7811246,-4.1684,-0.13463906,-2.31086826,-3.1658411,-33.53023619,-27.08972516,-32.49644287,84284500148.67659,3.5676,84284500148.68,,2026-02-15T17:37:00.000Z,,,,,,2026-02-15 18:38:01.929615
5,3408,USDC,USDC,usd-coin,37476,2018-10-08T00:00:00.000Z,"['medium-of-exchange', 'stablecoin', 'asset-backed-stablecoin', 'stellar-ecosystem', 'coinbase-ventures-portfolio', 'usd-stablecoin', 'xdc-ecosystem', 'fiat-stablecoin', 'tron20-ecosystem', 'venom-ecosystem', 'made-in-america', 'world-liberty-financial-portfolio', 'sonic-ecosystem', 'binance-ecosystem', 'binance-listing', 'hyperevm-ecosystem', 'etherlink-ecosystem', 'unichain-ecosystem', 'vector-smart-chain-ecosystem', 'sophon-ecosystem', 'monad-ecosystem', 'xlayer-ecosystem']",,73574211977.17365,73574211977.17365,False,73562681148.75,,6,60901219650.23,60891674981.03315,,2026-02-15T17:36:00.000Z,0.9998432762225179,8193584397.382641,5.6084,-0.01155549,-0.00355951,-0.00182118,0.02415672,-0.00989643,-0.01260411,73562681148.74731,3.1138,73562681148.75,,2026-02-15T17:36:00.000Z,1027.0,Ethereum,ETH,ethereum,0xa0b86991c6218b36c1d19d4a2e9eb0ce3606eb48,2026-02-15 18:38:01.929615
6,5426,Solana,SOL,solana,1089,2020-04-10T00:00:00.000Z,"['pos', 'platform', 'solana-ecosystem', 'cms-holdings-portfolio', 'kenetic-capital-portfolio', 'alameda-research-portfolio', 'multicoin-capital-portfolio', 'okx-ventures-portfolio', 'layer-1', 'ftx-bankruptcy-estate', 'alleged-sec-securities', 'cmc-crypto-awards-2024', 'made-in-america', 'us-strategic-crypto-reserve', 'binance-ecosystem', 'binance-listing']",,568080078.263232,620527035.5347795,True,54141938700.22,,7,525236893.3,45827727160.40802,,2026-02-15T17:36:00.000Z,87.25153877230127,3791208447.078805,23.416,-0.10527362,-1.08939755,0.46897021,-38.75239398,-29.57711374,-34.72900835,49565860974.35633,2.0981,54141938700.22,,2026-02-15T17:36:00.000Z,,,,,,2026-02-15 18:38:01.929615
7,1958,TRON,TRX,tron,1299,2017-09-13T00:00:00.000Z,"['media', 'payments', 'tron-ecosystem', 'layer-1', 'dwf-labs-portfolio', 'alleged-sec-securities', '2017-2018-alt-season', 'tron20-ecosystem', 'world-liberty-financial-portfolio', 'binance-ecosystem', 'binance-listing', 'made-in-china']",,94724736534.04799,94724733984.56169,True,26562837086.21,,8,94667886298.43,26546895781.73984,,2026-02-15T17:37:00.000Z,0.28042134265102003,450360064.7277658,-12.0178,0.01885775,-0.96115891,0.53433895,-8.89493812,0.15545088,-4.80022324,26562837801.14187,1.1244,26562837086.21,,2026-02-15T17:37:00.000Z,,,,,,2026-02-15 18:38:01.929615
8,74,Dogecoin,DOGE,dogecoin,1401,2013-12-15T00:00:00.000Z,"['mineable', 'pow', 'scrypt', 'medium-of-exchange', 'memes', 'payments', 'doggone-doggerel', 'doge-chain-ecosystem', 'osmosis-ecosystem', 'ftx-bankruptcy-estate', 'animal-memes', 'made-in-america', 'binance-ecosystem', 'binance-listing']",,168752843126.57907,168752843126.57907,True,17957232286.77,,9,,,,2026-02-15T17:36:00.000Z,0.10641143552941504,2910663498.9579325,187.9327,-0.9364484,0.84142727,10.41288607,-22.01503665,-16.54917406,-32.85503421,17957232286.76946,0.7601,17957232286.77,,2026-02-15T17:36:00.000Z,,,,,,2026-02-15 18:38:01.929615
9,1831,Bitcoin Cash,BCH,bitcoin-cash,1137,2017-07-23T00:00:00.000Z,"['mineable', 'pow', 'sha-256', 'marketplace', 'medium-of-exchange', 'store-of-value', 'enterprise-solutions', 'payments', 'layer-1', '2017-2018-alt-season', 'made-in-america', 'binance-ecosystem', 'binance-listing']",21000000.0,19995212.5,19995212.5,False,11115010563.88,,10,,,,2026-02-15T17:37:00.000Z,555.8835928292092,311857440.361891,-40.9461,-0.10725785,-1.54183755,5.49371879,-7.89106569,0.65284643,9.22455798,11115010563.883514,0.4705,11673555449.41,,2026-02-15T17:37:00.000Z,,,,,,2026-02-15 18:38:01.929615
10,2010,Cardano,ADA,cardano,1681,2017-10-01T00:00:00.000Z,"['dpos', 'pos', 'platform', 'research', 'smart-contracts', 'staking', 'cardano-ecosystem', 'cardano', 'layer-1', 'alleged-sec-securities', '2017-2018-alt-season', 'made-in-america', 'us-strategic-crypto-reserve', 'binance-ecosystem', 'binance-listing', 'iso-20022']",45000000000.0,36066145196.64397,44994539820.15453,False,12727467777.53,,11,37997904336.0,10748350910.644094,,2026-02-15T17:37:00.000Z,0.28286693959753156,680612207.870713,62.731,-0.07278709,-2.86551432,4.61362728,-26.49222304,-24.17106177,-40.64594614,10201920114.854893,0.4318,12729012281.89,,2026-02-15T17:37:00.000Z,,,,,,2026-02-15 18:38:01.929615
11,32196,Hyperliquid,HYPE,hyperliquid,238,2024-07-15T10:14:50.000Z,"['decentralized-exchange-dex-token', 'defi', 'derivatives', 'layer-1', 'hyperliquid-ecosystem', 'binance-ecosystem', 'binance-listing', 'perp-dex-coins']",961671487.86,259276547.46202585,958387405.2626315,False,29676208808.48,,12,333931719.0,10340106064.002625,,2026-02-15T17:37:00.000Z,30.964731637256133,213187122.18367872,4.3493,0.02185921,-1.31311704,-4.00752097,24.05553861,20.36629873,-17.82548247,8028428711.995934,0.3398,29777899544.79,,2026-02-15T17:37:00.000Z,32196.0,Hyperliquid,HYPE,hyperliquid,0x0d01dc56dcaaca66ad901c959b4011ec,2026-02-15 18:38:01.929615
12,3957,UNUS SED LEO,LEO,unus-sed-leo,67,2019-05-21T00:00:00.000Z,"['marketplace', 'centralized-exchange', 'discount-token', 'payments', 'ethereum-ecosystem', 'kenetic-capital-portfolio', 'alameda-research-portfolio']",,921353012.9,985239504.0,False,8320198709.84,,13,,,,2026-02-15T17:37:00.000Z,8.444848867769437,1039597.21420885,81.2875,0.10097158,-2.6435066,2.23122287,-5.18688834,17.7515365,-7.89495621,7780686947.804524,0.3293,8320198709.84,,2026-02-15T17:37:00.000Z,1027.0,Ethereum,ETH,ethereum,0x2af5d2ad76741191d15dfe7bf6ac92d4bd912ca3,2026-02-15 18:38:01.929615
13,29470,Ethena USDe,USDe,ethena-usde,295,2024-02-20T11:05:01.000Z,"['stablecoin', 'asset-backed-stablecoin', 'binance-labs-portfolio', 'dragonfly-capital-portfolio', 'usd-stablecoin', 'eigenlayer-ecosystem', 'binance-ecosystem', 'binance-listing', 'xlayer-ecosystem', 'plasma-ecosystem']",,6304778696.791329,6304778696.791329,True,6297741934.49,,14,,,,2026-02-15T17:37:00.000Z,0.9988839001901056,55773144.52820546,-28.4955,-0.00645562,-0.01210347,0.01566003,-0.08544765,-0.00956124,0.01229364,6297741934.486415,0.2666,6297741934.49,,2026-02-15T17:37:00.000Z,1027.0,Ethereum,ETH,ethereum,0x4c9edd5852cd905f086c759e8383e09bff1e68b3,2026-02-15 18:38:01.929615
14,1975,Chainlink,LINK,chainlink,2212,2017-09-20T00:00:00.000Z,"['platform', 'cosmos-ecosystem', 'defi', 'privacy', 'interoperability', 'iot', 'oracles', 'smart-contracts', 'ethereum-ecosystem', 'tron-ecosystem', 'polkadot', 'tokenized-stock', 'polkadot-ecosystem', 'heco-ecosystem', 'avalanche-ecosystem', 'solana-ecosystem', 'framework-ventures-portfolio', 'hedera-hashgraph-ecosystem', 'polygon-ecosystem', 'fantom-ecosystem', 'cardano-ecosystem', 'terra-ecosystem', 'web3', 'near-protocol-ecosystem', 'arbitrum-ecosystem', 'celo-ecosystem', 'defi-2', 'cross-chain', 'cronos-ecosystem', 'cardano', 'injective-ecosystem', 'bnb-chain-ecosystem', 'oasis-ecosystem', 'moonbeam-ecosystem', 'xdc-ecosystem', 'metisdao-ecosystem', 'velas-ecosystem', 'doge-chain-ecosystem', 'aptos-ecosystem', 'sui-ecosystem', 'optimism-ecosystem', 'bitcoin-ecosystem', 'real-world-assets-protocols', 'zksync-era-ecosystem', 'kadena-ecosystem', 'base-ecosystem', 'linea-ecosystem', 'sei-ecosystem', 'toncoin-ecosystem', 'paal-ecosystem', 'blast-ecosystem', 'atomicals-ecosystem', 'move-vm', 'eigenlayer-ecosystem', 'hyperliquid-ecosystem', 'gnosis-chain-ecosystem', 'ronin-ecosystem', 'astar-ecosystem', 'core-ecosystem', 'starknet-ecosystem', 'mantle-ecosystem', 'opbnb-ecosystem', 'scroll-ecosystem', 'merlin-ecosystem', 'b²-network-ecosystem', 'mode-ecosystem', 'world-chain-mainnet-ecosystem', 'made-in-america', 'btcfi', 'world-liberty-financial-portfolio', 'corn-ecosystem', 'bonk-fun-ecosystem', 'sonic-ecosystem', 'binance-ecosystem', 'binance-listing', 'bittensor-ecosystem', 'tokenized-assets', 'xstocks-ecosystem', 'hyperevm-ecosystem', 'etherlink-ecosystem', 'bera-chain-ecosystem', 'abstract-chain-ecosystem', 'unichain-ecosystem', 'soneium-ecosystem', 'fraxtal-ecosystem', 'monad-ecosystem', 'hashkey-chain-ecosystem', 'wlfi-ecosystem', 'plasma-ecosystem', 'x402-ecosystem', 'iso-20022']",1000000000.0,708099970.4525867,1000000000.0,False,8828770341.52,,15,,,,2026-02-15T17:37:00.000Z,8.828770341521635,633933472.9208807,8.8679,-0.11389421,-2.95486828,0.14251902,-34.98355178,-28.79974728,-34.79152507,6251652017.964143,0.2646,8828770341.52,,2026-02-15T17:37:00.000Z,1027.0,Ethereum,ETH,ethereum,0x514910771af9ca656af840dff83e8264ecf986ca,2026-02-15 18:38:01.929615
0,1,Bitcoin,BTC,bitcoin,12561,2010-07-13T00:00:00.000Z,"['mineable', 'pow', 'sha-256', 'store-of-value', 'state-channel', 'coinbase-ventures-portfolio', 'three-arrows-capital-portfolio', 'polychain-capital-portfolio', 'binance-labs-portfolio', 'blockchain-capital-portfolio', 'boostvc-portfolio', 'cms-holdings-portfolio', 'dcg-portfolio', 'dragonfly-capital-portfolio', 'electric-capital-portfolio', 'fabric-ventures-portfolio', 'framework-ventures-portfolio', 'galaxy-digital-portfolio', 'huobi-capital-portfolio', 'alameda-research-portfolio', 'a16z-portfolio', '1confirmation-portfolio', 'winklevoss-capital-portfolio', 'usv-portfolio', 'placeholder-ventures-portfolio', 'pantera-capital-portfolio', 'multicoin-capital-portfolio', 'paradigm-portfolio', 'bitcoin-ecosystem', 'layer-1', 'ftx-bankruptcy-estate', '2017-2018-alt-season', 'us-strategic-crypto-reserve', 'binance-ecosystem', 'binance-listing']",21000000.0,19989887.0,19989887.0,False,1379184828178.35,,1,,,,2026-02-15T17:37:00.000Z,68994.12828988704,35236463788.43894,-5.106,0.09069521,-0.93569064,-2.38848965,-27.24121288,-20.47238034,-26.03494944,1379184828178.3452,58.3789,1448876694087.63,,2026-02-15T17:37:00.000Z,,,,,,2026-02-15 18:39:02.359713
1,1027,Ethereum,ETH,ethereum,11567,2015-08-07T00:00:00.000Z,"['pos', 'smart-contracts', 'ethereum-ecosystem', 'coinbase-ventures-portfolio', 'three-arrows-capital-portfolio', 'polychain-capital-portfolio', 'binance-labs-portfolio', 'blockchain-capital-portfolio', 'boostvc-portfolio', 'cms-holdings-portfolio', 'dcg-portfolio', 'dragonfly-capital-portfolio', 'electric-capital-portfolio', 'fabric-ventures-portfolio', 'framework-ventures-portfolio', 'hashkey-capital-portfolio', 'kenetic-capital-portfolio', 'huobi-capital-portfolio', 'alameda-research-portfolio', 'a16z-portfolio', '1confirmation-portfolio', 'winklevoss-capital-portfolio', 'usv-portfolio', 'placeholder-ventures-portfolio', 'pantera-capital-portfolio', 'multicoin-capital-portfolio', 'paradigm-portfolio', 'layer-1', 'ftx-bankruptcy-estate', 'sora-ecosystem', 'rsk-rbtc-ecosystem', 'world-liberty-financial-portfolio', 'us-strategic-crypto-reserve', 'binance-ecosystem', 'binance-listing', 'abstract-chain-ecosystem', 'unichain-ecosystem', 'soneium-ecosystem', 'sophon-ecosystem']",,120692457.89999667,120692457.89999667,True,241165775719.11,,2,,,,2026-02-15T17:38:00.000Z,1998.184310066333,25295811311.9757,48.4505,-0.23740608,-3.87153353,-4.39147116,-39.03260256,-30.18593557,-35.4367562,241165775719.11478,10.2068,241165775719.11,,2026-02-15T17:38:00.000Z,,,,,,2026-02-15 18:39:02.359713
2,825,Tether USDt,USDT,tether,171236,2015-02-25T00:00:00.000Z,"['stablecoin', 'asset-backed-stablecoin', 'usd-stablecoin', 'fiat-stablecoin', 'tron20-ecosystem', 'rsk-rbtc-ecosystem', 'venom-ecosystem', 'world-liberty-financial-portfolio', 'binance-ecosystem', 'binance-listing', 'peaq-ecosystem', 'apertum-ecosystem', 'etherlink-ecosystem', 'duckchain-ecosystem', 'onus-ecosystem', 'sophon-ecosystem', 'zedxion-smart-chain-ecosystem', 'xlayer-ecosystem']",,183755310128.52243,187964839850.83615,True,187878940077.79,,3,,,,2026-02-15T17:37:00.000Z,0.9995430008446513,83812097981.48839,13.4963,-0.01648152,-0.00279577,0.02335493,0.0111916,-0.01443298,0.02585103,183671334107.00287,7.7745,187878940077.79,,2026-02-15T17:37:00.000Z,1027.0,Ethereum,ETH,ethereum,0xdac17f958d2ee523a2206206994597c13d831ec7,2026-02-15 18:39:02.359713
3,52,XRP,XRP,xrp,1798,2013-08-04T00:00:00.000Z,"['medium-of-exchange', 'enterprise-solutions', 'xrp-ecosystem', 'arrington-xrp-capital-portfolio', 'galaxy-digital-portfolio', 'a16z-portfolio', 'pantera-capital-portfolio', 'ftx-bankruptcy-estate', '2017-2018-alt-season', 'klaytn-ecosystem', 'made-in-america', 'us-strategic-crypto-reserve', 'binance-ecosystem', 'binance-listing', 'iso-20022']",100000000000.0,60917315351.0,99985721048.0,False,150862455253.86,,4,,,,2026-02-15T17:37:00.000Z,1.5088399990778132,5685373608.131205,140.4053,-0.48871031,2.35428287,5.34004268,-26.29708137,-19.90722078,-30.88478122,91914482038.0257,3.8906,150883999907.78,,2026-02-15T17:37:00.000Z,,,,,,2026-02-15 18:39:02.359713
4,1839,BNB,BNB,bnb,3134,2017-07-25T00:00:00.000Z,"['marketplace', 'centralized-exchange', 'payments', 'smart-contracts', 'alameda-research-portfolio', 'multicoin-capital-portfolio', 'bnb-chain-ecosystem', 'layer-1', 'alleged-sec-securities', 'celsius-bankruptcy-estate', 'binance-ecosystem', 'binance-listing', 'etherlink-ecosystem', 'made-in-china']",136359281.79,136359281.79,136359281.79,False,84284945187.67,,5,,,,2026-02-15T17:38:00.000Z,618.1093364621232,1445607352.7511177,-4.1819,-0.11808381,-2.29847668,-3.16504018,-33.52203944,-27.07082338,-32.47859496,84284945187.66858,3.5672,84284945187.67,,2026-02-15T17:38:00.000Z,,,,,,2026-02-15 18:39:02.359713
5,3408,USDC,USDC,usd-coin,37476,2018-10-08T00:00:00.000Z,"['medium-of-exchange', 'stablecoin', 'asset-backed-stablecoin', 'stellar-ecosystem', 'coinbase-ventures-portfolio', 'usd-stablecoin', 'xdc-ecosystem', 'fiat-stablecoin', 'tron20-ecosystem', 'venom-ecosystem', 'made-in-america', 'world-liberty-financial-portfolio', 'sonic-ecosystem', 'binance-ecosystem', 'binance-listing', 'hyperevm-ecosystem', 'etherlink-ecosystem', 'unichain-ecosystem', 'vector-smart-chain-ecosystem', 'sophon-ecosystem', 'monad-ecosystem', 'xlayer-ecosystem']",,73574211977.17365,73574211977.17365,False,73576503100.14,,6,60901219650.23,60903116132.4223,,2026-02-15T17:37:00.000Z,1.000031140299048,8223544896.84864,5.999,-0.00583336,0.01761656,0.01578043,0.0433844,0.02196857,0.01696459,73576503100.13684,3.1144,73576503100.14,,2026-02-15T17:37:00.000Z,1027.0,Ethereum,ETH,ethereum,0xa0b86991c6218b36c1d19d4a2e9eb0ce3606eb48,2026-02-15 18:39:02.359713
6,5426,Solana,SOL,solana,1089,2020-04-10T00:00:00.000Z,"['pos', 'platform', 'solana-ecosystem', 'cms-holdings-portfolio', 'kenetic-capital-portfolio', 'alameda-research-portfolio', 'multicoin-capital-portfolio', 'okx-ventures-portfolio', 'layer-1', 'ftx-bankruptcy-estate', 'alleged-sec-securities', 'cmc-crypto-awards-2024', 'made-in-america', 'us-strategic-crypto-reserve', 'binance-ecosystem', 'binance-listing']",,568080078.263232,620527035.5347795,True,54140688407.18,,7,525236893.3,45826668866.41147,,2026-02-15T17:37:00.000Z,87.24952388338153,3799088135.3542314,23.7028,-0.11311203,-0.95319631,0.45061378,-38.76160058,-29.57674643,-34.6841113,49564716356.101105,2.098,54140688407.18,,2026-02-15T17:37:00.000Z,,,,,,2026-02-15 18:39:02.359713
7,1958,TRON,TRX,tron,1299,2017-09-13T00:00:00.000Z,"['media', 'payments', 'tron-ecosystem', 'layer-1', 'dwf-labs-portfolio', 'alleged-sec-securities', '2017-2018-alt-season', 'tron20-ecosystem', 'world-liberty-financial-portfolio', 'binance-ecosystem', 'binance-listing', 'made-in-china']",,94724736534.04799,94724733984.56169,True,26562602094.32,,8,94667886298.43,26546660930.879414,,2026-02-15T17:38:00.000Z,0.2804188618640329,450373355.64174813,-11.9978,0.02047649,-0.96171094,0.53289446,-8.88898287,0.15509675,-4.79795674,26562602809.248116,1.1242,26562602094.32,,2026-02-15T17:38:00.000Z,,,,,,2026-02-15 18:39:02.359713
8,74,Dogecoin,DOGE,dogecoin,1401,2013-12-15T00:00:00.000Z,"['mineable', 'pow', 'scrypt', 'medium-of-exchange', 'memes', 'payments', 'doggone-doggerel', 'doge-chain-ecosystem', 'osmosis-ecosystem', 'ftx-bankruptcy-estate', 'animal-memes', 'made-in-america', 'binance-ecosystem', 'binance-listing']",,168752843126.57907,168752843126.57907,True,17969127467.29,,9,,,,2026-02-15T17:37:00.000Z,0.10648192430045593,2910584015.651907,187.7866,-0.86598953,1.09621572,10.48449209,-21.97416295,-16.49211231,-32.77398012,17969127467.291107,0.7606,17969127467.29,,2026-02-15T17:37:00.000Z,,,,,,2026-02-15 18:39:02.359713
9,1831,Bitcoin Cash,BCH,bitcoin-cash,1137,2017-07-23T00:00:00.000Z,"['mineable', 'pow', 'sha-256', 'marketplace', 'medium-of-exchange', 'store-of-value', 'enterprise-solutions', 'payments', 'layer-1', '2017-2018-alt-season', 'made-in-america', 'binance-ecosystem', 'binance-listing']",21000000.0,19995212.5,19995212.5,False,11115010563.88,,10,,,,2026-02-15T17:37:00.000Z,555.8835928292092,311857440.361891,-40.9461,-0.10725785,-1.54183755,5.49371879,-7.89106569,0.65284643,9.22455798,11115010563.883514,0.4705,11673555449.41,,2026-02-15T17:37:00.000Z,,,,,,2026-02-15 18:39:02.359713
10,2010,Cardano,ADA,cardano,1681,2017-10-01T00:00:00.000Z,"['dpos', 'pos', 'platform', 'research', 'smart-contracts', 'staking', 'cardano-ecosystem', 'cardano', 'layer-1', 'alleged-sec-securities', '2017-2018-alt-season', 'made-in-america', 'us-strategic-crypto-reserve', 'binance-ecosystem', 'binance-listing', 'iso-20022']",45000000000.0,36066145196.64397,44994539820.15453,False,12727496201.69,,11,37997904336.0,10748374914.863043,,2026-02-15T17:38:00.000Z,0.2828675713223429,680637877.284488,62.7198,-0.0605704,-2.83902697,4.62553538,-26.4906867,-24.16873585,-40.63654043,10201942898.733662,0.4318,12729040709.51,,2026-02-15T17:38:00.000Z,,,,,,2026-02-15 18:39:02.359713
11,32196,Hyperliquid,HYPE,hyperliquid,238,2024-07-15T10:14:50.000Z,"['decentralized-exchange-dex-token', 'defi', 'derivatives', 'layer-1', 'hyperliquid-ecosystem', 'binance-ecosystem', 'binance-listing', 'perp-dex-coins']",961671487.86,259276547.46202585,958387405.2626315,False,29676208808.48,,12,333931719.0,10340106064.002625,,2026-02-15T17:37:00.000Z,30.964731637256133,213187122.18367872,4.3493,0.02185921,-1.31311704,-4.00752097,24.05553861,20.36629873,-17.82548247,8028428711.995934,0.3398,29777899544.79,,2026-02-15T17:37:00.000Z,32196.0,Hyperliquid,HYPE,hyperliquid,0x0d01dc56dcaaca66ad901c959b4011ec,2026-02-15 18:39:02.359713
12,3957,UNUS SED LEO,LEO,unus-sed-leo,67,2019-05-21T00:00:00.000Z,"['marketplace', 'centralized-exchange', 'discount-token', 'payments', 'ethereum-ecosystem', 'kenetic-capital-portfolio', 'alameda-research-portfolio']",,921353012.9,985239504.0,False,8320061491.7,,13,,,,2026-02-15T17:38:00.000Z,8.444709593885296,1039546.18358195,81.2784,0.10326456,-2.64579694,2.22991568,-5.18847405,17.75047757,-7.90089198,7780558627.391753,0.3293,8320061491.7,,2026-02-15T17:38:00.000Z,1027.0,Ethereum,ETH,ethereum,0x2af5d2ad76741191d15dfe7bf6ac92d4bd912ca3,2026-02-15 18:39:02.359713
13,29470,Ethena USDe,USDe,ethena-usde,295,2024-02-20T11:05:01.000Z,"['stablecoin', 'asset-backed-stablecoin', 'binance-labs-portfolio', 'dragonfly-capital-portfolio', 'usd-stablecoin', 'eigenlayer-ecosystem', 'binance-ecosystem', 'binance-listing', 'xlayer-ecosystem', 'plasma-ecosystem']",,6304778696.791329,6304778696.791329,True,6297741934.49,,14,,,,2026-02-15T17:37:00.000Z,0.9988839001901056,55773144.52820546,-28.4955,-0.00645562,-0.01210347,0.01566003,-0.08544765,-0.00956124,0.01229364,6297741934.486415,0.2666,6297741934.49,,2026-02-15T17:37:00.000Z,1027.0,Ethereum,ETH,ethereum,0x4c9edd5852cd905f086c759e8383e09bff1e68b3,2026-02-15 18:39:02.359713
14,1975,Chainlink,LINK,chainlink,2212,2017-09-20T00:00:00.000Z,"['platform', 'cosmos-ecosystem', 'defi', 'privacy', 'interoperability', 'iot', 'oracles', 'smart-contracts', 'ethereum-ecosystem', 'tron-ecosystem', 'polkadot', 'tokenized-stock', 'polkadot-ecosystem', 'heco-ecosystem', 'avalanche-ecosystem', 'solana-ecosystem', 'framework-ventures-portfolio', 'hedera-hashgraph-ecosystem', 'polygon-ecosystem', 'fantom-ecosystem', 'cardano-ecosystem', 'terra-ecosystem', 'web3', 'near-protocol-ecosystem', 'arbitrum-ecosystem', 'celo-ecosystem', 'defi-2', 'cross-chain', 'cronos-ecosystem', 'cardano', 'injective-ecosystem', 'bnb-chain-ecosystem', 'oasis-ecosystem', 'moonbeam-ecosystem', 'xdc-ecosystem', 'metisdao-ecosystem', 'velas-ecosystem', 'doge-chain-ecosystem', 'aptos-ecosystem', 'sui-ecosystem', 'optimism-ecosystem', 'bitcoin-ecosystem', 'real-world-assets-protocols', 'zksync-era-ecosystem', 'kadena-ecosystem', 'base-ecosystem', 'linea-ecosystem', 'sei-ecosystem', 'toncoin-ecosystem', 'paal-ecosystem', 'blast-ecosystem', 'atomicals-ecosystem', 'move-vm', 'eigenlayer-ecosystem', 'hyperliquid-ecosystem', 'gnosis-chain-ecosystem', 'ronin-ecosystem', 'astar-ecosystem', 'core-ecosystem', 'starknet-ecosystem', 'mantle-ecosystem', 'opbnb-ecosystem', 'scroll-ecosystem', 'merlin-ecosystem', 'b²-network-ecosystem', 'mode-ecosystem', 'world-chain-mainnet-ecosystem', 'made-in-america', 'btcfi', 'world-liberty-financial-portfolio', 'corn-ecosystem', 'bonk-fun-ecosystem', 'sonic-ecosystem', 'binance-ecosystem', 'binance-listing', 'bittensor-ecosystem', 'tokenized-assets', 'xstocks-ecosystem', 'hyperevm-ecosystem', 'etherlink-ecosystem', 'bera-chain-ecosystem', 'abstract-chain-ecosystem', 'unichain-ecosystem', 'soneium-ecosystem', 'fraxtal-ecosystem', 'monad-ecosystem', 'hashkey-chain-ecosystem', 'wlfi-ecosystem', 'plasma-ecosystem', 'x402-ecosystem', 'iso-20022']",1000000000.0,708099970.4525867,1000000000.0,False,8829132119.11,,15,,,,2026-02-15T17:38:00.000Z,8.829132119105367,633934467.1671084,8.8708,-0.09208518,-2.92569368,0.14918154,-34.98529244,-28.78882982,-34.78140165,6251908192.660494,0.2646,8829132119.11,,2026-02-15T17:38:00.000Z,1027.0,Ethereum,ETH,ethereum,0x514910771af9ca656af840dff83e8264ecf986ca,2026-02-15 18:39:02.359713
0,1,Bitcoin,BTC,bitcoin,12561,2010-07-13T00:00:00.000Z,"['mineable', 'pow', 'sha-256', 'store-of-value', 'state-channel', 'coinbase-ventures-portfolio', 'three-arrows-capital-portfolio', 'polychain-capital-portfolio', 'binance-labs-portfolio', 'blockchain-capital-portfolio', 'boostvc-portfolio', 'cms-holdings-portfolio', 'dcg-portfolio', 'dragonfly-capital-portfolio', 'electric-capital-portfolio', 'fabric-ventures-portfolio', 'framework-ventures-portfolio', 'galaxy-digital-portfolio', 'huobi-capital-portfolio', 'alameda-research-portfolio', 'a16z-portfolio', '1confirmation-portfolio', 'winklevoss-capital-portfolio', 'usv-portfolio', 'placeholder-ventures-portfolio', 'pantera-capital-portfolio', 'multicoin-capital-portfolio', 'paradigm-portfolio', 'bitcoin-ecosystem', 'layer-1', 'ftx-bankruptcy-estate', '2017-2018-alt-season', 'us-strategic-crypto-reserve', 'binance-ecosystem', 'binance-listing']",21000000.0,19989887.0,19989887.0,False,1379107592184.3,,1,,,,2026-02-15T17:38:00.000Z,68990.26453647783,35233278118.92057,-5.149,0.07591148,-0.97345824,-2.38453351,-27.19020168,-20.4563453,-26.0271551,1379107592184.299,58.3677,1448795555266.03,,2026-02-15T17:38:00.000Z,,,,,,2026-02-15 18:40:02.829621
1,1027,Ethereum,ETH,ethereum,11567,2015-08-07T00:00:00.000Z,"['pos', 'smart-contracts', 'ethereum-ecosystem', 'coinbase-ventures-portfolio', 'three-arrows-capital-portfolio', 'polychain-capital-portfolio', 'binance-labs-portfolio', 'blockchain-capital-portfolio', 'boostvc-portfolio', 'cms-holdings-portfolio', 'dcg-portfolio', 'dragonfly-capital-portfolio', 'electric-capital-portfolio', 'fabric-ventures-portfolio', 'framework-ventures-portfolio', 'hashkey-capital-portfolio', 'kenetic-capital-portfolio', 'huobi-capital-portfolio', 'alameda-research-portfolio', 'a16z-portfolio', '1confirmation-portfolio', 'winklevoss-capital-portfolio', 'usv-portfolio', 'placeholder-ventures-portfolio', 'pantera-capital-portfolio', 'multicoin-capital-portfolio', 'paradigm-portfolio', 'layer-1', 'ftx-bankruptcy-estate', 'sora-ecosystem', 'rsk-rbtc-ecosystem', 'world-liberty-financial-portfolio', 'us-strategic-crypto-reserve', 'binance-ecosystem', 'binance-listing', 'abstract-chain-ecosystem', 'unichain-ecosystem', 'soneium-ecosystem', 'sophon-ecosystem']",,120692457.89999667,120692457.89999667,True,241165775719.11,,2,,,,2026-02-15T17:38:00.000Z,1998.184310066333,25295811311.9757,48.4505,-0.23740608,-3.87153353,-4.39147116,-39.03260256,-30.18593557,-35.4367562,241165775719.11478,10.2068,241165775719.11,,2026-02-15T17:38:00.000Z,,,,,,2026-02-15 18:40:02.829621
2,825,Tether USDt,USDT,tether,171236,2015-02-25T00:00:00.000Z,"['stablecoin', 'asset-backed-stablecoin', 'usd-stablecoin', 'fiat-stablecoin', 'tron20-ecosystem', 'rsk-rbtc-ecosystem', 'venom-ecosystem', 'world-liberty-financial-portfolio', 'binance-ecosystem', 'binance-listing', 'peaq-ecosystem', 'apertum-ecosystem', 'etherlink-ecosystem', 'duckchain-ecosystem', 'onus-ecosystem', 'sophon-ecosystem', 'zedxion-smart-chain-ecosystem', 'xlayer-ecosystem']",,183755310128.52243,187964839850.83615,True,187876117198.01,,3,,,,2026-02-15T17:38:00.000Z,0.9995279827179656,83753730393.6292,13.4138,-0.02661204,-0.04347795,0.01744129,0.00728512,-0.02109346,0.03132522,183668574446.47617,7.7734,187876117198.01,,2026-02-15T17:38:00.000Z,1027.0,Ethereum,ETH,ethereum,0xdac17f958d2ee523a2206206994597c13d831ec7,2026-02-15 18:40:02.829621
3,52,XRP,XRP,xrp,1798,2013-08-04T00:00:00.000Z,"['medium-of-exchange', 'enterprise-solutions', 'xrp-ecosystem', 'arrington-xrp-capital-portfolio', 'galaxy-digital-portfolio', 'a16z-portfolio', 'pantera-capital-portfolio', 'ftx-bankruptcy-estate', '2017-2018-alt-season', 'klaytn-ecosystem', 'made-in-america', 'us-strategic-crypto-reserve', 'binance-ecosystem', 'binance-listing', 'iso-20022']",100000000000.0,60917315351.0,99985721048.0,False,150873644570.22,,4,,,,2026-02-15T17:39:00.000Z,1.5089519082208516,5686320520.2667265,140.4305,-0.45013546,2.38091882,5.32768458,-26.26371716,-19.87150472,-30.79745901,91921299242.58282,3.8904,150895190822.09,,2026-02-15T17:39:00.000Z,,,,,,2026-02-15 18:40:02.829621
4,1839,BNB,BNB,bnb,3134,2017-07-25T00:00:00.000Z,"['marketplace', 'centralized-exchange', 'payments', 'smart-contracts', 'alameda-research-portfolio', 'multicoin-capital-portfolio', 'bnb-chain-ecosystem', 'layer-1', 'alleged-sec-securities', 'celsius-bankruptcy-estate', 'binance-ecosystem', 'binance-listing', 'etherlink-ecosystem', 'made-in-china']",136359281.79,136359281.79,136359281.79,False,84284945187.67,,5,,,,2026-02-15T17:38:00.000Z,618.1093364621232,1445607352.7511177,-4.1819,-0.11808381,-2.29847668,-3.16504018,-33.52203944,-27.07082338,-32.47859496,84284945187.66858,3.5672,84284945187.67,,2026-02-15T17:38:00.000Z,,,,,,2026-02-15 18:40:02.829621
5,3408,USDC,USDC,usd-coin,37476,2018-10-08T00:00:00.000Z,"['medium-of-exchange', 'stablecoin', 'asset-backed-stablecoin', 'stellar-ecosystem', 'coinbase-ventures-portfolio', 'usd-stablecoin', 'xdc-ecosystem', 'fiat-stablecoin', 'tron20-ecosystem', 'venom-ecosystem', 'made-in-america', 'world-liberty-financial-portfolio', 'sonic-ecosystem', 'binance-ecosystem', 'binance-listing', 'hyperevm-ecosystem', 'etherlink-ecosystem', 'unichain-ecosystem', 'vector-smart-chain-ecosystem', 'sophon-ecosystem', 'monad-ecosystem', 'xlayer-ecosystem']",,73574211977.17365,73574211977.17365,False,73572042199.08,,6,60901219650.23,60899423611.52552,,2026-02-15T17:38:00.000Z,0.9999705089862765,8211087559.448595,5.8134,0.00028118,-0.02461137,0.00089327,0.03030893,0.02098674,0.02290283,73572042199.07854,3.1138,73572042199.08,,2026-02-15T17:38:00.000Z,1027.0,Ethereum,ETH,ethereum,0xa0b86991c6218b36c1d19d4a2e9eb0ce3606eb48,2026-02-15 18:40:02.829621
6,5426,Solana,SOL,solana,1089,2020-04-10T00:00:00.000Z,"['pos', 'platform', 'solana-ecosystem', 'cms-holdings-portfolio', 'kenetic-capital-portfolio', 'alameda-research-portfolio', 'multicoin-capital-portfolio', 'okx-ventures-portfolio', 'layer-1', 'ftx-bankruptcy-estate', 'alleged-sec-securities', 'cmc-crypto-awards-2024', 'made-in-america', 'us-strategic-crypto-reserve', 'binance-ecosystem', 'binance-listing']",,568080078.263232,620527035.5347795,True,54141265740.7,,7,525236893.3,45827157542.725266,,2026-02-15T17:38:00.000Z,87.25045427559128,3799354806.055415,23.6926,-0.08106632,-0.94104284,0.44261342,-38.75445751,-29.5712838,-34.65270896,49565244893.38044,2.0977,54141265740.7,,2026-02-15T17:38:00.000Z,,,,,,2026-02-15 18:40:02.829621
7,1958,TRON,TRX,tron,1299,2017-09-13T00:00:00.000Z,"['media', 'payments', 'tron-ecosystem', 'layer-1', 'dwf-labs-portfolio', 'alleged-sec-securities', '2017-2018-alt-season', 'tron20-ecosystem', 'world-liberty-financial-portfolio', 'binance-ecosystem', 'binance-listing', 'made-in-china']",,94724736534.04799,94724733984.56169,True,26562554578.93,,8,94667886298.43,26546613443.996872,,2026-02-15T17:39:00.000Z,0.28041836024849676,450418058.1443556,-11.9763,0.0166858,-0.96110261,0.52089695,-8.87451592,0.14356319,-4.74744668,26562555293.84861,1.1242,26562554578.93,,2026-02-15T17:39:00.000Z,,,,,,2026-02-15 18:40:02.829621
8,74,Dogecoin,DOGE,dogecoin,1401,2013-12-15T00:00:00.000Z,"['mineable', 'pow', 'scrypt', 'medium-of-exchange', 'memes', 'payments', 'doggone-doggerel', 'doge-chain-ecosystem', 'osmosis-ecosystem', 'ftx-bankruptcy-estate', 'animal-memes', 'made-in-america', 'binance-ecosystem', 'binance-listing']",,168752843126.57907,168752843126.57907,True,17968954240.4,,9,,,,2026-02-15T17:38:00.000Z,0.10648089778801997,2910670500.0090404,187.6658,-0.8635853,1.12445911,10.48395763,-21.97256053,-16.48724894,-32.76824916,17968954240.399036,0.7605,17968954240.4,,2026-02-15T17:38:00.000Z,,,,,,2026-02-15 18:40:02.829621
9,1831,Bitcoin Cash,BCH,bitcoin-cash,1137,2017-07-23T00:00:00.000Z,"['mineable', 'pow', 'sha-256', 'marketplace', 'medium-of-exchange', 'store-of-value', 'enterprise-solutions', 'payments', 'layer-1', '2017-2018-alt-season', 'made-in-america', 'binance-ecosystem', 'binance-listing']",21000000.0,19995212.5,19995212.5,False,11114922797.39,,10,,,,2026-02-15T17:38:00.000Z,555.8792034538429,311896680.6774358,-40.9452,-0.10688331,-1.53400086,5.4978498,-7.83721572,0.63655251,9.24821392,11114922797.390324,0.4704,11673463272.53,,2026-02-15T17:38:00.000Z,,,,,,2026-02-15 18:40:02.829621
10,2010,Cardano,ADA,cardano,1681,2017-10-01T00:00:00.000Z,"['dpos', 'pos', 'platform', 'research', 'smart-contracts', 'staking', 'cardano-ecosystem', 'cardano', 'layer-1', 'alleged-sec-securities', '2017-2018-alt-season', 'made-in-america', 'us-strategic-crypto-reserve', 'binance-ecosystem', 'binance-listing', 'iso-20022']",45000000000.0,36066145196.64397,44994539820.15453,False,12727597377.39,,11,37997904336.0,10748460357.77212,,2026-02-15T17:39:00.000Z,0.28286981994395954,680559188.3153775,62.7245,-0.0373912,-2.79412787,4.59549539,-26.47414156,-24.16274768,-40.53464016,10202023997.84738,0.4318,12729141897.48,,2026-02-15T17:39:00.000Z,,,,,,2026-02-15 18:40:02.829621
11,32196,Hyperliquid,HYPE,hyperliquid,238,2024-07-15T10:14:50.000Z,"['decentralized-exchange-dex-token', 'defi', 'derivatives', 'layer-1', 'hyperliquid-ecosystem', 'binance-ecosystem', 'binance-listing', 'perp-dex-coins']",961671487.86,259276547.46202585,958387405.2626315,False,29676236980.36,,12,333931719.0,10340115879.95276,,2026-02-15T17:39:00.000Z,30.964761032337755,212928432.50596532,4.2247,0.01934242,-1.30778743,-4.08399311,24.03406313,20.53832605,-17.65629764,8028436333.451208,0.3398,29777927813.2,,2026-02-15T17:39:00.000Z,32196.0,Hyperliquid,HYPE,hyperliquid,0x0d01dc56dcaaca66ad901c959b4011ec,2026-02-15 18:40:02.829621
12,3957,UNUS SED LEO,LEO,unus-sed-leo,67,2019-05-21T00:00:00.000Z,"['marketplace', 'centralized-exchange', 'discount-token', 'payments', 'ethereum-ecosystem', 'kenetic-capital-portfolio', 'alameda-research-portfolio']",,921353012.9,985239504.0,False,8319929959.59,,13,,,,2026-02-15T17:39:00.000Z,8.444576091201318,1039562.48484623,81.3059,0.09811239,-2.64486234,2.24304498,-5.19766206,17.63714702,-7.93287031,7780435624.291639,0.3293,8319929959.59,,2026-02-15T17:39:00.000Z,1027.0,Ethereum,ETH,ethereum,0x2af5d2ad76741191d15dfe7bf6ac92d4bd912ca3,2026-02-15 18:40:02.829621
13,29470,Ethena USDe,USDe,ethena-usde,295,2024-02-20T11:05:01.000Z,"['stablecoin', 'asset-backed-stablecoin', 'binance-labs-portfolio', 'dragonfly-capital-portfolio', 'usd-stablecoin', 'eigenlayer-ecosystem', 'binance-ecosystem', 'binance-listing', 'xlayer-ecosystem', 'plasma-ecosystem']",,6304778696.791329,6304778696.791329,True,6297644831.05,,14,,,,2026-02-15T17:38:00.000Z,0.9988684986285816,55764608.61561976,-28.5898,-0.00130937,-0.01377673,0.01750605,-0.08848026,-0.01004545,0.02632651,6297644831.04942,0.2665,6297644831.05,,2026-02-15T17:38:00.000Z,1027.0,Ethereum,ETH,ethereum,0x4c9edd5852cd905f086c759e8383e09bff1e68b3,2026-02-15 18:40:02.829621
14,1975,Chainlink,LINK,chainlink,2212,2017-09-20T00:00:00.000Z,"['platform', 'cosmos-ecosystem', 'defi', 'privacy', 'interoperability', 'iot', 'oracles', 'smart-contracts', 'ethereum-ecosystem', 'tron-ecosystem', 'polkadot', 'tokenized-stock', 'polkadot-ecosystem', 'heco-ecosystem', 'avalanche-ecosystem', 'solana-ecosystem', 'framework-ventures-portfolio', 'hedera-hashgraph-ecosystem', 'polygon-ecosystem', 'fantom-ecosystem', 'cardano-ecosystem', 'terra-ecosystem', 'web3', 'near-protocol-ecosystem', 'arbitrum-ecosystem', 'celo-ecosystem', 'defi-2', 'cross-chain', 'cronos-ecosystem', 'cardano', 'injective-ecosystem', 'bnb-chain-ecosystem', 'oasis-ecosystem', 'moonbeam-ecosystem', 'xdc-ecosystem', 'metisdao-ecosystem', 'velas-ecosystem', 'doge-chain-ecosystem', 'aptos-ecosystem', 'sui-ecosystem', 'optimism-ecosystem', 'bitcoin-ecosystem', 'real-world-assets-protocols', 'zksync-era-ecosystem', 'kadena-ecosystem', 'base-ecosystem', 'linea-ecosystem', 'sei-ecosystem', 'toncoin-ecosystem', 'paal-ecosystem', 'blast-ecosystem', 'atomicals-ecosystem', 'move-vm', 'eigenlayer-ecosystem', 'hyperliquid-ecosystem', 'gnosis-chain-ecosystem', 'ronin-ecosystem', 'astar-ecosystem', 'core-ecosystem', 'starknet-ecosystem', 'mantle-ecosystem', 'opbnb-ecosystem', 'scroll-ecosystem', 'merlin-ecosystem', 'b²-network-ecosystem', 'mode-ecosystem', 'world-chain-mainnet-ecosystem', 'made-in-america', 'btcfi', 'world-liberty-financial-portfolio', 'corn-ecosystem', 'bonk-fun-ecosystem', 'sonic-ecosystem', 'binance-ecosystem', 'binance-listing', 'bittensor-ecosystem', 'tokenized-assets', 'xstocks-ecosystem', 'hyperevm-ecosystem', 'etherlink-ecosystem', 'bera-chain-ecosystem', 'abstract-chain-ecosystem', 'unichain-ecosystem', 'soneium-ecosystem', 'fraxtal-ecosystem', 'monad-ecosystem', 'hashkey-chain-ecosystem', 'wlfi-ecosystem', 'plasma-ecosystem', 'x402-ecosystem', 'iso-20022']",1000000000.0,708099970.4525867,1000000000.0,False,8829132119.11,,15,,,,2026-02-15T17:38:00.000Z,8.829132119105367,633934467.1671084,8.8708,-0.09208518,-2.92569368,0.14918154,-34.98529244,-28.78882982,-34.78140165,6251908192.660494,0.2646,8829132119.11,,2026-02-15T17:38:00.000Z,1027.0,Ethereum,ETH,ethereum,0x514910771af9ca656af840dff83e8264ecf986ca,2026-02-15 18:40:02.829621
0,1,Bitcoin,BTC,bitcoin,12561,2010-07-13T00:00:00.000Z,"['mineable', 'pow', 'sha-256', 'store-of-value', 'state-channel', 'coinbase-ventures-portfolio', 'three-arrows-capital-portfolio', 'polychain-capital-portfolio', 'binance-labs-portfolio', 'blockchain-capital-portfolio', 'boostvc-portfolio', 'cms-holdings-portfolio', 'dcg-portfolio', 'dragonfly-capital-portfolio', 'electric-capital-portfolio', 'fabric-ventures-portfolio', 'framework-ventures-portfolio', 'galaxy-digital-portfolio', 'huobi-capital-portfolio', 'alameda-research-portfolio', 'a16z-portfolio', '1confirmation-portfolio', 'winklevoss-capital-portfolio', 'usv-portfolio', 'placeholder-ventures-portfolio', 'pantera-capital-portfolio', 'multicoin-capital-portfolio', 'paradigm-portfolio', 'bitcoin-ecosystem', 'layer-1', 'ftx-bankruptcy-estate', '2017-2018-alt-season', 'us-strategic-crypto-reserve', 'binance-ecosystem', 'binance-listing']",21000000.0,19989887.0,19989887.0,False,1379115896998.63,,1,,,,2026-02-15T17:39:00.000Z,68990.67998726697,35228133410.322525,-5.1294,0.09545865,-1.0027501,-2.39896286,-27.20947609,-20.36152082,-25.95792825,1379115896998.6282,58.3681,1448804279732.61,,2026-02-15T17:39:00.000Z,,,,,,2026-02-15 18:41:03.432962
1,1027,Ethereum,ETH,ethereum,11567,2015-08-07T00:00:00.000Z,"['pos', 'smart-contracts', 'ethereum-ecosystem', 'coinbase-ventures-portfolio', 'three-arrows-capital-portfolio', 'polychain-capital-portfolio', 'binance-labs-portfolio', 'blockchain-capital-portfolio', 'boostvc-portfolio', 'cms-holdings-portfolio', 'dcg-portfolio', 'dragonfly-capital-portfolio', 'electric-capital-portfolio', 'fabric-ventures-portfolio', 'framework-ventures-portfolio', 'hashkey-capital-portfolio', 'kenetic-capital-portfolio', 'huobi-capital-portfolio', 'alameda-research-portfolio', 'a16z-portfolio', '1confirmation-portfolio', 'winklevoss-capital-portfolio', 'usv-portfolio', 'placeholder-ventures-portfolio', 'pantera-capital-portfolio', 'multicoin-capital-portfolio', 'paradigm-portfolio', 'layer-1', 'ftx-bankruptcy-estate', 'sora-ecosystem', 'rsk-rbtc-ecosystem', 'world-liberty-financial-portfolio', 'us-strategic-crypto-reserve', 'binance-ecosystem', 'binance-listing', 'abstract-chain-ecosystem', 'unichain-ecosystem', 'soneium-ecosystem', 'sophon-ecosystem']",,120692457.89999667,120692457.89999667,True,241167222286.74,,2,,,,2026-02-15T17:39:00.000Z,1998.1962956340215,25296608704.705444,48.4547,-0.22853943,-3.93496386,-4.45810959,-39.04909691,-30.04290841,-35.3885233,241167222286.73843,10.2069,241167222286.74,,2026-02-15T17:39:00.000Z,,,,,,2026-02-15 18:41:03.432962
2,825,Tether USDt,USDT,tether,171236,2015-02-25T00:00:00.000Z,"['stablecoin', 'asset-backed-stablecoin', 'usd-stablecoin', 'fiat-stablecoin', 'tron20-ecosystem', 'rsk-rbtc-ecosystem', 'venom-ecosystem', 'world-liberty-financial-portfolio', 'binance-ecosystem', 'binance-listing', 'peaq-ecosystem', 'apertum-ecosystem', 'etherlink-ecosystem', 'duckchain-ecosystem', 'onus-ecosystem', 'sophon-ecosystem', 'zedxion-smart-chain-ecosystem', 'xlayer-ecosystem']",,183755310128.52243,187964839850.83615,True,187875679489.78,,3,,,,2026-02-15T17:39:00.000Z,0.9995256540471517,83745349150.96878,13.4166,-0.00387874,-0.00237647,0.01483418,0.00780867,-0.00676484,0.02190984,183668146540.84857,7.7734,187875679489.78,,2026-02-15T17:39:00.000Z,1027.0,Ethereum,ETH,ethereum,0xdac17f958d2ee523a2206206994597c13d831ec7,2026-02-15 18:41:03.432962
3,52,XRP,XRP,xrp,1798,2013-08-04T00:00:00.000Z,"['medium-of-exchange', 'enterprise-solutions', 'xrp-ecosystem', 'arrington-xrp-capital-portfolio', 'galaxy-digital-portfolio', 'a16z-portfolio', 'pantera-capital-portfolio', 'ftx-bankruptcy-estate', '2017-2018-alt-season', 'klaytn-ecosystem', 'made-in-america', 'us-strategic-crypto-reserve', 'binance-ecosystem', 'binance-listing', 'iso-20022']",100000000000.0,60917315351.0,99985721048.0,False,150873644570.22,,4,,,,2026-02-15T17:39:00.000Z,1.5089519082208516,5686320520.2667265,140.4305,-0.45013546,2.38091882,5.32768458,-26.26371716,-19.87150472,-30.79745901,91921299242.58282,3.8904,150895190822.09,,2026-02-15T17:39:00.000Z,,,,,,2026-02-15 18:41:03.432962
4,1839,BNB,BNB,bnb,3134,2017-07-25T00:00:00.000Z,"['marketplace', 'centralized-exchange', 'payments', 'smart-contracts', 'alameda-research-portfolio', 'multicoin-capital-portfolio', 'bnb-chain-ecosystem', 'layer-1', 'alleged-sec-securities', 'celsius-bankruptcy-estate', 'binance-ecosystem', 'binance-listing', 'etherlink-ecosystem', 'made-in-china']",136359281.79,136359281.79,136359281.79,False,84315091534.23,,5,,,,2026-02-15T17:40:00.000Z,618.3304167301432,1445121040.9394746,-4.0933,-0.04359636,-2.19865833,-3.15174986,-33.49021141,-26.96229371,-32.37027941,84315091534.23372,3.5685,84315091534.23,,2026-02-15T17:40:00.000Z,,,,,,2026-02-15 18:41:03.432962
5,3408,USDC,USDC,usd-coin,37476,2018-10-08T00:00:00.000Z,"['medium-of-exchange', 'stablecoin', 'asset-backed-stablecoin', 'stellar-ecosystem', 'coinbase-ventures-portfolio', 'usd-stablecoin', 'xdc-ecosystem', 'fiat-stablecoin', 'tron20-ecosystem', 'venom-ecosystem', 'made-in-america', 'world-liberty-financial-portfolio', 'sonic-ecosystem', 'binance-ecosystem', 'binance-listing', 'hyperevm-ecosystem', 'etherlink-ecosystem', 'unichain-ecosystem', 'vector-smart-chain-ecosystem', 'sophon-ecosystem', 'monad-ecosystem', 'xlayer-ecosystem']",,73574211977.17365,73574211977.17365,False,73573168780.64,,6,60901219650.23,60900356141.94833,,2026-02-15T17:39:00.000Z,0.9999858211660353,8213325204.254812,5.8573,0.01053906,0.00729176,-7.409e-05,0.03635272,0.05875301,0.00749639,73573168780.63794,3.1138,73573168780.64,,2026-02-15T17:39:00.000Z,1027.0,Ethereum,ETH,ethereum,0xa0b86991c6218b36c1d19d4a2e9eb0ce3606eb48,2026-02-15 18:41:03.432962
6,5426,Solana,SOL,solana,1089,2020-04-10T00:00:00.000Z,"['pos', 'platform', 'solana-ecosystem', 'cms-holdings-portfolio', 'kenetic-capital-portfolio', 'alameda-research-portfolio', 'multicoin-capital-portfolio', 'okx-ventures-portfolio', 'layer-1', 'ftx-bankruptcy-estate', 'alleged-sec-securities', 'cmc-crypto-awards-2024', 'made-in-america', 'us-strategic-crypto-reserve', 'binance-ecosystem', 'binance-listing']",,568080078.263232,620527035.5347795,True,54147361834.48,,7,525236893.3,45832317500.59272,,2026-02-15T17:39:00.000Z,87.2602783339034,3799080841.2947454,23.7136,-0.07329336,-0.91734038,0.3757391,-38.74127162,-29.49484381,-34.48271894,49570825745.19525,2.098,54147361834.48,,2026-02-15T17:39:00.000Z,,,,,,2026-02-15 18:41:03.432962
7,1958,TRON,TRX,tron,1299,2017-09-13T00:00:00.000Z,"['media', 'payments', 'tron-ecosystem', 'layer-1', 'dwf-labs-portfolio', 'alleged-sec-securities', '2017-2018-alt-season', 'tron20-ecosystem', 'world-liberty-financial-portfolio', 'binance-ecosystem', 'binance-listing', 'made-in-china']",,94724736534.04799,94724733984.56169,True,26560518221.82,,8,94667886298.43,26544578308.98448,,2026-02-15T17:40:00.000Z,0.2803968626203996,450574896.7863925,-11.891,0.01380539,-0.97487132,0.51446664,-8.87772038,0.14370861,-4.74439857,26560518936.690998,1.1241,26560518221.82,,2026-02-15T17:40:00.000Z,,,,,,2026-02-15 18:41:03.432962
8,74,Dogecoin,DOGE,dogecoin,1401,2013-12-15T00:00:00.000Z,"['mineable', 'pow', 'scrypt', 'medium-of-exchange', 'memes', 'payments', 'doggone-doggerel', 'doge-chain-ecosystem', 'osmosis-ecosystem', 'ftx-bankruptcy-estate', 'animal-memes', 'made-in-america', 'binance-ecosystem', 'binance-listing']",,168752843126.57907,168752843126.57907,True,17973291292.48,,9,,,,2026-02-15T17:39:00.000Z,0.10650659840437149,2910606947.299703,187.5384,-0.84359726,1.15629047,10.48028491,-21.9577895,-16.43833784,-32.63991591,17973291292.47846,0.7607,17973291292.48,,2026-02-15T17:39:00.000Z,,,,,,2026-02-15 18:41:03.432962
9,1831,Bitcoin Cash,BCH,bitcoin-cash,1137,2017-07-23T00:00:00.000Z,"['mineable', 'pow', 'sha-256', 'marketplace', 'medium-of-exchange', 'store-of-value', 'enterprise-solutions', 'payments', 'layer-1', '2017-2018-alt-season', 'made-in-america', 'binance-ecosystem', 'binance-listing']",21000000.0,19995212.5,19995212.5,False,11116438484.14,,10,,,,2026-02-15T17:39:00.000Z,555.9550059363829,311890323.2316042,-40.947,-0.09583802,-1.51320295,5.48900482,-7.64706832,0.45970626,9.41394722,11116438484.136738,0.4705,11675055124.66,,2026-02-15T17:39:00.000Z,,,,,,2026-02-15 18:41:03.432962
10,2010,Cardano,ADA,cardano,1681,2017-10-01T00:00:00.000Z,"['dpos', 'pos', 'platform', 'research', 'smart-contracts', 'staking', 'cardano-ecosystem', 'cardano', 'layer-1', 'alleged-sec-securities', '2017-2018-alt-season', 'made-in-america', 'us-strategic-crypto-reserve', 'binance-ecosystem', 'binance-listing', 'iso-20022']",45000000000.0,36066145196.64397,44994539820.15453,False,12737048257.36,,11,37997904336.0,10756441629.151453,,2026-02-15T17:40:00.000Z,0.28307986498509546,680404121.5890329,62.7585,0.12370918,-2.57548442,4.67750751,-26.421,-24.08048684,-40.46878493,10209599512.798824,0.4321,12738593924.33,,2026-02-15T17:40:00.000Z,,,,,,2026-02-15 18:41:03.432962
11,32196,Hyperliquid,HYPE,hyperliquid,238,2024-07-15T10:14:50.000Z,"['decentralized-exchange-dex-token', 'defi', 'derivatives', 'layer-1', 'hyperliquid-ecosystem', 'binance-ecosystem', 'binance-listing', 'perp-dex-coins']",961671487.86,259276547.46202585,958387405.2626315,False,29676236980.36,,12,333931719.0,10340115879.95276,,2026-02-15T17:39:00.000Z,30.964761032337755,212928432.50596532,4.2247,0.01934242,-1.30778743,-4.08399311,24.03406313,20.53832605,-17.65629764,8028436333.451208,0.3398,29777927813.2,,2026-02-15T17:39:00.000Z,32196.0,Hyperliquid,HYPE,hyperliquid,0x0d01dc56dcaaca66ad901c959b4011ec,2026-02-15 18:41:03.432962
12,3957,UNUS SED LEO,LEO,unus-sed-leo,67,2019-05-21T00:00:00.000Z,"['marketplace', 'centralized-exchange', 'discount-token', 'payments', 'ethereum-ecosystem', 'kenetic-capital-portfolio', 'alameda-research-portfolio']",,921353012.9,985239504.0,False,8319930412.96,,13,,,,2026-02-15T17:40:00.000Z,8.444576551369384,1039336.64528829,81.6068,0.11280589,-2.64122725,2.28014432,-5.19768715,17.70568588,-7.93883421,7780436048.268873,0.3293,8319930412.96,,2026-02-15T17:40:00.000Z,1027.0,Ethereum,ETH,ethereum,0x2af5d2ad76741191d15dfe7bf6ac92d4bd912ca3,2026-02-15 18:41:03.432962
13,29470,Ethena USDe,USDe,ethena-usde,295,2024-02-20T11:05:01.000Z,"['stablecoin', 'asset-backed-stablecoin', 'binance-labs-portfolio', 'dragonfly-capital-portfolio', 'usd-stablecoin', 'eigenlayer-ecosystem', 'binance-ecosystem', 'binance-listing', 'xlayer-ecosystem', 'plasma-ecosystem']",,6304778696.791329,6304778696.791329,True,6297617943.32,,14,,,,2026-02-15T17:39:00.000Z,0.9988642339703532,55687259.4474659,-28.6833,-0.00429396,-0.00970283,0.01965483,-0.08155808,-0.02409756,0.02864067,6297617943.323072,0.2665,6297617943.32,,2026-02-15T17:39:00.000Z,1027.0,Ethereum,ETH,ethereum,0x4c9edd5852cd905f086c759e8383e09bff1e68b3,2026-02-15 18:41:03.432962
14,1975,Chainlink,LINK,chainlink,2212,2017-09-20T00:00:00.000Z,"['platform', 'cosmos-ecosystem', 'defi', 'privacy', 'interoperability', 'iot', 'oracles', 'smart-contracts', 'ethereum-ecosystem', 'tron-ecosystem', 'polkadot', 'tokenized-stock', 'polkadot-ecosystem', 'heco-ecosystem', 'avalanche-ecosystem', 'solana-ecosystem', 'framework-ventures-portfolio', 'hedera-hashgraph-ecosystem', 'polygon-ecosystem', 'fantom-ecosystem', 'cardano-ecosystem', 'terra-ecosystem', 'web3', 'near-protocol-ecosystem', 'arbitrum-ecosystem', 'celo-ecosystem', 'defi-2', 'cross-chain', 'cronos-ecosystem', 'cardano', 'injective-ecosystem', 'bnb-chain-ecosystem', 'oasis-ecosystem', 'moonbeam-ecosystem', 'xdc-ecosystem', 'metisdao-ecosystem', 'velas-ecosystem', 'doge-chain-ecosystem', 'aptos-ecosystem', 'sui-ecosystem', 'optimism-ecosystem', 'bitcoin-ecosystem', 'real-world-assets-protocols', 'zksync-era-ecosystem', 'kadena-ecosystem', 'base-ecosystem', 'linea-ecosystem', 'sei-ecosystem', 'toncoin-ecosystem', 'paal-ecosystem', 'blast-ecosystem', 'atomicals-ecosystem', 'move-vm', 'eigenlayer-ecosystem', 'hyperliquid-ecosystem', 'gnosis-chain-ecosystem', 'ronin-ecosystem', 'astar-ecosystem', 'core-ecosystem', 'starknet-ecosystem', 'mantle-ecosystem', 'opbnb-ecosystem', 'scroll-ecosystem', 'merlin-ecosystem', 'b²-network-ecosystem', 'mode-ecosystem', 'world-chain-mainnet-ecosystem', 'made-in-america', 'btcfi', 'world-liberty-financial-portfolio', 'corn-ecosystem', 'bonk-fun-ecosystem', 'sonic-ecosystem', 'binance-ecosystem', 'binance-listing', 'bittensor-ecosystem', 'tokenized-assets', 'xstocks-ecosystem', 'hyperevm-ecosystem', 'etherlink-ecosystem', 'bera-chain-ecosystem', 'abstract-chain-ecosystem', 'unichain-ecosystem', 'soneium-ecosystem', 'fraxtal-ecosystem', 'monad-ecosystem', 'hashkey-chain-ecosystem', 'wlfi-ecosystem', 'plasma-ecosystem', 'x402-ecosystem', 'iso-20022']",1000000000.0,708099970.4525867,1000000000.0,False,8839266306.54,,15,,,,2026-02-15T17:40:00.000Z,8.839266306537885,634465511.6552097,8.8057,0.05551065,-2.66765421,0.26939322,-34.90467588,-28.60739252,-34.5321479,6259084210.482021,0.2649,8839266306.54,,2026-02-15T17:40:00.000Z,1027.0,Ethereum,ETH,ethereum,0x514910771af9ca656af840dff83e8264ecf986ca,2026-02-15 18:41:03.432962
0,1,Bitcoin,BTC,bitcoin,12561,2010-07-13T00:00:00.000Z,"['mineable', 'pow', 'sha-256', 'store-of-value', 'state-channel', 'coinbase-ventures-portfolio', 'three-arrows-capital-portfolio', 'polychain-capital-portfolio', 'binance-labs-portfolio', 'blockchain-capital-portfolio', 'boostvc-portfolio', 'cms-holdings-portfolio', 'dcg-portfolio', 'dragonfly-capital-portfolio', 'electric-capital-portfolio', 'fabric-ventures-portfolio', 'framework-ventures-portfolio', 'galaxy-digital-portfolio', 'huobi-capital-portfolio', 'alameda-research-portfolio', 'a16z-portfolio', '1confirmation-portfolio', 'winklevoss-capital-portfolio', 'usv-portfolio', 'placeholder-ventures-portfolio', 'pantera-capital-portfolio', 'multicoin-capital-portfolio', 'paradigm-portfolio', 'bitcoin-ecosystem', 'layer-1', 'ftx-bankruptcy-estate', '2017-2018-alt-season', 'us-strategic-crypto-reserve', 'binance-ecosystem', 'binance-listing']",21000000.0,19989887.0,19989887.0,False,1379240832098.07,,1,,,,2026-02-15T17:40:00.000Z,68996.92990250861,35221860746.363846,-5.1587,0.10502437,-1.05902157,-2.37410651,-27.20928677,-20.29475271,-25.88705752,1379240832098.068,58.3734,1448935527952.68,,2026-02-15T17:40:00.000Z,,,,,,2026-02-15 18:42:03.823406
1,1027,Ethereum,ETH,ethereum,11567,2015-08-07T00:00:00.000Z,"['pos', 'smart-contracts', 'ethereum-ecosystem', 'coinbase-ventures-portfolio', 'three-arrows-capital-portfolio', 'polychain-capital-portfolio', 'binance-labs-portfolio', 'blockchain-capital-portfolio', 'boostvc-portfolio', 'cms-holdings-portfolio', 'dcg-portfolio', 'dragonfly-capital-portfolio', 'electric-capital-portfolio', 'fabric-ventures-portfolio', 'framework-ventures-portfolio', 'hashkey-capital-portfolio', 'kenetic-capital-portfolio', 'huobi-capital-portfolio', 'alameda-research-portfolio', 'a16z-portfolio', '1confirmation-portfolio', 'winklevoss-capital-portfolio', 'usv-portfolio', 'placeholder-ventures-portfolio', 'pantera-capital-portfolio', 'multicoin-capital-portfolio', 'paradigm-portfolio', 'layer-1', 'ftx-bankruptcy-estate', 'sora-ecosystem', 'rsk-rbtc-ecosystem', 'world-liberty-financial-portfolio', 'us-strategic-crypto-reserve', 'binance-ecosystem', 'binance-listing', 'abstract-chain-ecosystem', 'unichain-ecosystem', 'soneium-ecosystem', 'sophon-ecosystem']",,120692457.89999667,120692457.89999667,True,241184602721.89,,2,,,,2026-02-15T17:40:00.000Z,1998.3403016096286,25290900344.16389,48.574,-0.24050859,-3.959957,-4.43052816,-39.03782573,-29.98034197,-35.22041049,241184602721.88675,10.2076,241184602721.89,,2026-02-15T17:40:00.000Z,,,,,,2026-02-15 18:42:03.823406
2,825,Tether USDt,USDT,tether,171236,2015-02-25T00:00:00.000Z,"['stablecoin', 'asset-backed-stablecoin', 'usd-stablecoin', 'fiat-stablecoin', 'tron20-ecosystem', 'rsk-rbtc-ecosystem', 'venom-ecosystem', 'world-liberty-financial-portfolio', 'binance-ecosystem', 'binance-listing', 'peaq-ecosystem', 'apertum-ecosystem', 'etherlink-ecosystem', 'duckchain-ecosystem', 'onus-ecosystem', 'sophon-ecosystem', 'zedxion-smart-chain-ecosystem', 'xlayer-ecosystem']",,183755310128.52243,187964839850.83615,True,187873178617.98,,3,,,,2026-02-15T17:40:00.000Z,0.9995123490492623,83729576854.19109,13.3118,-0.00707177,0.0102942,0.01499133,0.01044976,-0.01444685,0.01306621,183665701676.83517,7.7733,187873178617.98,,2026-02-15T17:40:00.000Z,1027.0,Ethereum,ETH,ethereum,0xdac17f958d2ee523a2206206994597c13d831ec7,2026-02-15 18:42:03.823406
3,52,XRP,XRP,xrp,1798,2013-08-04T00:00:00.000Z,"['medium-of-exchange', 'enterprise-solutions', 'xrp-ecosystem', 'arrington-xrp-capital-portfolio', 'galaxy-digital-portfolio', 'a16z-portfolio', 'pantera-capital-portfolio', 'ftx-bankruptcy-estate', '2017-2018-alt-season', 'klaytn-ecosystem', 'made-in-america', 'us-strategic-crypto-reserve', 'binance-ecosystem', 'binance-listing', 'iso-20022']",100000000000.0,60917315351.0,99985721048.0,False,150967893467.84,,4,,,,2026-02-15T17:40:00.000Z,1.5098945317938461,5688105483.658936,140.5483,-0.3089548,2.49204425,5.40050531,-26.21848052,-19.78930781,-30.73660839,91978721340.03622,3.8928,150989453179.38,,2026-02-15T17:40:00.000Z,,,,,,2026-02-15 18:42:03.823406
4,1839,BNB,BNB,bnb,3134,2017-07-25T00:00:00.000Z,"['marketplace', 'centralized-exchange', 'payments', 'smart-contracts', 'alameda-research-portfolio', 'multicoin-capital-portfolio', 'bnb-chain-ecosystem', 'layer-1', 'alleged-sec-securities', 'celsius-bankruptcy-estate', 'binance-ecosystem', 'binance-listing', 'etherlink-ecosystem', 'made-in-china']",136359281.79,136359281.27,136359281.27,False,84313047431.95,,5,,,,2026-02-15T17:41:00.000Z,618.3154285259752,1444933323.3137527,-4.1081,-0.06241118,-2.20434406,-3.14981754,-33.49610237,-26.95860196,-32.35396236,84313047431.95404,3.5684,84313047753.48,,2026-02-15T17:41:00.000Z,,,,,,2026-02-15 18:42:03.823406
5,3408,USDC,USDC,usd-coin,37476,2018-10-08T00:00:00.000Z,"['medium-of-exchange', 'stablecoin', 'asset-backed-stablecoin', 'stellar-ecosystem', 'coinbase-ventures-portfolio', 'usd-stablecoin', 'xdc-ecosystem', 'fiat-stablecoin', 'tron20-ecosystem', 'venom-ecosystem', 'made-in-america', 'world-liberty-financial-portfolio', 'sonic-ecosystem', 'binance-ecosystem', 'binance-listing', 'hyperevm-ecosystem', 'etherlink-ecosystem', 'unichain-ecosystem', 'vector-smart-chain-ecosystem', 'sophon-ecosystem', 'monad-ecosystem', 'xlayer-ecosystem']",,73574211977.17365,73574211977.17365,False,73574816073.36,,6,60901219650.23,60901719692.204544,,2026-02-15T17:40:00.000Z,1.0000082107054244,8210791262.499738,6.2852,0.00287269,0.01835118,0.00573993,0.02324206,0.0230904,0.02861939,73574816073.35503,3.1139,73574816073.36,,2026-02-15T17:40:00.000Z,1027.0,Ethereum,ETH,ethereum,0xa0b86991c6218b36c1d19d4a2e9eb0ce3606eb48,2026-02-15 18:42:03.823406
6,5426,Solana,SOL,solana,1089,2020-04-10T00:00:00.000Z,"['pos', 'platform', 'solana-ecosystem', 'cms-holdings-portfolio', 'kenetic-capital-portfolio', 'alameda-research-portfolio', 'multicoin-capital-portfolio', 'okx-ventures-portfolio', 'layer-1', 'ftx-bankruptcy-estate', 'alleged-sec-securities', 'cmc-crypto-awards-2024', 'made-in-america', 'us-strategic-crypto-reserve', 'binance-ecosystem', 'binance-listing']",,568080078.263232,620527035.5347795,True,54193168668.18,,7,525236893.3,45871090088.48707,,2026-02-15T17:40:00.000Z,87.33409757316274,3798177304.335031,23.8262,0.06295636,-0.77565746,0.47374704,-38.68755574,-29.39569615,-34.41146335,49612760984.411026,2.0998,54193168668.18,,2026-02-15T17:40:00.000Z,,,,,,2026-02-15 18:42:03.823406
7,1958,TRON,TRX,tron,1299,2017-09-13T00:00:00.000Z,"['media', 'payments', 'tron-ecosystem', 'layer-1', 'dwf-labs-portfolio', 'alleged-sec-securities', '2017-2018-alt-season', 'tron20-ecosystem', 'world-liberty-financial-portfolio', 'binance-ecosystem', 'binance-listing', 'made-in-china']",,94724753672.8837,94724751039.12329,True,26561064798.37,,8,94667886298.43,26545119778.236576,,2026-02-15T17:41:00.000Z,0.2804025822923313,450574014.010816,-11.831,0.01889543,-0.97583817,0.52053627,-8.88746436,0.14901368,-4.7258364,26561065536.88158,1.1241,26561064798.37,,2026-02-15T17:41:00.000Z,,,,,,2026-02-15 18:42:03.823406
8,74,Dogecoin,DOGE,dogecoin,1401,2013-12-15T00:00:00.000Z,"['mineable', 'pow', 'scrypt', 'medium-of-exchange', 'memes', 'payments', 'doggone-doggerel', 'doge-chain-ecosystem', 'osmosis-ecosystem', 'ftx-bankruptcy-estate', 'animal-memes', 'made-in-america', 'binance-ecosystem', 'binance-listing']",,168752843126.57907,168752843126.57907,True,17997521782.83,,9,,,,2026-02-15T17:40:00.000Z,0.10665018407621361,2910771723.507127,187.1694,-0.44874415,1.35652238,10.64472994,-21.84985542,-16.32758541,-32.52433642,17997521782.834057,0.7617,17997521782.83,,2026-02-15T17:40:00.000Z,,,,,,2026-02-15 18:42:03.823406
9,1831,Bitcoin Cash,BCH,bitcoin-cash,1137,2017-07-23T00:00:00.000Z,"['mineable', 'pow', 'sha-256', 'marketplace', 'medium-of-exchange', 'store-of-value', 'enterprise-solutions', 'payments', 'layer-1', '2017-2018-alt-season', 'made-in-america', 'binance-ecosystem', 'binance-listing']",21000000.0,19995212.5,19995212.5,False,11122778836.91,,10,,,,2026-02-15T17:40:00.000Z,556.2720994793578,311774026.5939506,-40.9044,-0.05080514,-1.42133717,5.56090537,-7.59128906,0.52730023,9.49373728,11122778836.9109,0.4707,11681714089.07,,2026-02-15T17:40:00.000Z,,,,,,2026-02-15 18:42:03.823406
10,2010,Cardano,ADA,cardano,1681,2017-10-01T00:00:00.000Z,"['dpos', 'pos', 'platform', 'research', 'smart-contracts', 'staking', 'cardano-ecosystem', 'cardano', 'layer-1', 'alleged-sec-securities', '2017-2018-alt-season', 'made-in-america', 'us-strategic-crypto-reserve', 'binance-ecosystem', 'binance-listing', 'iso-20022']",45000000000.0,36066145196.64397,44994539820.15453,False,12737468217.66,,11,37997904336.0,10756796285.770382,,2026-02-15T17:41:00.000Z,0.2830891985687529,680361479.7613543,62.7331,0.10405104,-2.58066869,4.66955142,-26.43704156,-24.06506281,-40.42232349,10209936139.182219,0.4321,12739013935.59,,2026-02-15T17:41:00.000Z,,,,,,2026-02-15 18:42:03.823406
11,32196,Hyperliquid,HYPE,hyperliquid,238,2024-07-15T10:14:50.000Z,"['decentralized-exchange-dex-token', 'defi', 'derivatives', 'layer-1', 'hyperliquid-ecosystem', 'binance-ecosystem', 'binance-listing', 'perp-dex-coins']",961671487.86,259275367.18186274,958386538.1625681,False,29685559161.68,,12,333931719.0,10343373373.48431,,2026-02-15T17:41:00.000Z,30.974516001231706,212391668.5748272,3.2521,0.01934419,-0.73969586,-3.98693498,24.06825512,20.55731848,-17.63738614,8030929009.499833,0.3399,29787308888.65,,2026-02-15T17:41:00.000Z,32196.0,Hyperliquid,HYPE,hyperliquid,0x0d01dc56dcaaca66ad901c959b4011ec,2026-02-15 18:42:03.823406
12,3957,UNUS SED LEO,LEO,unus-sed-leo,67,2019-05-21T00:00:00.000Z,"['marketplace', 'centralized-exchange', 'discount-token', 'payments', 'ethereum-ecosystem', 'kenetic-capital-portfolio', 'alameda-research-portfolio']",,921353012.9,985239504.0,False,8319930412.96,,13,,,,2026-02-15T17:40:00.000Z,8.444576551369384,1039336.64528829,81.6068,0.11280589,-2.64122725,2.28014432,-5.19768715,17.70568588,-7.93883421,7780436048.268873,0.3293,8319930412.96,,2026-02-15T17:40:00.000Z,1027.0,Ethereum,ETH,ethereum,0x2af5d2ad76741191d15dfe7bf6ac92d4bd912ca3,2026-02-15 18:42:03.823406
13,29470,Ethena USDe,USDe,ethena-usde,295,2024-02-20T11:05:01.000Z,"['stablecoin', 'asset-backed-stablecoin', 'binance-labs-portfolio', 'dragonfly-capital-portfolio', 'usd-stablecoin', 'eigenlayer-ecosystem', 'binance-ecosystem', 'binance-listing', 'xlayer-ecosystem', 'plasma-ecosystem']",,6304778696.791329,6304778696.791329,True,6297801540.63,,14,,,,2026-02-15T17:41:00.000Z,0.9988933543114308,55760249.37280832,-28.6249,0.00320876,-0.00505838,0.02231043,-0.07757544,-0.02180011,0.04059118,6297801540.629142,0.2665,6297801540.63,,2026-02-15T17:41:00.000Z,1027.0,Ethereum,ETH,ethereum,0x4c9edd5852cd905f086c759e8383e09bff1e68b3,2026-02-15 18:42:03.823406
14,1975,Chainlink,LINK,chainlink,2212,2017-09-20T00:00:00.000Z,"['platform', 'cosmos-ecosystem', 'defi', 'privacy', 'interoperability', 'iot', 'oracles', 'smart-contracts', 'ethereum-ecosystem', 'tron-ecosystem', 'polkadot', 'tokenized-stock', 'polkadot-ecosystem', 'heco-ecosystem', 'avalanche-ecosystem', 'solana-ecosystem', 'framework-ventures-portfolio', 'hedera-hashgraph-ecosystem', 'polygon-ecosystem', 'fantom-ecosystem', 'cardano-ecosystem', 'terra-ecosystem', 'web3', 'near-protocol-ecosystem', 'arbitrum-ecosystem', 'celo-ecosystem', 'defi-2', 'cross-chain', 'cronos-ecosystem', 'cardano', 'injective-ecosystem', 'bnb-chain-ecosystem', 'oasis-ecosystem', 'moonbeam-ecosystem', 'xdc-ecosystem', 'metisdao-ecosystem', 'velas-ecosystem', 'doge-chain-ecosystem', 'aptos-ecosystem', 'sui-ecosystem', 'optimism-ecosystem', 'bitcoin-ecosystem', 'real-world-assets-protocols', 'zksync-era-ecosystem', 'kadena-ecosystem', 'base-ecosystem', 'linea-ecosystem', 'sei-ecosystem', 'toncoin-ecosystem', 'paal-ecosystem', 'blast-ecosystem', 'atomicals-ecosystem', 'move-vm', 'eigenlayer-ecosystem', 'hyperliquid-ecosystem', 'gnosis-chain-ecosystem', 'ronin-ecosystem', 'astar-ecosystem', 'core-ecosystem', 'starknet-ecosystem', 'mantle-ecosystem', 'opbnb-ecosystem', 'scroll-ecosystem', 'merlin-ecosystem', 'b²-network-ecosystem', 'mode-ecosystem', 'world-chain-mainnet-ecosystem', 'made-in-america', 'btcfi', 'world-liberty-financial-portfolio', 'corn-ecosystem', 'bonk-fun-ecosystem', 'sonic-ecosystem', 'binance-ecosystem', 'binance-listing', 'bittensor-ecosystem', 'tokenized-assets', 'xstocks-ecosystem', 'hyperevm-ecosystem', 'etherlink-ecosystem', 'bera-chain-ecosystem', 'abstract-chain-ecosystem', 'unichain-ecosystem', 'soneium-ecosystem', 'fraxtal-ecosystem', 'monad-ecosystem', 'hashkey-chain-ecosystem', 'wlfi-ecosystem', 'plasma-ecosystem', 'x402-ecosystem', 'iso-20022']",1000000000.0,708099970.4525867,1000000000.0,False,8838938225.42,,15,,,,2026-02-15T17:41:00.000Z,8.838938225415788,634430059.6302627,8.8302,0.04763478,-2.66161961,0.27432333,-34.91584042,-28.61044086,-34.49697638,6258851896.249158,0.2649,8838938225.42,,2026-02-15T17:41:00.000Z,1027.0,Ethereum,ETH,ethereum,0x514910771af9ca656af840dff83e8264ecf986ca,2026-02-15 18:42:03.823406
0,1,Bitcoin,BTC,bitcoin,12561,2010-07-13T00:00:00.000Z,"['mineable', 'pow', 'sha-256', 'store-of-value', 'state-channel', 'coinbase-ventures-portfolio', 'three-arrows-capital-portfolio', 'polychain-capital-portfolio', 'binance-labs-portfolio', 'blockchain-capital-portfolio', 'boostvc-portfolio', 'cms-holdings-portfolio', 'dcg-portfolio', 'dragonfly-capital-portfolio', 'electric-capital-portfolio', 'fabric-ventures-portfolio', 'framework-ventures-portfolio', 'galaxy-digital-portfolio', 'huobi-capital-portfolio', 'alameda-research-portfolio', 'a16z-portfolio', '1confirmation-portfolio', 'winklevoss-capital-portfolio', 'usv-portfolio', 'placeholder-ventures-portfolio', 'pantera-capital-portfolio', 'multicoin-capital-portfolio', 'paradigm-portfolio', 'bitcoin-ecosystem', 'layer-1', 'ftx-bankruptcy-estate', '2017-2018-alt-season', 'us-strategic-crypto-reserve', 'binance-ecosystem', 'binance-listing']",21000000.0,19989887.0,19989887.0,False,1378885410427.37,,1,,,,2026-02-15T17:41:00.000Z,68979.1498284793,35221270782.17417,-5.0967,0.0111911,-1.11145621,-2.43006142,-27.25914178,-20.28401252,-25.85990058,1378885410427.3706,58.3583,1448562146398.07,,2026-02-15T17:41:00.000Z,,,,,,2026-02-15 18:43:04.252221
1,1027,Ethereum,ETH,ethereum,11567,2015-08-07T00:00:00.000Z,"['pos', 'smart-contracts', 'ethereum-ecosystem', 'coinbase-ventures-portfolio', 'three-arrows-capital-portfolio', 'polychain-capital-portfolio', 'binance-labs-portfolio', 'blockchain-capital-portfolio', 'boostvc-portfolio', 'cms-holdings-portfolio', 'dcg-portfolio', 'dragonfly-capital-portfolio', 'electric-capital-portfolio', 'fabric-ventures-portfolio', 'framework-ventures-portfolio', 'hashkey-capital-portfolio', 'kenetic-capital-portfolio', 'huobi-capital-portfolio', 'alameda-research-portfolio', 'a16z-portfolio', '1confirmation-portfolio', 'winklevoss-capital-portfolio', 'usv-portfolio', 'placeholder-ventures-portfolio', 'pantera-capital-portfolio', 'multicoin-capital-portfolio', 'paradigm-portfolio', 'layer-1', 'ftx-bankruptcy-estate', 'sora-ecosystem', 'rsk-rbtc-ecosystem', 'world-liberty-financial-portfolio', 'us-strategic-crypto-reserve', 'binance-ecosystem', 'binance-listing', 'abstract-chain-ecosystem', 'unichain-ecosystem', 'soneium-ecosystem', 'sophon-ecosystem']",,120692457.89999667,120692457.89999667,True,241008604401.32,,2,,,,2026-02-15T17:42:00.000Z,1996.882063674751,25311539151.04648,48.6204,-0.38531776,-4.08308483,-4.48412815,-39.12333136,-30.02077818,-35.08518297,241008604401.32333,10.2002,241008604401.32,,2026-02-15T17:42:00.000Z,,,,,,2026-02-15 18:43:04.252221
2,825,Tether USDt,USDT,tether,171236,2015-02-25T00:00:00.000Z,"['stablecoin', 'asset-backed-stablecoin', 'usd-stablecoin', 'fiat-stablecoin', 'tron20-ecosystem', 'rsk-rbtc-ecosystem', 'venom-ecosystem', 'world-liberty-financial-portfolio', 'binance-ecosystem', 'binance-listing', 'peaq-ecosystem', 'apertum-ecosystem', 'etherlink-ecosystem', 'duckchain-ecosystem', 'onus-ecosystem', 'sophon-ecosystem', 'zedxion-smart-chain-ecosystem', 'xlayer-ecosystem']",,183755310128.52243,187964839850.83615,True,187874597198.06,,3,,,,2026-02-15T17:41:00.000Z,0.9995198960994378,83779738266.20393,13.3832,-0.00571864,-0.00496338,0.02515522,0.00593921,-0.02676097,0.01862454,183667088487.3807,7.7733,187874597198.06,,2026-02-15T17:41:00.000Z,1027.0,Ethereum,ETH,ethereum,0xdac17f958d2ee523a2206206994597c13d831ec7,2026-02-15 18:43:04.252221
3,52,XRP,XRP,xrp,1798,2013-08-04T00:00:00.000Z,"['medium-of-exchange', 'enterprise-solutions', 'xrp-ecosystem', 'arrington-xrp-capital-portfolio', 'galaxy-digital-portfolio', 'a16z-portfolio', 'pantera-capital-portfolio', 'ftx-bankruptcy-estate', '2017-2018-alt-season', 'klaytn-ecosystem', 'made-in-america', 'us-strategic-crypto-reserve', 'binance-ecosystem', 'binance-listing', 'iso-20022']",100000000000.0,60917315351.0,99985721048.0,False,150969524587.56,,4,,,,2026-02-15T17:42:00.000Z,1.5099108453204249,5687340681.532945,140.3828,-0.34858223,2.46378492,5.40359286,-26.28485893,-19.65637312,-30.46515927,91979715116.2793,3.8928,150991084532.04,,2026-02-15T17:42:00.000Z,,,,,,2026-02-15 18:43:04.252221
4,1839,BNB,BNB,bnb,3134,2017-07-25T00:00:00.000Z,"['marketplace', 'centralized-exchange', 'payments', 'smart-contracts', 'alameda-research-portfolio', 'multicoin-capital-portfolio', 'bnb-chain-ecosystem', 'layer-1', 'alleged-sec-securities', 'celsius-bankruptcy-estate', 'binance-ecosystem', 'binance-listing', 'etherlink-ecosystem', 'made-in-china']",136359281.79,136359281.27,136359281.27,False,84310502750.01,,5,,,,2026-02-15T17:42:00.000Z,618.2967669290631,1444760716.9604428,-4.0857,-0.06407743,-2.21297401,-3.20302463,-33.52150579,-26.87479825,-32.23889329,84310502750.01175,3.5683,84310503071.53,,2026-02-15T17:42:00.000Z,,,,,,2026-02-15 18:43:04.252221
5,3408,USDC,USDC,usd-coin,37476,2018-10-08T00:00:00.000Z,"['medium-of-exchange', 'stablecoin', 'asset-backed-stablecoin', 'stellar-ecosystem', 'coinbase-ventures-portfolio', 'usd-stablecoin', 'xdc-ecosystem', 'fiat-stablecoin', 'tron20-ecosystem', 'venom-ecosystem', 'made-in-america', 'world-liberty-financial-portfolio', 'sonic-ecosystem', 'binance-ecosystem', 'binance-listing', 'hyperevm-ecosystem', 'etherlink-ecosystem', 'unichain-ecosystem', 'vector-smart-chain-ecosystem', 'sophon-ecosystem', 'monad-ecosystem', 'xlayer-ecosystem']",,73575816878.80688,73575816878.80688,False,73567479810.18,,6,60901219650.23,60894318773.430244,,2026-02-15T17:41:00.000Z,0.9998866873793433,8217203296.112339,6.4703,-0.01657956,-0.00629525,-0.00404271,0.01192863,-0.00079743,-0.00058602,73567479810.17938,3.1136,73567479810.18,,2026-02-15T17:41:00.000Z,1027.0,Ethereum,ETH,ethereum,0xa0b86991c6218b36c1d19d4a2e9eb0ce3606eb48,2026-02-15 18:43:04.252221
6,5426,Solana,SOL,solana,1089,2020-04-10T00:00:00.000Z,"['pos', 'platform', 'solana-ecosystem', 'cms-holdings-portfolio', 'kenetic-capital-portfolio', 'alameda-research-portfolio', 'multicoin-capital-portfolio', 'okx-ventures-portfolio', 'layer-1', 'ftx-bankruptcy-estate', 'alleged-sec-securities', 'cmc-crypto-awards-2024', 'made-in-america', 'us-strategic-crypto-reserve', 'binance-ecosystem', 'binance-listing']",,568080062.8574195,620527020.128967,True,54192818093.08,,7,525236893.3,45870794487.665565,,2026-02-15T17:41:00.000Z,87.33353477792639,3798126143.169029,23.8262,0.03133378,-0.78102938,0.49882888,-38.70430462,-29.38745207,-34.37498022,49612439926.205055,2.0997,54192818093.08,,2026-02-15T17:41:00.000Z,,,,,,2026-02-15 18:43:04.252221
7,1958,TRON,TRX,tron,1299,2017-09-13T00:00:00.000Z,"['media', 'payments', 'tron-ecosystem', 'layer-1', 'dwf-labs-portfolio', 'alleged-sec-securities', '2017-2018-alt-season', 'tron20-ecosystem', 'world-liberty-financial-portfolio', 'binance-ecosystem', 'binance-listing', 'made-in-china']",,94724753672.8837,94724751039.12329,True,26559539853.35,,8,94667886298.43,26543595748.66979,,2026-02-15T17:42:00.000Z,0.28038648359586327,450581606.48006636,-11.7729,0.010904,-0.98487497,0.49602924,-8.92123741,0.23403415,-4.62103053,26559540591.824192,1.1241,26559539853.35,,2026-02-15T17:42:00.000Z,,,,,,2026-02-15 18:43:04.252221
8,74,Dogecoin,DOGE,dogecoin,1401,2013-12-15T00:00:00.000Z,"['mineable', 'pow', 'scrypt', 'medium-of-exchange', 'memes', 'payments', 'doggone-doggerel', 'doge-chain-ecosystem', 'osmosis-ecosystem', 'ftx-bankruptcy-estate', 'animal-memes', 'made-in-america', 'binance-ecosystem', 'binance-listing']",,168753073126.57907,168753073126.57907,True,17989824436.73,,9,,,,2026-02-15T17:41:00.000Z,0.10660442564645495,2910620534.8830214,187.0708,-0.51385908,1.29079688,10.59523197,-21.89525646,-16.31911082,-32.5101335,17989824436.733173,0.7614,17989824436.73,,2026-02-15T17:41:00.000Z,,,,,,2026-02-15 18:43:04.252221
9,1831,Bitcoin Cash,BCH,bitcoin-cash,1137,2017-07-23T00:00:00.000Z,"['mineable', 'pow', 'sha-256', 'marketplace', 'medium-of-exchange', 'store-of-value', 'enterprise-solutions', 'payments', 'layer-1', '2017-2018-alt-season', 'made-in-america', 'binance-ecosystem', 'binance-listing']",21000000.0,19995225.0,19995225.0,False,11123198512.36,,10,,,,2026-02-15T17:41:00.000Z,556.2927405099152,311788218.87903166,-40.895,-0.07119311,-1.41988515,5.57100629,-7.59524508,0.43874674,9.49218985,11123198512.36237,0.4708,11682147550.71,,2026-02-15T17:41:00.000Z,,,,,,2026-02-15 18:43:04.252221
10,2010,Cardano,ADA,cardano,1681,2017-10-01T00:00:00.000Z,"['dpos', 'pos', 'platform', 'research', 'smart-contracts', 'staking', 'cardano-ecosystem', 'cardano', 'layer-1', 'alleged-sec-securities', '2017-2018-alt-season', 'made-in-america', 'us-strategic-crypto-reserve', 'binance-ecosystem', 'binance-listing', 'iso-20022']",45000000000.0,36066145196.64397,44994539820.15453,False,12737823994.56,,11,37997904336.0,10757096739.489853,,2026-02-15T17:42:00.000Z,0.2830971056816509,680328846.5085787,62.6952,0.09470834,-2.58291879,4.64377784,-26.52769782,-23.94696577,-40.19409811,10210221318.264084,0.4321,12739369755.67,,2026-02-15T17:42:00.000Z,,,,,,2026-02-15 18:43:04.252221
11,32196,Hyperliquid,HYPE,hyperliquid,238,2024-07-15T10:14:50.000Z,"['decentralized-exchange-dex-token', 'defi', 'derivatives', 'layer-1', 'hyperliquid-ecosystem', 'binance-ecosystem', 'binance-listing', 'perp-dex-coins']",961671487.86,259275367.18186274,958386538.1625681,False,29685151790.04,,12,333931719.0,10343231432.516,,2026-02-15T17:42:00.000Z,30.97409094137595,212378437.05908996,3.2356,0.01194962,-0.7312541,-3.83843712,24.01277282,20.83799019,-17.48716187,8030818801.949658,0.3399,29786900120.7,,2026-02-15T17:42:00.000Z,32196.0,Hyperliquid,HYPE,hyperliquid,0x0d01dc56dcaaca66ad901c959b4011ec,2026-02-15 18:43:04.252221
12,3957,UNUS SED LEO,LEO,unus-sed-leo,67,2019-05-21T00:00:00.000Z,"['marketplace', 'centralized-exchange', 'discount-token', 'payments', 'ethereum-ecosystem', 'kenetic-capital-portfolio', 'alameda-research-portfolio']",,921353012.9,985239504.0,False,8319831094.61,,13,,,,2026-02-15T17:42:00.000Z,8.444475745069592,1039324.00274865,81.6019,0.11023771,-2.64469838,2.22083434,-5.19246618,17.99108798,-7.75048074,7780343170.080841,0.3293,8319831094.61,,2026-02-15T17:42:00.000Z,1027.0,Ethereum,ETH,ethereum,0x2af5d2ad76741191d15dfe7bf6ac92d4bd912ca3,2026-02-15 18:43:04.252221
13,29470,Ethena USDe,USDe,ethena-usde,295,2024-02-20T11:05:01.000Z,"['stablecoin', 'asset-backed-stablecoin', 'binance-labs-portfolio', 'dragonfly-capital-portfolio', 'usd-stablecoin', 'eigenlayer-ecosystem', 'binance-ecosystem', 'binance-listing', 'xlayer-ecosystem', 'plasma-ecosystem']",,6304778696.791329,6304778696.791329,True,6297801540.63,,14,,,,2026-02-15T17:41:00.000Z,0.9988933543114308,55760249.37280832,-28.6249,0.00320876,-0.00505838,0.02231043,-0.07757544,-0.02180011,0.04059118,6297801540.629142,0.2665,6297801540.63,,2026-02-15T17:41:00.000Z,1027.0,Ethereum,ETH,ethereum,0x4c9edd5852cd905f086c759e8383e09bff1e68b3,2026-02-15 18:43:04.252221
14,1975,Chainlink,LINK,chainlink,2212,2017-09-20T00:00:00.000Z,"['platform', 'cosmos-ecosystem', 'defi', 'privacy', 'interoperability', 'iot', 'oracles', 'smart-contracts', 'ethereum-ecosystem', 'tron-ecosystem', 'polkadot', 'tokenized-stock', 'polkadot-ecosystem', 'heco-ecosystem', 'avalanche-ecosystem', 'solana-ecosystem', 'framework-ventures-portfolio', 'hedera-hashgraph-ecosystem', 'polygon-ecosystem', 'fantom-ecosystem', 'cardano-ecosystem', 'terra-ecosystem', 'web3', 'near-protocol-ecosystem', 'arbitrum-ecosystem', 'celo-ecosystem', 'defi-2', 'cross-chain', 'cronos-ecosystem', 'cardano', 'injective-ecosystem', 'bnb-chain-ecosystem', 'oasis-ecosystem', 'moonbeam-ecosystem', 'xdc-ecosystem', 'metisdao-ecosystem', 'velas-ecosystem', 'doge-chain-ecosystem', 'aptos-ecosystem', 'sui-ecosystem', 'optimism-ecosystem', 'bitcoin-ecosystem', 'real-world-assets-protocols', 'zksync-era-ecosystem', 'kadena-ecosystem', 'base-ecosystem', 'linea-ecosystem', 'sei-ecosystem', 'toncoin-ecosystem', 'paal-ecosystem', 'blast-ecosystem', 'atomicals-ecosystem', 'move-vm', 'eigenlayer-ecosystem', 'hyperliquid-ecosystem', 'gnosis-chain-ecosystem', 'ronin-ecosystem', 'astar-ecosystem', 'core-ecosystem', 'starknet-ecosystem', 'mantle-ecosystem', 'opbnb-ecosystem', 'scroll-ecosystem', 'merlin-ecosystem', 'b²-network-ecosystem', 'mode-ecosystem', 'world-chain-mainnet-ecosystem', 'made-in-america', 'btcfi', 'world-liberty-financial-portfolio', 'corn-ecosystem', 'bonk-fun-ecosystem', 'sonic-ecosystem', 'binance-ecosystem', 'binance-listing', 'bittensor-ecosystem', 'tokenized-assets', 'xstocks-ecosystem', 'hyperevm-ecosystem', 'etherlink-ecosystem', 'bera-chain-ecosystem', 'abstract-chain-ecosystem', 'unichain-ecosystem', 'soneium-ecosystem', 'fraxtal-ecosystem', 'monad-ecosystem', 'hashkey-chain-ecosystem', 'wlfi-ecosystem', 'plasma-ecosystem', 'x402-ecosystem', 'iso-20022']",1000000000.0,708099970.4525867,1000000000.0,False,8838727675.82,,15,,,,2026-02-15T17:42:00.000Z,8.838727675823755,634404825.534078,8.81,0.04162543,-2.67639445,0.28574572,-34.98440614,-28.52246563,-34.24552603,6258702806.089261,0.2649,8838727675.82,,2026-02-15T17:42:00.000Z,1027.0,Ethereum,ETH,ethereum,0x514910771af9ca656af840dff83e8264ecf986ca,2026-02-15 18:43:04.252221
0,1,Bitcoin,BTC,bitcoin,12561,2010-07-13T00:00:00.000Z,"['mineable', 'pow', 'sha-256', 'store-of-value', 'state-channel', 'coinbase-ventures-portfolio', 'three-arrows-capital-portfolio', 'polychain-capital-portfolio', 'binance-labs-portfolio', 'blockchain-capital-portfolio', 'boostvc-portfolio', 'cms-holdings-portfolio', 'dcg-portfolio', 'dragonfly-capital-portfolio', 'electric-capital-portfolio', 'fabric-ventures-portfolio', 'framework-ventures-portfolio', 'galaxy-digital-portfolio', 'huobi-capital-portfolio', 'alameda-research-portfolio', 'a16z-portfolio', '1confirmation-portfolio', 'winklevoss-capital-portfolio', 'usv-portfolio', 'placeholder-ventures-portfolio', 'pantera-capital-portfolio', 'multicoin-capital-portfolio', 'paradigm-portfolio', 'bitcoin-ecosystem', 'layer-1', 'ftx-bankruptcy-estate', '2017-2018-alt-season', 'us-strategic-crypto-reserve', 'binance-ecosystem', 'binance-listing']",21000000.0,19989887.0,19989887.0,False,1375813743931.53,,1,,,,2026-02-15T17:43:00.000Z,68825.48880499088,34941813193.23876,-6.0525,-0.19254901,-1.33210267,-2.72185348,-27.43665051,-20.41531149,-25.94077383,1375813743931.5327,58.1991,1445335264904.81,,2026-02-15T17:43:00.000Z,,,,,,2026-02-15 18:44:08.775291
1,1027,Ethereum,ETH,ethereum,11567,2015-08-07T00:00:00.000Z,"['pos', 'smart-contracts', 'ethereum-ecosystem', 'coinbase-ventures-portfolio', 'three-arrows-capital-portfolio', 'polychain-capital-portfolio', 'binance-labs-portfolio', 'blockchain-capital-portfolio', 'boostvc-portfolio', 'cms-holdings-portfolio', 'dcg-portfolio', 'dragonfly-capital-portfolio', 'electric-capital-portfolio', 'fabric-ventures-portfolio', 'framework-ventures-portfolio', 'hashkey-capital-portfolio', 'kenetic-capital-portfolio', 'huobi-capital-portfolio', 'alameda-research-portfolio', 'a16z-portfolio', '1confirmation-portfolio', 'winklevoss-capital-portfolio', 'usv-portfolio', 'placeholder-ventures-portfolio', 'pantera-capital-portfolio', 'multicoin-capital-portfolio', 'paradigm-portfolio', 'layer-1', 'ftx-bankruptcy-estate', 'sora-ecosystem', 'rsk-rbtc-ecosystem', 'world-liberty-financial-portfolio', 'us-strategic-crypto-reserve', 'binance-ecosystem', 'binance-listing', 'abstract-chain-ecosystem', 'unichain-ecosystem', 'soneium-ecosystem', 'sophon-ecosystem']",,120692457.89999667,120692457.89999667,True,239879957982.72,,2,,,,2026-02-15T17:43:00.000Z,1987.5306390849826,25026202703.480976,46.5544,-0.86645679,-4.50995326,-5.013762,-39.43325398,-30.29544364,-35.26936764,239879957982.71774,10.1473,239879957982.72,,2026-02-15T17:43:00.000Z,,,,,,2026-02-15 18:44:08.775291
2,825,Tether USDt,USDT,tether,171236,2015-02-25T00:00:00.000Z,"['stablecoin', 'asset-backed-stablecoin', 'usd-stablecoin', 'fiat-stablecoin', 'tron20-ecosystem', 'rsk-rbtc-ecosystem', 'venom-ecosystem', 'world-liberty-financial-portfolio', 'binance-ecosystem', 'binance-listing', 'peaq-ecosystem', 'apertum-ecosystem', 'etherlink-ecosystem', 'duckchain-ecosystem', 'onus-ecosystem', 'sophon-ecosystem', 'zedxion-smart-chain-ecosystem', 'xlayer-ecosystem']",,183755310128.52243,187964839850.83615,True,187922238922.8,,3,,,,2026-02-15T17:42:00.000Z,0.999773356931689,83784039316.90948,13.3669,0.02073422,0.01377106,0.05226002,0.03545828,0.01387551,0.04542064,183713663261.21646,7.7753,187922238922.8,,2026-02-15T17:42:00.000Z,1027.0,Ethereum,ETH,ethereum,0xdac17f958d2ee523a2206206994597c13d831ec7,2026-02-15 18:44:08.775291
3,52,XRP,XRP,xrp,1798,2013-08-04T00:00:00.000Z,"['medium-of-exchange', 'enterprise-solutions', 'xrp-ecosystem', 'arrington-xrp-capital-portfolio', 'galaxy-digital-portfolio', 'a16z-portfolio', 'pantera-capital-portfolio', 'ftx-bankruptcy-estate', '2017-2018-alt-season', 'klaytn-ecosystem', 'made-in-america', 'us-strategic-crypto-reserve', 'binance-ecosystem', 'binance-listing', 'iso-20022']",100000000000.0,60917315351.0,99985721048.0,False,150969524587.56,,4,,,,2026-02-15T17:42:00.000Z,1.5099108453204249,5687340681.532945,140.3828,-0.34858223,2.46378492,5.40359286,-26.28485893,-19.65637312,-30.46515927,91979715116.2793,3.8928,150991084532.04,,2026-02-15T17:42:00.000Z,,,,,,2026-02-15 18:44:08.775291
4,1839,BNB,BNB,bnb,3134,2017-07-25T00:00:00.000Z,"['marketplace', 'centralized-exchange', 'payments', 'smart-contracts', 'alameda-research-portfolio', 'multicoin-capital-portfolio', 'bnb-chain-ecosystem', 'layer-1', 'alleged-sec-securities', 'celsius-bankruptcy-estate', 'binance-ecosystem', 'binance-listing', 'etherlink-ecosystem', 'made-in-china']",136359281.79,136359281.27,136359281.27,False,84252245206.36,,5,,,,2026-02-15T17:43:00.000Z,617.8695312974957,1445799568.3187206,-4.0007,-0.13516158,-2.30525801,-3.28590043,-33.56698189,-26.91885791,-32.26486837,84252245206.35829,3.564,84252245527.65,,2026-02-15T17:43:00.000Z,,,,,,2026-02-15 18:44:08.775291
5,3408,USDC,USDC,usd-coin,37476,2018-10-08T00:00:00.000Z,"['medium-of-exchange', 'stablecoin', 'asset-backed-stablecoin', 'stellar-ecosystem', 'coinbase-ventures-portfolio', 'usd-stablecoin', 'xdc-ecosystem', 'fiat-stablecoin', 'tron20-ecosystem', 'venom-ecosystem', 'made-in-america', 'world-liberty-financial-portfolio', 'sonic-ecosystem', 'binance-ecosystem', 'binance-listing', 'hyperevm-ecosystem', 'etherlink-ecosystem', 'unichain-ecosystem', 'vector-smart-chain-ecosystem', 'sophon-ecosystem', 'monad-ecosystem', 'xlayer-ecosystem']",,73575816878.80688,73575816878.80688,False,73578268388.67,,6,60901219650.23,60903248848.7792,,2026-02-15T17:42:00.000Z,1.0000333195059286,8218612194.052359,6.3043,0.00151878,0.01368522,0.01703361,0.03976709,0.03201934,0.01986142,73578268388.67357,3.114,73578268388.67,,2026-02-15T17:42:00.000Z,1027.0,Ethereum,ETH,ethereum,0xa0b86991c6218b36c1d19d4a2e9eb0ce3606eb48,2026-02-15 18:44:08.775291
6,5426,Solana,SOL,solana,1089,2020-04-10T00:00:00.000Z,"['pos', 'platform', 'solana-ecosystem', 'cms-holdings-portfolio', 'kenetic-capital-portfolio', 'alameda-research-portfolio', 'multicoin-capital-portfolio', 'okx-ventures-portfolio', 'layer-1', 'ftx-bankruptcy-estate', 'alleged-sec-securities', 'cmc-crypto-awards-2024', 'made-in-america', 'us-strategic-crypto-reserve', 'binance-ecosystem', 'binance-listing']",,568080062.8574195,620527020.128967,True,54186939616.84,,7,525236893.3,45865818729.16775,,2026-02-15T17:42:00.000Z,87.32406141731275,3797754670.04524,23.7804,0.01873606,-0.80988284,0.48282024,-38.80719972,-29.22106129,-34.18341696,49607058298.912186,2.0995,54186939616.84,,2026-02-15T17:42:00.000Z,,,,,,2026-02-15 18:44:08.775291
7,1958,TRON,TRX,tron,1299,2017-09-13T00:00:00.000Z,"['media', 'payments', 'tron-ecosystem', 'layer-1', 'dwf-labs-portfolio', 'alleged-sec-securities', '2017-2018-alt-season', 'tron20-ecosystem', 'world-liberty-financial-portfolio', 'binance-ecosystem', 'binance-listing', 'made-in-china']",,94724753672.8837,94724751039.12329,True,26555378532.62,,8,94667886298.43,26539436926.040157,,2026-02-15T17:43:00.000Z,0.2803425529368801,450864120.8850259,-11.5156,-0.0047369,-0.98702328,0.47752013,-8.93305185,0.22257603,-4.6246616,26555379270.973324,1.1233,26555378532.62,,2026-02-15T17:43:00.000Z,,,,,,2026-02-15 18:44:08.775291
8,74,Dogecoin,DOGE,dogecoin,1401,2013-12-15T00:00:00.000Z,"['mineable', 'pow', 'scrypt', 'medium-of-exchange', 'memes', 'payments', 'doggone-doggerel', 'doge-chain-ecosystem', 'osmosis-ecosystem', 'ftx-bankruptcy-estate', 'animal-memes', 'made-in-america', 'binance-ecosystem', 'binance-listing']",,168753073126.57907,168753073126.57907,True,17986240663.02,,9,,,,2026-02-15T17:42:00.000Z,0.10658318885561392,2910477639.330786,186.9931,-0.52404656,1.25607387,10.60292398,-21.98041242,-16.15423147,-32.18678045,17986240663.015404,0.7612,17986240663.02,,2026-02-15T17:42:00.000Z,,,,,,2026-02-15 18:44:08.775291
9,1831,Bitcoin Cash,BCH,bitcoin-cash,1137,2017-07-23T00:00:00.000Z,"['mineable', 'pow', 'sha-256', 'marketplace', 'medium-of-exchange', 'store-of-value', 'enterprise-solutions', 'payments', 'layer-1', '2017-2018-alt-season', 'made-in-america', 'binance-ecosystem', 'binance-listing']",21000000.0,19995225.0,19995225.0,False,11122461640.7,,10,,,,2026-02-15T17:42:00.000Z,556.2558881282127,311806705.34167063,-40.8942,-0.07854849,-1.43483446,5.62432615,-7.61795896,0.27271274,9.81552086,11122461640.698442,0.4707,11681373650.69,,2026-02-15T17:42:00.000Z,,,,,,2026-02-15 18:44:08.775291
10,2010,Cardano,ADA,cardano,1681,2017-10-01T00:00:00.000Z,"['dpos', 'pos', 'platform', 'research', 'smart-contracts', 'staking', 'cardano-ecosystem', 'cardano', 'layer-1', 'alleged-sec-securities', '2017-2018-alt-season', 'made-in-america', 'us-strategic-crypto-reserve', 'binance-ecosystem', 'binance-listing', 'iso-20022']",45000000000.0,36066145196.64397,44994539820.15453,False,12732963126.86,,11,37997904336.0,10752991735.048153,,2026-02-15T17:43:00.000Z,0.2829890732910906,680838141.5116303,62.575,0.02507922,-2.72116046,4.59106154,-26.58341109,-23.95505441,-40.19827784,10206325006.380194,0.4317,12734508298.1,,2026-02-15T17:43:00.000Z,,,,,,2026-02-15 18:44:08.775291
11,32196,Hyperliquid,HYPE,hyperliquid,238,2024-07-15T10:14:50.000Z,"['decentralized-exchange-dex-token', 'defi', 'derivatives', 'layer-1', 'hyperliquid-ecosystem', 'binance-ecosystem', 'binance-listing', 'perp-dex-coins']",961671487.86,259275367.18186274,958386538.1625681,False,29662355915.14,,12,333931719.0,10335288639.719437,,2026-02-15T17:43:00.000Z,30.950305262015064,211945878.2560366,2.9442,-0.19818192,-0.59170312,-3.94276624,23.91619427,20.77794442,-17.55261426,8024651761.199695,0.3395,29764026111.04,,2026-02-15T17:43:00.000Z,32196.0,Hyperliquid,HYPE,hyperliquid,0x0d01dc56dcaaca66ad901c959b4011ec,2026-02-15 18:44:08.775291
12,3957,UNUS SED LEO,LEO,unus-sed-leo,67,2019-05-21T00:00:00.000Z,"['marketplace', 'centralized-exchange', 'discount-token', 'payments', 'ethereum-ecosystem', 'kenetic-capital-portfolio', 'alameda-research-portfolio']",,921353012.9,985239504.0,False,8320506517.71,,13,,,,2026-02-15T17:43:00.000Z,8.445161287112779,1039318.13259828,81.7591,0.11226504,-2.6117591,2.22387939,-5.18484994,18.07940055,-7.7429951,7780974796.3078,0.3291,8320506517.71,,2026-02-15T17:43:00.000Z,1027.0,Ethereum,ETH,ethereum,0x2af5d2ad76741191d15dfe7bf6ac92d4bd912ca3,2026-02-15 18:44:08.775291
13,29470,Ethena USDe,USDe,ethena-usde,295,2024-02-20T11:05:01.000Z,"['stablecoin', 'asset-backed-stablecoin', 'binance-labs-portfolio', 'dragonfly-capital-portfolio', 'usd-stablecoin', 'eigenlayer-ecosystem', 'binance-ecosystem', 'binance-listing', 'xlayer-ecosystem', 'plasma-ecosystem']",,6304778696.791329,6304778696.791329,True,6297895393.29,,14,,,,2026-02-15T17:43:00.000Z,0.9989082402679634,55656007.32608619,-29.0595,-0.00146853,-0.00176939,0.01518546,-0.08555121,-0.0074895,0.03553492,6297895393.290771,0.2664,6297895393.29,,2026-02-15T17:43:00.000Z,1027.0,Ethereum,ETH,ethereum,0x4c9edd5852cd905f086c759e8383e09bff1e68b3,2026-02-15 18:44:08.775291
14,1975,Chainlink,LINK,chainlink,2212,2017-09-20T00:00:00.000Z,"['platform', 'cosmos-ecosystem', 'defi', 'privacy', 'interoperability', 'iot', 'oracles', 'smart-contracts', 'ethereum-ecosystem', 'tron-ecosystem', 'polkadot', 'tokenized-stock', 'polkadot-ecosystem', 'heco-ecosystem', 'avalanche-ecosystem', 'solana-ecosystem', 'framework-ventures-portfolio', 'hedera-hashgraph-ecosystem', 'polygon-ecosystem', 'fantom-ecosystem', 'cardano-ecosystem', 'terra-ecosystem', 'web3', 'near-protocol-ecosystem', 'arbitrum-ecosystem', 'celo-ecosystem', 'defi-2', 'cross-chain', 'cronos-ecosystem', 'cardano', 'injective-ecosystem', 'bnb-chain-ecosystem', 'oasis-ecosystem', 'moonbeam-ecosystem', 'xdc-ecosystem', 'metisdao-ecosystem', 'velas-ecosystem', 'doge-chain-ecosystem', 'aptos-ecosystem', 'sui-ecosystem', 'optimism-ecosystem', 'bitcoin-ecosystem', 'real-world-assets-protocols', 'zksync-era-ecosystem', 'kadena-ecosystem', 'base-ecosystem', 'linea-ecosystem', 'sei-ecosystem', 'toncoin-ecosystem', 'paal-ecosystem', 'blast-ecosystem', 'atomicals-ecosystem', 'move-vm', 'eigenlayer-ecosystem', 'hyperliquid-ecosystem', 'gnosis-chain-ecosystem', 'ronin-ecosystem', 'astar-ecosystem', 'core-ecosystem', 'starknet-ecosystem', 'mantle-ecosystem', 'opbnb-ecosystem', 'scroll-ecosystem', 'merlin-ecosystem', 'b²-network-ecosystem', 'mode-ecosystem', 'world-chain-mainnet-ecosystem', 'made-in-america', 'btcfi', 'world-liberty-financial-portfolio', 'corn-ecosystem', 'bonk-fun-ecosystem', 'sonic-ecosystem', 'binance-ecosystem', 'binance-listing', 'bittensor-ecosystem', 'tokenized-assets', 'xstocks-ecosystem', 'hyperevm-ecosystem', 'etherlink-ecosystem', 'bera-chain-ecosystem', 'abstract-chain-ecosystem', 'unichain-ecosystem', 'soneium-ecosystem', 'fraxtal-ecosystem', 'monad-ecosystem', 'hashkey-chain-ecosystem', 'wlfi-ecosystem', 'plasma-ecosystem', 'x402-ecosystem', 'iso-20022']",1000000000.0,708099970.4525867,1000000000.0,False,8827992310.35,,15,,,,2026-02-15T17:43:00.000Z,8.827992310347131,634690946.0059786,9.0684,-0.12176713,-2.78842121,0.16094661,-35.06989758,-28.59423104,-34.28413788,6251101094.112466,0.2644,8827992310.35,,2026-02-15T17:43:00.000Z,1027.0,Ethereum,ETH,ethereum,0x514910771af9ca656af840dff83e8264ecf986ca,2026-02-15 18:44:08.775291
0,1,Bitcoin,BTC,bitcoin,12561,2010-07-13T00:00:00.000Z,"['mineable', 'pow', 'sha-256', 'store-of-value', 'state-channel', 'coinbase-ventures-portfolio', 'three-arrows-capital-portfolio', 'polychain-capital-portfolio', 'binance-labs-portfolio', 'blockchain-capital-portfolio', 'boostvc-portfolio', 'cms-holdings-portfolio', 'dcg-portfolio', 'dragonfly-capital-portfolio', 'electric-capital-portfolio', 'fabric-ventures-portfolio', 'framework-ventures-portfolio', 'galaxy-digital-portfolio', 'huobi-capital-portfolio', 'alameda-research-portfolio', 'a16z-portfolio', '1confirmation-portfolio', 'winklevoss-capital-portfolio', 'usv-portfolio', 'placeholder-ventures-portfolio', 'pantera-capital-portfolio', 'multicoin-capital-portfolio', 'paradigm-portfolio', 'bitcoin-ecosystem', 'layer-1', 'ftx-bankruptcy-estate', '2017-2018-alt-season', 'us-strategic-crypto-reserve', 'binance-ecosystem', 'binance-listing']",21000000.0,19989887.0,19989887.0,False,1375813743931.53,,1,,,,2026-02-15T17:43:00.000Z,68825.48880499088,34941813193.23876,-6.0525,-0.19254901,-1.33210267,-2.72185348,-27.43665051,-20.41531149,-25.94077383,1375813743931.5327,58.1991,1445335264904.81,,2026-02-15T17:43:00.000Z,,,,,,2026-02-15 18:45:11.587021
1,1027,Ethereum,ETH,ethereum,11567,2015-08-07T00:00:00.000Z,"['pos', 'smart-contracts', 'ethereum-ecosystem', 'coinbase-ventures-portfolio', 'three-arrows-capital-portfolio', 'polychain-capital-portfolio', 'binance-labs-portfolio', 'blockchain-capital-portfolio', 'boostvc-portfolio', 'cms-holdings-portfolio', 'dcg-portfolio', 'dragonfly-capital-portfolio', 'electric-capital-portfolio', 'fabric-ventures-portfolio', 'framework-ventures-portfolio', 'hashkey-capital-portfolio', 'kenetic-capital-portfolio', 'huobi-capital-portfolio', 'alameda-research-portfolio', 'a16z-portfolio', '1confirmation-portfolio', 'winklevoss-capital-portfolio', 'usv-portfolio', 'placeholder-ventures-portfolio', 'pantera-capital-portfolio', 'multicoin-capital-portfolio', 'paradigm-portfolio', 'layer-1', 'ftx-bankruptcy-estate', 'sora-ecosystem', 'rsk-rbtc-ecosystem', 'world-liberty-financial-portfolio', 'us-strategic-crypto-reserve', 'binance-ecosystem', 'binance-listing', 'abstract-chain-ecosystem', 'unichain-ecosystem', 'soneium-ecosystem', 'sophon-ecosystem']",,120692457.89999667,120692457.89999667,True,239879957982.72,,2,,,,2026-02-15T17:43:00.000Z,1987.5306390849826,25026202703.480976,46.5544,-0.86645679,-4.50995326,-5.013762,-39.43325398,-30.29544364,-35.26936764,239879957982.71774,10.1473,239879957982.72,,2026-02-15T17:43:00.000Z,,,,,,2026-02-15 18:45:11.587021
2,825,Tether USDt,USDT,tether,171236,2015-02-25T00:00:00.000Z,"['stablecoin', 'asset-backed-stablecoin', 'usd-stablecoin', 'fiat-stablecoin', 'tron20-ecosystem', 'rsk-rbtc-ecosystem', 'venom-ecosystem', 'world-liberty-financial-portfolio', 'binance-ecosystem', 'binance-listing', 'peaq-ecosystem', 'apertum-ecosystem', 'etherlink-ecosystem', 'duckchain-ecosystem', 'onus-ecosystem', 'sophon-ecosystem', 'zedxion-smart-chain-ecosystem', 'xlayer-ecosystem']",,183755310128.52243,187964839850.83615,True,187888543794.37,,3,,,,2026-02-15T17:43:00.000Z,0.999594093999038,83830185280.14513,13.3035,0.00566369,-0.02221096,0.03365188,0.01036757,-0.00069968,0.02744859,183680722745.43262,7.77,187888543794.37,,2026-02-15T17:43:00.000Z,1027.0,Ethereum,ETH,ethereum,0xdac17f958d2ee523a2206206994597c13d831ec7,2026-02-15 18:45:11.587021
3,52,XRP,XRP,xrp,1798,2013-08-04T00:00:00.000Z,"['medium-of-exchange', 'enterprise-solutions', 'xrp-ecosystem', 'arrington-xrp-capital-portfolio', 'galaxy-digital-portfolio', 'a16z-portfolio', 'pantera-capital-portfolio', 'ftx-bankruptcy-estate', '2017-2018-alt-season', 'klaytn-ecosystem', 'made-in-america', 'us-strategic-crypto-reserve', 'binance-ecosystem', 'binance-listing', 'iso-20022']",100000000000.0,60917315351.0,99985721048.0,False,150850597691.3,,4,,,,2026-02-15T17:43:00.000Z,1.508721406518417,5688898554.689697,140.6153,-0.4923428,2.34518481,5.31328258,-26.35248373,-19.71841536,-30.4955161,91907257697.68668,3.8878,150872140651.84,,2026-02-15T17:43:00.000Z,,,,,,2026-02-15 18:45:11.587021
4,1839,BNB,BNB,bnb,3134,2017-07-25T00:00:00.000Z,"['marketplace', 'centralized-exchange', 'payments', 'smart-contracts', 'alameda-research-portfolio', 'multicoin-capital-portfolio', 'bnb-chain-ecosystem', 'layer-1', 'alleged-sec-securities', 'celsius-bankruptcy-estate', 'binance-ecosystem', 'binance-listing', 'etherlink-ecosystem', 'made-in-china']",136359281.79,136359281.27,136359281.27,False,84249729878.79,,5,,,,2026-02-15T17:44:00.000Z,617.8510849728617,1446000915.1013896,-3.9876,-0.13709047,-2.31656099,-3.29320808,-33.56964418,-26.91183649,-32.2589575,84249729878.78912,3.5639,84249730200.07,,2026-02-15T17:44:00.000Z,,,,,,2026-02-15 18:45:11.587021
5,3408,USDC,USDC,usd-coin,37476,2018-10-08T00:00:00.000Z,"['medium-of-exchange', 'stablecoin', 'asset-backed-stablecoin', 'stellar-ecosystem', 'coinbase-ventures-portfolio', 'usd-stablecoin', 'xdc-ecosystem', 'fiat-stablecoin', 'tron20-ecosystem', 'venom-ecosystem', 'made-in-america', 'world-liberty-financial-portfolio', 'sonic-ecosystem', 'binance-ecosystem', 'binance-listing', 'hyperevm-ecosystem', 'etherlink-ecosystem', 'unichain-ecosystem', 'vector-smart-chain-ecosystem', 'sophon-ecosystem', 'monad-ecosystem', 'xlayer-ecosystem']",,73575816878.80688,73575816878.80688,False,73575713634.08,,6,60901219650.23,60901134191.03886,,2026-02-15T17:43:00.000Z,0.9999985967573123,8230563794.759332,6.1394,-0.00527253,0.00038936,0.01255342,0.03154154,0.02195391,0.01711633,73575713634.07986,3.1124,73575713634.08,,2026-02-15T17:43:00.000Z,1027.0,Ethereum,ETH,ethereum,0xa0b86991c6218b36c1d19d4a2e9eb0ce3606eb48,2026-02-15 18:45:11.587021
6,5426,Solana,SOL,solana,1089,2020-04-10T00:00:00.000Z,"['pos', 'platform', 'solana-ecosystem', 'cms-holdings-portfolio', 'kenetic-capital-portfolio', 'alameda-research-portfolio', 'multicoin-capital-portfolio', 'okx-ventures-portfolio', 'layer-1', 'ftx-bankruptcy-estate', 'alleged-sec-securities', 'cmc-crypto-awards-2024', 'made-in-america', 'us-strategic-crypto-reserve', 'binance-ecosystem', 'binance-listing']",,568080062.8574195,620527020.128967,True,54138203735.79,,7,525236893.3,45824566886.89996,,2026-02-15T17:43:00.000Z,87.24552191867129,3797685747.4262776,23.7672,-0.10098675,-0.90975211,0.3657224,-38.86971863,-29.27010057,-34.20216631,49562441575.58716,2.0966,54138203735.79,,2026-02-15T17:43:00.000Z,,,,,,2026-02-15 18:45:11.587021
7,1958,TRON,TRX,tron,1299,2017-09-13T00:00:00.000Z,"['media', 'payments', 'tron-ecosystem', 'layer-1', 'dwf-labs-portfolio', 'alleged-sec-securities', '2017-2018-alt-season', 'tron20-ecosystem', 'world-liberty-financial-portfolio', 'binance-ecosystem', 'binance-listing', 'made-in-china']",,94724753672.8837,94724751039.12329,True,26555220839.26,,8,94667886298.43,26539279327.352314,,2026-02-15T17:44:00.000Z,0.28034088818345626,450878882.4368893,-11.4973,-0.0050772,-0.99191382,0.48177544,-8.93173341,0.20568295,-4.60928459,26555221577.615326,1.1233,26555220839.26,,2026-02-15T17:44:00.000Z,,,,,,2026-02-15 18:45:11.587021
8,74,Dogecoin,DOGE,dogecoin,1401,2013-12-15T00:00:00.000Z,"['mineable', 'pow', 'scrypt', 'medium-of-exchange', 'memes', 'payments', 'doggone-doggerel', 'doge-chain-ecosystem', 'osmosis-ecosystem', 'ftx-bankruptcy-estate', 'animal-memes', 'made-in-america', 'binance-ecosystem', 'binance-listing']",,168753073126.57907,168753073126.57907,True,17946646290.43,,9,,,,2026-02-15T17:43:00.000Z,0.10634855980944433,2912111977.0640397,186.9127,-0.71512901,0.96490465,10.3452047,-22.16022038,-16.31425176,-32.29036724,17946646290.429527,0.7592,17946646290.43,,2026-02-15T17:43:00.000Z,,,,,,2026-02-15 18:45:11.587021
9,1831,Bitcoin Cash,BCH,bitcoin-cash,1137,2017-07-23T00:00:00.000Z,"['mineable', 'pow', 'sha-256', 'marketplace', 'medium-of-exchange', 'store-of-value', 'enterprise-solutions', 'payments', 'layer-1', '2017-2018-alt-season', 'made-in-america', 'binance-ecosystem', 'binance-listing']",21000000.0,19995225.0,19995225.0,False,11117376800.97,,10,,,,2026-02-15T17:43:00.000Z,556.0015854271848,311774713.519278,-40.8794,-0.19259126,-1.49068327,5.57493147,-7.63871462,0.27456667,9.75327437,11117376800.97328,0.4703,11676033293.97,,2026-02-15T17:43:00.000Z,,,,,,2026-02-15 18:45:11.587021
10,2010,Cardano,ADA,cardano,1681,2017-10-01T00:00:00.000Z,"['dpos', 'pos', 'platform', 'research', 'smart-contracts', 'staking', 'cardano-ecosystem', 'cardano', 'layer-1', 'alleged-sec-securities', '2017-2018-alt-season', 'made-in-america', 'us-strategic-crypto-reserve', 'binance-ecosystem', 'binance-listing', 'iso-20022']",45000000000.0,36066145196.64397,44994539820.15453,False,12733035639.7,,11,37997904336.0,10753052972.159405,,2026-02-15T17:44:00.000Z,0.282990684882896,680871144.2460858,62.58,0.03997155,-2.72790262,4.60005415,-26.58861468,-23.93202657,-40.17019326,10206383130.284246,0.4317,12734580819.73,,2026-02-15T17:44:00.000Z,,,,,,2026-02-15 18:45:11.587021
11,32196,Hyperliquid,HYPE,hyperliquid,238,2024-07-15T10:14:50.000Z,"['decentralized-exchange-dex-token', 'defi', 'derivatives', 'layer-1', 'hyperliquid-ecosystem', 'binance-ecosystem', 'binance-listing', 'perp-dex-coins']",961671487.86,259275367.18186274,958386538.1625681,False,29662355915.14,,12,333931719.0,10335288639.719437,,2026-02-15T17:43:00.000Z,30.950305262015064,211945878.2560366,2.9442,-0.19818192,-0.59170312,-3.94276624,23.91619427,20.77794442,-17.55261426,8024651761.199695,0.3395,29764026111.04,,2026-02-15T17:43:00.000Z,32196.0,Hyperliquid,HYPE,hyperliquid,0x0d01dc56dcaaca66ad901c959b4011ec,2026-02-15 18:45:11.587021
12,3957,UNUS SED LEO,LEO,unus-sed-leo,67,2019-05-21T00:00:00.000Z,"['marketplace', 'centralized-exchange', 'discount-token', 'payments', 'ethereum-ecosystem', 'kenetic-capital-portfolio', 'alameda-research-portfolio']",,921353012.9,985239504.0,False,8320302731.78,,13,,,,2026-02-15T17:44:00.000Z,8.44495444813277,1039292.19250857,81.7538,0.11158498,-2.61438633,2.22098945,-5.18707189,18.03052325,-7.74655877,7780784224.590384,0.3291,8320302731.78,,2026-02-15T17:44:00.000Z,1027.0,Ethereum,ETH,ethereum,0x2af5d2ad76741191d15dfe7bf6ac92d4bd912ca3,2026-02-15 18:45:11.587021
13,29470,Ethena USDe,USDe,ethena-usde,295,2024-02-20T11:05:01.000Z,"['stablecoin', 'asset-backed-stablecoin', 'binance-labs-portfolio', 'dragonfly-capital-portfolio', 'usd-stablecoin', 'eigenlayer-ecosystem', 'binance-ecosystem', 'binance-listing', 'xlayer-ecosystem', 'plasma-ecosystem']",,6304778696.791329,6304778696.791329,True,6297895393.29,,14,,,,2026-02-15T17:43:00.000Z,0.9989082402679634,55656007.32608619,-29.0595,-0.00146853,-0.00176939,0.01518546,-0.08555121,-0.0074895,0.03553492,6297895393.290771,0.2664,6297895393.29,,2026-02-15T17:43:00.000Z,1027.0,Ethereum,ETH,ethereum,0x4c9edd5852cd905f086c759e8383e09bff1e68b3,2026-02-15 18:45:11.587021
14,1975,Chainlink,LINK,chainlink,2212,2017-09-20T00:00:00.000Z,"['platform', 'cosmos-ecosystem', 'defi', 'privacy', 'interoperability', 'iot', 'oracles', 'smart-contracts', 'ethereum-ecosystem', 'tron-ecosystem', 'polkadot', 'tokenized-stock', 'polkadot-ecosystem', 'heco-ecosystem', 'avalanche-ecosystem', 'solana-ecosystem', 'framework-ventures-portfolio', 'hedera-hashgraph-ecosystem', 'polygon-ecosystem', 'fantom-ecosystem', 'cardano-ecosystem', 'terra-ecosystem', 'web3', 'near-protocol-ecosystem', 'arbitrum-ecosystem', 'celo-ecosystem', 'defi-2', 'cross-chain', 'cronos-ecosystem', 'cardano', 'injective-ecosystem', 'bnb-chain-ecosystem', 'oasis-ecosystem', 'moonbeam-ecosystem', 'xdc-ecosystem', 'metisdao-ecosystem', 'velas-ecosystem', 'doge-chain-ecosystem', 'aptos-ecosystem', 'sui-ecosystem', 'optimism-ecosystem', 'bitcoin-ecosystem', 'real-world-assets-protocols', 'zksync-era-ecosystem', 'kadena-ecosystem', 'base-ecosystem', 'linea-ecosystem', 'sei-ecosystem', 'toncoin-ecosystem', 'paal-ecosystem', 'blast-ecosystem', 'atomicals-ecosystem', 'move-vm', 'eigenlayer-ecosystem', 'hyperliquid-ecosystem', 'gnosis-chain-ecosystem', 'ronin-ecosystem', 'astar-ecosystem', 'core-ecosystem', 'starknet-ecosystem', 'mantle-ecosystem', 'opbnb-ecosystem', 'scroll-ecosystem', 'merlin-ecosystem', 'b²-network-ecosystem', 'mode-ecosystem', 'world-chain-mainnet-ecosystem', 'made-in-america', 'btcfi', 'world-liberty-financial-portfolio', 'corn-ecosystem', 'bonk-fun-ecosystem', 'sonic-ecosystem', 'binance-ecosystem', 'binance-listing', 'bittensor-ecosystem', 'tokenized-assets', 'xstocks-ecosystem', 'hyperevm-ecosystem', 'etherlink-ecosystem', 'bera-chain-ecosystem', 'abstract-chain-ecosystem', 'unichain-ecosystem', 'soneium-ecosystem', 'fraxtal-ecosystem', 'monad-ecosystem', 'hashkey-chain-ecosystem', 'wlfi-ecosystem', 'plasma-ecosystem', 'x402-ecosystem', 'iso-20022']",1000000000.0,708099970.4525867,1000000000.0,False,8825024056.8,,15,,,,2026-02-15T17:44:00.000Z,8.82502405679585,634795716.0308995,9.0664,-0.14458756,-2.82293569,0.12942451,-35.10564811,-28.58270289,-34.28170173,6248999273.860508,0.2643,8825024056.8,,2026-02-15T17:44:00.000Z,1027.0,Ethereum,ETH,ethereum,0x514910771af9ca656af840dff83e8264ecf986ca,2026-02-15 18:45:11.587021
0,1,Bitcoin,BTC,bitcoin,12561,2010-07-13T00:00:00.000Z,"['mineable', 'pow', 'sha-256', 'store-of-value', 'state-channel', 'coinbase-ventures-portfolio', 'three-arrows-capital-portfolio', 'polychain-capital-portfolio', 'binance-labs-portfolio', 'blockchain-capital-portfolio', 'boostvc-portfolio', 'cms-holdings-portfolio', 'dcg-portfolio', 'dragonfly-capital-portfolio', 'electric-capital-portfolio', 'fabric-ventures-portfolio', 'framework-ventures-portfolio', 'galaxy-digital-portfolio', 'huobi-capital-portfolio', 'alameda-research-portfolio', 'a16z-portfolio', '1confirmation-portfolio', 'winklevoss-capital-portfolio', 'usv-portfolio', 'placeholder-ventures-portfolio', 'pantera-capital-portfolio', 'multicoin-capital-portfolio', 'paradigm-portfolio', 'bitcoin-ecosystem', 'layer-1', 'ftx-bankruptcy-estate', '2017-2018-alt-season', 'us-strategic-crypto-reserve', 'binance-ecosystem', 'binance-listing']",21000000.0,19989887.0,19989887.0,False,1375824316482.36,,1,,,,2026-02-15T17:44:00.000Z,68826.01769996797,35197632827.490166,-5.3764,-0.18140475,-1.34526494,-2.72840178,-27.44785814,-20.28427244,-25.82008379,1375824316482.3596,58.1995,1445346371699.33,,2026-02-15T17:44:00.000Z,,,,,,2026-02-15 18:46:13.742240
1,1027,Ethereum,ETH,ethereum,11567,2015-08-07T00:00:00.000Z,"['pos', 'smart-contracts', 'ethereum-ecosystem', 'coinbase-ventures-portfolio', 'three-arrows-capital-portfolio', 'polychain-capital-portfolio', 'binance-labs-portfolio', 'blockchain-capital-portfolio', 'boostvc-portfolio', 'cms-holdings-portfolio', 'dcg-portfolio', 'dragonfly-capital-portfolio', 'electric-capital-portfolio', 'fabric-ventures-portfolio', 'framework-ventures-portfolio', 'hashkey-capital-portfolio', 'kenetic-capital-portfolio', 'huobi-capital-portfolio', 'alameda-research-portfolio', 'a16z-portfolio', '1confirmation-portfolio', 'winklevoss-capital-portfolio', 'usv-portfolio', 'placeholder-ventures-portfolio', 'pantera-capital-portfolio', 'multicoin-capital-portfolio', 'paradigm-portfolio', 'layer-1', 'ftx-bankruptcy-estate', 'sora-ecosystem', 'rsk-rbtc-ecosystem', 'world-liberty-financial-portfolio', 'us-strategic-crypto-reserve', 'binance-ecosystem', 'binance-listing', 'abstract-chain-ecosystem', 'unichain-ecosystem', 'soneium-ecosystem', 'sophon-ecosystem']",,120692457.89999667,120692457.89999667,True,239951879932.89,,2,,,,2026-02-15T17:44:00.000Z,1988.1265499763772,25296087472.1705,48.1476,-0.80446069,-4.52240292,-4.99803538,-39.42843741,-30.17033147,-35.23076137,239951879932.88953,10.1503,239951879932.89,,2026-02-15T17:44:00.000Z,,,,,,2026-02-15 18:46:13.742240
2,825,Tether USDt,USDT,tether,171236,2015-02-25T00:00:00.000Z,"['stablecoin', 'asset-backed-stablecoin', 'usd-stablecoin', 'fiat-stablecoin', 'tron20-ecosystem', 'rsk-rbtc-ecosystem', 'venom-ecosystem', 'world-liberty-financial-portfolio', 'binance-ecosystem', 'binance-listing', 'peaq-ecosystem', 'apertum-ecosystem', 'etherlink-ecosystem', 'duckchain-ecosystem', 'onus-ecosystem', 'sophon-ecosystem', 'zedxion-smart-chain-ecosystem', 'xlayer-ecosystem']",,183755310128.52243,187964839850.83615,True,187890101954.26,,3,,,,2026-02-15T17:44:00.000Z,0.9996023836338899,83797473305.15852,13.288,0.00663604,-0.02629098,0.03444985,0.01417372,0.0014387,0.04897844,183682246009.85568,7.77,187890101954.26,,2026-02-15T17:44:00.000Z,1027.0,Ethereum,ETH,ethereum,0xdac17f958d2ee523a2206206994597c13d831ec7,2026-02-15 18:46:13.742240
3,52,XRP,XRP,xrp,1798,2013-08-04T00:00:00.000Z,"['medium-of-exchange', 'enterprise-solutions', 'xrp-ecosystem', 'arrington-xrp-capital-portfolio', 'galaxy-digital-portfolio', 'a16z-portfolio', 'pantera-capital-portfolio', 'ftx-bankruptcy-estate', '2017-2018-alt-season', 'klaytn-ecosystem', 'made-in-america', 'us-strategic-crypto-reserve', 'binance-ecosystem', 'binance-listing', 'iso-20022']",100000000000.0,60917315351.0,99985721048.0,False,150779986752.94,,4,,,,2026-02-15T17:44:00.000Z,1.5080151962954176,5689119782.426896,140.6495,-0.51420322,2.27931775,5.25543087,-26.39318557,-19.72514733,-30.51301598,91864237266.82812,3.886,150801519629.54,,2026-02-15T17:44:00.000Z,,,,,,2026-02-15 18:46:13.742240
4,1839,BNB,BNB,bnb,3134,2017-07-25T00:00:00.000Z,"['marketplace', 'centralized-exchange', 'payments', 'smart-contracts', 'alameda-research-portfolio', 'multicoin-capital-portfolio', 'bnb-chain-ecosystem', 'layer-1', 'alleged-sec-securities', 'celsius-bankruptcy-estate', 'binance-ecosystem', 'binance-listing', 'etherlink-ecosystem', 'made-in-china']",136359281.79,136359281.27,136359281.27,False,84246705127.61,,5,,,,2026-02-15T17:45:00.000Z,617.828902755779,1446025536.0104134,-3.9783,-0.14477943,-2.32281742,-3.29458285,-33.57939107,-26.83679335,-32.12394768,84246705127.61076,3.5638,84246705448.88,,2026-02-15T17:45:00.000Z,,,,,,2026-02-15 18:46:13.742240
5,3408,USDC,USDC,usd-coin,37476,2018-10-08T00:00:00.000Z,"['medium-of-exchange', 'stablecoin', 'asset-backed-stablecoin', 'stellar-ecosystem', 'coinbase-ventures-portfolio', 'usd-stablecoin', 'xdc-ecosystem', 'fiat-stablecoin', 'tron20-ecosystem', 'venom-ecosystem', 'made-in-america', 'world-liberty-financial-portfolio', 'sonic-ecosystem', 'binance-ecosystem', 'binance-listing', 'hyperevm-ecosystem', 'etherlink-ecosystem', 'unichain-ecosystem', 'vector-smart-chain-ecosystem', 'sophon-ecosystem', 'monad-ecosystem', 'xlayer-ecosystem']",,73575816878.80688,73575816878.80688,False,73578345269.84,,6,60901219650.23,60903312485.947296,,2026-02-15T17:44:00.000Z,1.0000343644302907,8229988429.37219,6.0654,0.00563246,0.00448794,0.01807908,0.03404285,0.05079349,0.0311005,73578345269.8371,3.1125,73578345269.84,,2026-02-15T17:44:00.000Z,1027.0,Ethereum,ETH,ethereum,0xa0b86991c6218b36c1d19d4a2e9eb0ce3606eb48,2026-02-15 18:46:13.742240
6,5426,Solana,SOL,solana,1089,2020-04-10T00:00:00.000Z,"['pos', 'platform', 'solana-ecosystem', 'cms-holdings-portfolio', 'kenetic-capital-portfolio', 'alameda-research-portfolio', 'multicoin-capital-portfolio', 'okx-ventures-portfolio', 'layer-1', 'ftx-bankruptcy-estate', 'alleged-sec-securities', 'cmc-crypto-awards-2024', 'made-in-america', 'us-strategic-crypto-reserve', 'binance-ecosystem', 'binance-listing']",,568080062.8574195,620527020.128967,True,54118781895.49,,7,525236893.3,45808127526.918,,2026-02-15T17:44:00.000Z,87.2142229749153,3798513339.2698326,23.7793,-0.12120082,-0.94889629,0.3226494,-38.89414476,-29.28369866,-34.218063,49544661269.65089,2.0958,54118781895.49,,2026-02-15T17:44:00.000Z,,,,,,2026-02-15 18:46:13.742240
7,1958,TRON,TRX,tron,1299,2017-09-13T00:00:00.000Z,"['media', 'payments', 'tron-ecosystem', 'layer-1', 'dwf-labs-portfolio', 'alleged-sec-securities', '2017-2018-alt-season', 'tron20-ecosystem', 'world-liberty-financial-portfolio', 'binance-ecosystem', 'binance-listing', 'made-in-china']",,94724753672.8837,94724751039.12329,True,26554733056.26,,8,94667886298.43,26538791837.174675,,2026-02-15T17:45:00.000Z,0.28033573870566925,451078833.1228294,-11.4443,-0.00675956,-1.00465135,0.48631984,-8.95104668,0.26532808,-4.49015514,26554733794.600407,1.1233,26554733056.26,,2026-02-15T17:45:00.000Z,,,,,,2026-02-15 18:46:13.742240
8,74,Dogecoin,DOGE,dogecoin,1401,2013-12-15T00:00:00.000Z,"['mineable', 'pow', 'scrypt', 'medium-of-exchange', 'memes', 'payments', 'doggone-doggerel', 'doge-chain-ecosystem', 'osmosis-ecosystem', 'ftx-bankruptcy-estate', 'animal-memes', 'made-in-america', 'binance-ecosystem', 'binance-listing']",,168753073126.57907,168753073126.57907,True,17944190549.72,,9,,,,2026-02-15T17:44:00.000Z,0.10633400753694791,2912584357.1771398,186.9667,-0.71431857,0.93790613,10.32485873,-22.17492513,-16.31614193,-32.25249025,17944190549.72478,0.7591,17944190549.72,,2026-02-15T17:44:00.000Z,,,,,,2026-02-15 18:46:13.742240
9,1831,Bitcoin Cash,BCH,bitcoin-cash,1137,2017-07-23T00:00:00.000Z,"['mineable', 'pow', 'sha-256', 'marketplace', 'medium-of-exchange', 'store-of-value', 'enterprise-solutions', 'payments', 'layer-1', '2017-2018-alt-season', 'made-in-america', 'binance-ecosystem', 'binance-listing']",21000000.0,19995225.0,19995225.0,False,11118361675.29,,10,,,,2026-02-15T17:44:00.000Z,556.0508409025381,311818170.99114823,-40.8637,-0.17958013,-1.48663278,5.58944998,-7.63333959,0.31259019,9.80459401,11118361675.285452,0.4703,11677067658.95,,2026-02-15T17:44:00.000Z,,,,,,2026-02-15 18:46:13.742240
10,2010,Cardano,ADA,cardano,1681,2017-10-01T00:00:00.000Z,"['dpos', 'pos', 'platform', 'research', 'smart-contracts', 'staking', 'cardano-ecosystem', 'cardano', 'layer-1', 'alleged-sec-securities', '2017-2018-alt-season', 'made-in-america', 'us-strategic-crypto-reserve', 'binance-ecosystem', 'binance-listing', 'iso-20022']",45000000000.0,36066145196.64397,44994539820.15453,False,12733143406.14,,11,37997904336.0,10753143980.956472,,2026-02-15T17:45:00.000Z,0.28299307998332746,680893348.4556698,62.536,0.03890793,-2.72912663,4.59025986,-26.70341885,-23.76882955,-39.88859219,10206469512.324167,0.4317,12734688599.25,,2026-02-15T17:45:00.000Z,,,,,,2026-02-15 18:46:13.742240
11,32196,Hyperliquid,HYPE,hyperliquid,238,2024-07-15T10:14:50.000Z,"['decentralized-exchange-dex-token', 'defi', 'derivatives', 'layer-1', 'hyperliquid-ecosystem', 'binance-ecosystem', 'binance-listing', 'perp-dex-coins']",961671487.86,259275367.18186274,958386538.1625681,False,29663399605.75,,12,333931719.0,10335652294.035646,,2026-02-15T17:45:00.000Z,30.951394270023346,211937496.8671387,2.9442,-0.21591328,-0.60714138,-3.74622056,23.84964254,21.51086182,-17.39357188,8024934114.150906,0.3395,29765073378.99,,2026-02-15T17:45:00.000Z,32196.0,Hyperliquid,HYPE,hyperliquid,0x0d01dc56dcaaca66ad901c959b4011ec,2026-02-15 18:46:13.742240
12,3957,UNUS SED LEO,LEO,unus-sed-leo,67,2019-05-21T00:00:00.000Z,"['marketplace', 'centralized-exchange', 'discount-token', 'payments', 'ethereum-ecosystem', 'kenetic-capital-portfolio', 'alameda-research-portfolio']",,921353012.9,985239504.0,False,8320293120.48,,13,,,,2026-02-15T17:45:00.000Z,8.444944692833971,1039306.91621488,81.7461,0.11008441,-2.61496741,2.19521124,-5.24729287,18.23633015,-7.74724344,7780775236.516444,0.3291,8320293120.48,,2026-02-15T17:45:00.000Z,1027.0,Ethereum,ETH,ethereum,0x2af5d2ad76741191d15dfe7bf6ac92d4bd912ca3,2026-02-15 18:46:13.742240
13,29470,Ethena USDe,USDe,ethena-usde,295,2024-02-20T11:05:01.000Z,"['stablecoin', 'asset-backed-stablecoin', 'binance-labs-portfolio', 'dragonfly-capital-portfolio', 'usd-stablecoin', 'eigenlayer-ecosystem', 'binance-ecosystem', 'binance-listing', 'xlayer-ecosystem', 'plasma-ecosystem']",,6304778696.791329,6304778696.791329,True,6297836106.74,,14,,,,2026-02-15T17:44:00.000Z,0.9988988368374319,56165232.09806179,-28.3534,-0.00303274,-0.00438954,0.01651418,-0.08350245,-0.01555463,0.034571,6297836106.742278,0.2664,6297836106.74,,2026-02-15T17:44:00.000Z,1027.0,Ethereum,ETH,ethereum,0x4c9edd5852cd905f086c759e8383e09bff1e68b3,2026-02-15 18:46:13.742240
14,1975,Chainlink,LINK,chainlink,2212,2017-09-20T00:00:00.000Z,"['platform', 'cosmos-ecosystem', 'defi', 'privacy', 'interoperability', 'iot', 'oracles', 'smart-contracts', 'ethereum-ecosystem', 'tron-ecosystem', 'polkadot', 'tokenized-stock', 'polkadot-ecosystem', 'heco-ecosystem', 'avalanche-ecosystem', 'solana-ecosystem', 'framework-ventures-portfolio', 'hedera-hashgraph-ecosystem', 'polygon-ecosystem', 'fantom-ecosystem', 'cardano-ecosystem', 'terra-ecosystem', 'web3', 'near-protocol-ecosystem', 'arbitrum-ecosystem', 'celo-ecosystem', 'defi-2', 'cross-chain', 'cronos-ecosystem', 'cardano', 'injective-ecosystem', 'bnb-chain-ecosystem', 'oasis-ecosystem', 'moonbeam-ecosystem', 'xdc-ecosystem', 'metisdao-ecosystem', 'velas-ecosystem', 'doge-chain-ecosystem', 'aptos-ecosystem', 'sui-ecosystem', 'optimism-ecosystem', 'bitcoin-ecosystem', 'real-world-assets-protocols', 'zksync-era-ecosystem', 'kadena-ecosystem', 'base-ecosystem', 'linea-ecosystem', 'sei-ecosystem', 'toncoin-ecosystem', 'paal-ecosystem', 'blast-ecosystem', 'atomicals-ecosystem', 'move-vm', 'eigenlayer-ecosystem', 'hyperliquid-ecosystem', 'gnosis-chain-ecosystem', 'ronin-ecosystem', 'astar-ecosystem', 'core-ecosystem', 'starknet-ecosystem', 'mantle-ecosystem', 'opbnb-ecosystem', 'scroll-ecosystem', 'merlin-ecosystem', 'b²-network-ecosystem', 'mode-ecosystem', 'world-chain-mainnet-ecosystem', 'made-in-america', 'btcfi', 'world-liberty-financial-portfolio', 'corn-ecosystem', 'bonk-fun-ecosystem', 'sonic-ecosystem', 'binance-ecosystem', 'binance-listing', 'bittensor-ecosystem', 'tokenized-assets', 'xstocks-ecosystem', 'hyperevm-ecosystem', 'etherlink-ecosystem', 'bera-chain-ecosystem', 'abstract-chain-ecosystem', 'unichain-ecosystem', 'soneium-ecosystem', 'fraxtal-ecosystem', 'monad-ecosystem', 'hashkey-chain-ecosystem', 'wlfi-ecosystem', 'plasma-ecosystem', 'x402-ecosystem', 'iso-20022']",1000000000.0,708099970.4525867,1000000000.0,False,8825738262.21,,15,,,,2026-02-15T17:45:00.000Z,8.8257382622134,634933923.0161432,9.1129,-0.14098737,-2.82205751,0.18403302,-35.17327786,-28.42991763,-34.05876074,6249505002.695573,0.2644,8825738262.21,,2026-02-15T17:45:00.000Z,1027.0,Ethereum,ETH,ethereum,0x514910771af9ca656af840dff83e8264ecf986ca,2026-02-15 18:46:13.742240
